Category,Company,$,Item,Case,OH (2023 left over),2024 Opening Order,OH (4/29),Thru,Order,OH (5/6),Thru,Order,OH (5/13),Thru,Order,OH (5/20),Thru,Order,OH (5/28),Thru,Order,OH (6/3),Thru,Order,OH (6/10),Thru,Order,OH (6/17),Thru,Order,OH (6/24),Thru,Order,OH (7/01),Thru ,Order,OH (7/8),Thru,Order,OH (7/15),Thru,Order,OH (7/22),Thru,Order,OH (7/29),Thru,Order,OH (8/5),THRU,Order,OH (8/12),THRU,Order,OH (8/19),THRU,Order,OH (8/26),THRU,Order,OH Bodega/Walk-In (9/3),OH AT BARS,On Hand Total,THRU ,Order,OH Bodega/Walk-In (9/9),OH AT BARS(9/9),On Hand Total,Actual THRU,Order,OH Bodega/Walk-In (9/16),OH AT BARS(9/16),On Hand Total,Actual THRU,Order,OH Bodega/Walk-In (9/23),OH AT BARS(9/23),On Hand Total,Actual THRU,Order,OH Bodega/Walk-In (10/1),OH AT BARS(10/1),On Hand Total,Actual THRU,Order,OH Bodega/Walk-In (10/7),OH AT BARS(10/7),On Hand Total,Actual THRU,Order,OH Bodega/Walk-In (10/14),OH AT BARS(10/14),MICHELLE TOOK TO CRAB,On Hand Total,Actual THRU
Rack,Southern,,Rack Vodka (absolut) $5.50 per bottle,6,Hidden,Hidden,Hidden,Hidden,Hidden,Hidden,Hidden,Hidden,Hidden,Hidden,Hidden,Hidden,Hidden,Hidden,Hidden,Hidden,Hidden,Hidden,Hidden,Hidden,Hidden,Hidden,Hidden,Hidden,Hidden,Hidden,Hidden,Hidden,Hidden,Hidden,Hidden,,Hidden,Hidden,Hidden,Hidden,Hidden,Hidden,Hidden,Hidden,Hidden,Hidden,Hidden,Hidden,Hidden,Hidden,,Hidden,Hidden,,Hidden,Hidden,Hidden,Hidden,Hidden,Hidden,Hidden,Hidden,Hidden,Hidden,,Hidden,Hidden,Hidden,Hidden,,Hidden,Hidden,Hidden,Hidden,,Hidden,Hidden,Hidden,Hidden,,Hidden,Hidden,Hidden,Hidden,,Hidden,Hidden,Hidden,Hidden,,Hidden,Hidden,,Hidden,Hidden
,Southern,,Rack Gin,12,Hidden,Hidden,Hidden,Hidden,Hidden,Hidden,Hidden,Hidden,Hidden,Hidden,,Hidden,Hidden,,Hidden,Hidden,Hidden,Hidden,Hidden,,Hidden,Hidden,,Hidden,Hidden,,Hidden,Hidden,Hidden,Hidden,Hidden,,Hidden,Hidden,,Hidden,Hidden,,Hidden,Hidden,,Hidden,Hidden,,Hidden,Hidden,,Hidden,Hidden,,Hidden,Hidden,,Hidden,Hidden,,Hidden,Hidden,Hidden,Hidden,,Hidden,Hidden,Hidden,Hidden,,Hidden,Hidden,Hidden,Hidden,,Hidden,Hidden,Hidden,Hidden,,Hidden,Hidden,Hidden,Hidden,,Hidden,Hidden,Hidden,Hidden,,Hidden,Hidden,,Hidden,Hidden
,Southern,,Rack Rum(castillo),12,Hidden,Hidden,Hidden,Hidden,Hidden,Hidden,Hidden,Hidden,Hidden,Hidden,,Hidden,Hidden,Hidden,Hidden,Hidden,Hidden,Hidden,Hidden,Hidden,Hidden,Hidden,Hidden,Hidden,Hidden,Hidden,Hidden,Hidden,Hidden,Hidden,Hidden,,Hidden,Hidden,Hidden,Hidden,Hidden,Hidden,Hidden,Hidden,Hidden,Hidden,Hidden,Hidden,Hidden,Hidden,,Hidden,Hidden,Hidden,Hidden,Hidden,Hidden,Hidden,Hidden,Hidden,Hidden,Hidden,Hidden,Hidden,,Hidden,Hidden,Hidden,Hidden,,Hidden,Hidden,Hidden,Hidden,,Hidden,Hidden,Hidden,Hidden,,Hidden,Hidden,Hidden,Hidden,,Hidden,Hidden,Hidden,Hidden,,Hidden,Hidden,,Hidden,Hidden
,Southern,,Rack Tequila,12,Hidden,,Hidden,Hidden,Hidden,Hidden,Hidden,,Hidden,Hidden,,Hidden,Hidden,,Hidden,Hidden,,,Hidden,,,Hidden,,,Hidden,,,Hidden,,,Hidden,,,Hidden,,,Hidden,,,Hidden,,,Hidden,,,Hidden,,,Hidden,,,Hidden,,,Hidden,,,,Hidden,Hidden,,,,Hidden,Hidden,,,,Hidden,Hidden,,,,Hidden,Hidden,,,,Hidden,Hidden,,,,Hidden,Hidden,,,,,Hidden,Hidden
,Southern,,Rack Tequila (Olmecca Altos),6,Hidden,Hidden,Hidden,Hidden,Hidden,Hidden,Hidden,,Hidden,Hidden,Hidden,Hidden,Hidden,Hidden,Hidden,Hidden,Hidden,Hidden,Hidden,Hidden,Hidden,Hidden,Hidden,Hidden,Hidden,Hidden,Hidden,Hidden,Hidden,Hidden,Hidden,,Hidden,Hidden,Hidden,Hidden,Hidden,Hidden,Hidden,Hidden,Hidden,Hidden,Hidden,Hidden,Hidden,Hidden,,Hidden,Hidden,Hidden,Hidden,Hidden,Hidden,Hidden,Hidden,Hidden,Hidden,Hidden,Hidden,Hidden,,Hidden,Hidden,Hidden,Hidden,,Hidden,Hidden,Hidden,Hidden,,Hidden,Hidden,Hidden,Hidden,,Hidden,Hidden,Hidden,Hidden,,Hidden,Hidden,Hidden,Hidden,,Hidden,Hidden,,Hidden,Hidden
,Southern,,Triple Sec,12,Hidden,Hidden,Hidden,Hidden,Hidden,Hidden,Hidden,Hidden,Hidden,Hidden,Hidden,Hidden,Hidden,,Hidden,Hidden,Hidden,Hidden,Hidden,Hidden,Hidden,Hidden,,Hidden,Hidden,Hidden,Hidden,Hidden,Hidden,Hidden,Hidden,,Hidden,Hidden,Hidden,Hidden,Hidden,Hidden,Hidden,Hidden,Hidden,Hidden,Hidden,Hidden,Hidden,Hidden,,Hidden,Hidden,Hidden,Hidden,Hidden,Hidden,Hidden,Hidden,Hidden,Hidden,Hidden,Hidden,Hidden,Hidden,Hidden,Hidden,Hidden,Hidden,,Hidden,Hidden,Hidden,Hidden,,Hidden,Hidden,Hidden,Hidden,,Hidden,Hidden,Hidden,Hidden,,Hidden,Hidden,Hidden,Hidden,,Hidden,Hidden,Hidden,Hidden,Hidden
,Southern,,Peach Schnapps,12,Hidden,Hidden,Hidden,Hidden,Hidden,Hidden,Hidden,,Hidden,Hidden,Hidden,Hidden,Hidden,Hidden,Hidden,Hidden,Hidden,Hidden,Hidden,Hidden,Hidden,Hidden,,Hidden,Hidden,,Hidden,Hidden,Hidden,Hidden,Hidden,,Hidden,Hidden,Hidden,Hidden,Hidden,,Hidden,Hidden,Hidden,Hidden,Hidden,Hidden,Hidden,Hidden,,Hidden,Hidden,Hidden,Hidden,Hidden,,Hidden,Hidden,Hidden,Hidden,Hidden,Hidden,Hidden,,Hidden,Hidden,Hidden,Hidden,,Hidden,Hidden,Hidden,Hidden,,Hidden,Hidden,Hidden,Hidden,,Hidden,Hidden,Hidden,Hidden,,Hidden,Hidden,Hidden,Hidden,,Hidden,Hidden,,Hidden,Hidden
,Southern,,Amaretto,12,Hidden,Hidden,Hidden,Hidden,Hidden,Hidden,Hidden,,Hidden,Hidden,,Hidden,Hidden,,Hidden,Hidden,,Hidden,Hidden,,Hidden,Hidden,,Hidden,Hidden,Hidden,Hidden,Hidden,Hidden,Hidden,Hidden,,Hidden,Hidden,,Hidden,Hidden,,Hidden,Hidden,,Hidden,Hidden,,Hidden,Hidden,,Hidden,Hidden,,Hidden,Hidden,,Hidden,Hidden,Hidden,Hidden,Hidden,Hidden,Hidden,Hidden,Hidden,Hidden,Hidden,Hidden,,Hidden,Hidden,Hidden,Hidden,,Hidden,Hidden,Hidden,Hidden,,Hidden,Hidden,Hidden,Hidden,,Hidden,Hidden,Hidden,Hidden,,Hidden,Hidden,,Hidden,Hidden
,Southern,,Blue Curacao,12,Hidden,Hidden,Hidden,Hidden,Hidden,Hidden,Hidden,,Hidden,Hidden,Hidden,Hidden,Hidden,Hidden,Hidden,Hidden,,Hidden,Hidden,,Hidden,Hidden,,Hidden,Hidden,,Hidden,Hidden,,Hidden,Hidden,,Hidden,Hidden,,Hidden,Hidden,Hidden,Hidden,Hidden,,Hidden,Hidden,,Hidden,Hidden,,Hidden,Hidden,,Hidden,Hidden,,Hidden,Hidden,,Hidden,,Hidden,Hidden,,Hidden,,Hidden,Hidden,,Hidden,,Hidden,Hidden,,Hidden,,Hidden,Hidden,,Hidden,,Hidden,Hidden,,Hidden,,Hidden,Hidden,,Hidden,Hidden,,Hidden,Hidden
,Southern,,Coffee Liqueur || Cafe Lolita,12,Hidden,Hidden,Hidden,Hidden,Hidden,Hidden,Hidden,,Hidden,Hidden,,Hidden,Hidden,,Hidden,Hidden,,Hidden,Hidden,,Hidden,Hidden,,Hidden,Hidden,,Hidden,Hidden,,Hidden,Hidden,,Hidden,Hidden,,Hidden,Hidden,,Hidden,Hidden,,Hidden,Hidden,,Hidden,Hidden,,Hidden,Hidden,,Hidden,Hidden,,Hidden,Hidden,,Hidden,,Hidden,Hidden,,Hidden,,Hidden,Hidden,,Hidden,,Hidden,Hidden,,Hidden,,Hidden,Hidden,,Hidden,,Hidden,Hidden,,Hidden,,Hidden,Hidden,,Hidden,Hidden,,Hidden,Hidden
,Southern,,Blackberry Liqueur,12,Hidden,Hidden,Hidden,Hidden,Hidden,Hidden,Hidden,,Hidden,Hidden,,Hidden,Hidden,,Hidden,Hidden,,Hidden,Hidden,,Hidden,Hidden,,Hidden,Hidden,,Hidden,Hidden,,Hidden,Hidden,,Hidden,Hidden,,Hidden,Hidden,,Hidden,Hidden,,Hidden,Hidden,,Hidden,Hidden,,Hidden,Hidden,,Hidden,Hidden,,Hidden,Hidden,,Hidden,,Hidden,Hidden,,Hidden,,Hidden,Hidden,,Hidden,,Hidden,Hidden,,Hidden,,Hidden,Hidden,,Hidden,,Hidden,Hidden,,Hidden,,Hidden,Hidden,,Hidden,Hidden,,Hidden,Hidden
,Southern,,Aperol,6,Hidden,Hidden,Hidden,Hidden,Hidden,Hidden,Hidden,,Hidden,Hidden,Hidden,Hidden,Hidden,,Hidden,Hidden,Hidden,Hidden,Hidden,,Hidden,Hidden,,Hidden,Hidden,,Hidden,Hidden,Hidden,Hidden,Hidden,,Hidden,Hidden,,Hidden,Hidden,,Hidden,Hidden,Hidden,Hidden,Hidden,,Hidden,Hidden,,Hidden,Hidden,,Hidden,Hidden,,Hidden,Hidden,,Hidden,,Hidden,Hidden,,Hidden,,Hidden,Hidden,,Hidden,,Hidden,Hidden,,Hidden,,Hidden,Hidden,,Hidden,,Hidden,Hidden,,Hidden,,Hidden,Hidden,,Hidden,Hidden,,Hidden,Hidden
,Union,,Creme de Menthe,,Hidden,Hidden,Hidden,Hidden,Hidden,,Hidden,,,Hidden,,,Hidden,,,Hidden,,,Hidden,,,Hidden,,,Hidden,,,Hidden,,,Hidden,,,Hidden,,,Hidden,,,Hidden,,,Hidden,,,Hidden,,,Hidden,,,Hidden,,,Hidden,,,,Hidden,Hidden,,,,Hidden,Hidden,,,,Hidden,Hidden,,,,Hidden,Hidden,,,,Hidden,Hidden,,,,Hidden,Hidden,,,,,Hidden,Hidden
,Union,,Creme de Banana Liqueur,12,Hidden,Hidden,Hidden,Hidden,Hidden,,Hidden,,,Hidden,,,Hidden,,,Hidden,,,Hidden,,,Hidden,,,Hidden,,,Hidden,,,Hidden,,,Hidden,,,Hidden,,,Hidden,,,Hidden,,,Hidden,,,Hidden,,,Hidden,,,Hidden,,,,Hidden,Hidden,,,,Hidden,Hidden,,,,Hidden,Hidden,,,,Hidden,Hidden,,,,Hidden,Hidden,,,,Hidden,Hidden,,,,,Hidden,Hidden
,Union,,Sour Melon Liqueur,,Hidden,Hidden,Hidden,Hidden,Hidden,,Hidden,,,Hidden,,,Hidden,,,Hidden,,,Hidden,,,Hidden,,,Hidden,,,Hidden,,,Hidden,,,Hidden,,,Hidden,,,Hidden,,,Hidden,,,Hidden,,,Hidden,,,Hidden,,,Hidden,,,,Hidden,Hidden,,,,Hidden,Hidden,,,,Hidden,Hidden,,,,Hidden,Hidden,,,,Hidden,Hidden,,,,Hidden,Hidden,,,,,Hidden,Hidden
,Union,,Watermelon Liquer,,Hidden,Hidden,Hidden,Hidden,Hidden,,Hidden,,,Hidden,,,Hidden,,,Hidden,,,Hidden,,,Hidden,,,Hidden,,,Hidden,,,Hidden,,,Hidden,,,Hidden,,,Hidden,,,Hidden,,,Hidden,,,Hidden,,,Hidden,,,Hidden,,,,Hidden,Hidden,,,,Hidden,Hidden,,,,Hidden,Hidden,,,,Hidden,Hidden,,,,Hidden,Hidden,,,,Hidden,Hidden,,,,,Hidden,Hidden
,,,,,,,,,,,,,,,,,,,,,,,,,,,,,Hidden,,,,,,,,,,,,,,,,,,,,,,,,,,,,,,,,,,Hidden,Hidden,,,,Hidden,Hidden,,,,Hidden,Hidden,,,,Hidden,Hidden,,,,Hidden,Hidden,,,,Hidden,Hidden,,,,,Hidden,Hidden
Vodka,Southern,14,Grey Goose,6,Hidden,Hidden,Hidden,Hidden,Hidden,Hidden,Hidden,,Hidden,Hidden,Hidden,Hidden,Hidden,Hidden,Hidden,Hidden,,Hidden,Hidden,,Hidden,Hidden,,Hidden,Hidden,Hidden,Hidden,Hidden,Hidden,Hidden,Hidden,,Hidden,Hidden,Hidden,Hidden,Hidden,Hidden,Hidden,Hidden,Hidden,Hidden,Hidden,,Hidden,Hidden,,Hidden,Hidden,Hidden,Hidden,Hidden,Hidden,Hidden,Hidden,Hidden,Hidden,Hidden,Hidden,Hidden,,Hidden,Hidden,Hidden,Hidden,,Hidden,Hidden,Hidden,Hidden,,Hidden,Hidden,Hidden,Hidden,,Hidden,Hidden,Hidden,Hidden,,Hidden,Hidden,Hidden,Hidden,,Hidden,Hidden,,Hidden,Hidden
,Southern,14,Ketel One,12,Hidden,Hidden,Hidden,Hidden,Hidden,Hidden,Hidden,,Hidden,Hidden,Hidden,Hidden,Hidden,Hidden,Hidden,Hidden,,Hidden,Hidden,,Hidden,Hidden,,Hidden,Hidden,,Hidden,Hidden,,Hidden,Hidden,,Hidden,Hidden,,Hidden,Hidden,Hidden,Hidden,Hidden,,Hidden,Hidden,,Hidden,Hidden,,Hidden,Hidden,Hidden,Hidden,Hidden,Hidden,Hidden,Hidden,Hidden,Hidden,Hidden,Hidden,Hidden,,Hidden,Hidden,Hidden,Hidden,,Hidden,Hidden,Hidden,Hidden,,Hidden,Hidden,Hidden,Hidden,,Hidden,Hidden,Hidden,Hidden,,Hidden,Hidden,Hidden,Hidden,,Hidden,Hidden,Hidden,Hidden,Hidden
,Southern,14,Titos,12,Hidden,Hidden,Hidden,Hidden,Hidden,Hidden,Hidden,,Hidden,Hidden,Hidden,Hidden,Hidden,Hidden,Hidden,Hidden,Hidden,Hidden,Hidden,Hidden,Hidden,Hidden,Hidden,Hidden,Hidden,Hidden,Hidden,Hidden,Hidden,Hidden,Hidden,,Hidden,Hidden,Hidden,Hidden,Hidden,Hidden,Hidden,Hidden,Hidden,Hidden,Hidden,Hidden,Hidden,Hidden,,Hidden,Hidden,Hidden,Hidden,Hidden,Hidden,Hidden,Hidden,Hidden,Hidden,Hidden,Hidden,Hidden,,Hidden,Hidden,Hidden,Hidden,,Hidden,Hidden,Hidden,Hidden,Hidden,Hidden,Hidden,Hidden,Hidden,,Hidden,Hidden,Hidden,Hidden,,Hidden,Hidden,Hidden,Hidden,,Hidden,Hidden,,Hidden,Hidden
,Empire,,Stoli,12,Hidden,Hidden,Hidden,Hidden,Hidden,,Hidden,,,Hidden,,,Hidden,,,Hidden,,,Hidden,,,Hidden,,,Hidden,,,Hidden,,,Hidden,,,Hidden,,,Hidden,,,Hidden,,,Hidden,,,Hidden,,,Hidden,,,Hidden,,,Hidden,,,,Hidden,Hidden,,,,Hidden,Hidden,,,,Hidden,Hidden,,,,Hidden,Hidden,,,,Hidden,Hidden,,,,Hidden,Hidden,,,,,Hidden,Hidden
,Empire,14,Stoli Blueberry,12,Hidden,Hidden,Hidden,Hidden,Hidden,Hidden,Hidden,Hidden,Hidden,Hidden,Hidden,Hidden,Hidden,,Hidden,Hidden,Hidden,Hidden,Hidden,Hidden,Hidden,Hidden,Hidden,Hidden,Hidden,Hidden,Hidden,Hidden,Hidden,Hidden,Hidden,,Hidden,Hidden,Hidden,Hidden,Hidden,Hidden,Hidden,Hidden,,Hidden,Hidden,,Hidden,Hidden,,Hidden,Hidden,Hidden,Hidden,Hidden,Hidden,Hidden,Hidden,Hidden,Hidden,Hidden,Hidden,Hidden,,Hidden,Hidden,Hidden,Hidden,,Hidden,Hidden,Hidden,Hidden,,Hidden,Hidden,Hidden,Hidden,,Hidden,Hidden,Hidden,Hidden,,Hidden,Hidden,Hidden,Hidden,,Hidden,Hidden,,Hidden,Hidden
,Empire,14,Stoli Raspberry,12,Hidden,Hidden,Hidden,Hidden,Hidden,Hidden,Hidden,,Hidden,Hidden,Hidden,Hidden,Hidden,,Hidden,Hidden,Hidden,Hidden,Hidden,,Hidden,Hidden,Hidden,Hidden,Hidden,Hidden,Hidden,Hidden,Hidden,Hidden,Hidden,Hidden,Hidden,Hidden,Hidden,Hidden,Hidden,Hidden,Hidden,Hidden,,Hidden,Hidden,,Hidden,Hidden,,Hidden,Hidden,,Hidden,Hidden,Hidden,Hidden,Hidden,,Hidden,Hidden,Hidden,Hidden,,Hidden,Hidden,Hidden,Hidden,,Hidden,Hidden,Hidden,Hidden,,Hidden,Hidden,Hidden,Hidden,,Hidden,Hidden,Hidden,Hidden,,Hidden,Hidden,Hidden,Hidden,,Hidden,Hidden,Hidden,Hidden,Hidden
,Empire,14,Stoli Orange,12,Hidden,Hidden,Hidden,Hidden,Hidden,Hidden,Hidden,Hidden,Hidden,Hidden,Hidden,Hidden,Hidden,,Hidden,Hidden,Hidden,Hidden,Hidden,,Hidden,Hidden,,Hidden,Hidden,Hidden,Hidden,Hidden,Hidden,Hidden,Hidden,,Hidden,Hidden,Hidden,Hidden,Hidden,,Hidden,Hidden,,Hidden,Hidden,,Hidden,Hidden,,Hidden,Hidden,,Hidden,Hidden,,Hidden,Hidden,,Hidden,Hidden,Hidden,Hidden,,Hidden,Hidden,Hidden,Hidden,,Hidden,Hidden,Hidden,Hidden,,Hidden,Hidden,Hidden,Hidden,,Hidden,Hidden,Hidden,Hidden,,Hidden,Hidden,Hidden,Hidden,,Hidden,Hidden,,Hidden,Hidden
,Empire,,Stoli Peach,12,Hidden,Hidden,Hidden,Hidden,Hidden,,Hidden,,,Hidden,,,Hidden,,,Hidden,,,Hidden,,,Hidden,,,Hidden,,,Hidden,,,Hidden,,,Hidden,,,Hidden,,,Hidden,,,Hidden,,,Hidden,,,Hidden,,,Hidden,,,Hidden,,,,Hidden,Hidden,,,,Hidden,Hidden,,,,Hidden,Hidden,,,,Hidden,Hidden,,,,Hidden,Hidden,,,,Hidden,Hidden,,,,,Hidden,Hidden
,Southern,12,Absolute Citron,12,Hidden,Hidden,Hidden,Hidden,Hidden,Hidden,Hidden,,Hidden,Hidden,Hidden,Hidden,Hidden,,Hidden,Hidden,Hidden,Hidden,Hidden,Hidden,Hidden,Hidden,,Hidden,Hidden,,Hidden,Hidden,,Hidden,Hidden,,Hidden,Hidden,,Hidden,Hidden,,Hidden,Hidden,Hidden,Hidden,Hidden,,Hidden,Hidden,,Hidden,Hidden,,Hidden,Hidden,,Hidden,Hidden,,Hidden,Hidden,Hidden,Hidden,,Hidden,Hidden,Hidden,Hidden,,Hidden,Hidden,Hidden,Hidden,,Hidden,Hidden,Hidden,Hidden,,Hidden,Hidden,Hidden,Hidden,,Hidden,Hidden,Hidden,Hidden,,Hidden,Hidden,,Hidden,Hidden
,Southern,12,Absolute Vanilla,12,Hidden,Hidden,Hidden,Hidden,Hidden,Hidden,Hidden,,Hidden,Hidden,,Hidden,Hidden,,Hidden,Hidden,,Hidden,Hidden,,Hidden,Hidden,,Hidden,Hidden,,Hidden,Hidden,,Hidden,Hidden,,Hidden,Hidden,,Hidden,Hidden,,Hidden,Hidden,,Hidden,Hidden,,Hidden,Hidden,,Hidden,Hidden,,Hidden,Hidden,,Hidden,Hidden,,Hidden,,Hidden,Hidden,,Hidden,,Hidden,Hidden,,Hidden,,Hidden,Hidden,,Hidden,,Hidden,Hidden,,Hidden,,Hidden,Hidden,,Hidden,,Hidden,Hidden,,Hidden,,Hidden,Hidden,Hidden
,Southern,,Absolut Pear,12,Hidden,Hidden,Hidden,Hidden,Hidden,,Hidden,,,Hidden,,,Hidden,,,Hidden,,,Hidden,,,Hidden,,,Hidden,,,Hidden,,,Hidden,,,Hidden,,,Hidden,,,Hidden,,,Hidden,,,Hidden,,,Hidden,,,Hidden,,,Hidden,,,,Hidden,Hidden,,,,Hidden,Hidden,,,,Hidden,Hidden,,,,Hidden,Hidden,,,,Hidden,Hidden,,,,Hidden,Hidden,,,,,Hidden,Hidden
,Southern,12,Absolut(RACK VODKA),6,Hidden,Hidden,Hidden,Hidden,Hidden,Hidden,Hidden,,Hidden,Hidden,Hidden,Hidden,Hidden,Hidden,Hidden,Hidden,Hidden,Hidden,Hidden,,,Hidden,,,Hidden,,,Hidden,,,Hidden,,,Hidden,,,Hidden,,,Hidden,,,Hidden,,,Hidden,,,Hidden,,,Hidden,,,Hidden,,,,Hidden,Hidden,,,,Hidden,Hidden,,,,Hidden,Hidden,,,,Hidden,Hidden,,,,Hidden,Hidden,,,,Hidden,Hidden,,,,,Hidden,Hidden
,Southern,12,Absolut Mango,12,Hidden,Hidden,Hidden,Hidden,Hidden,Hidden,Hidden,,Hidden,Hidden,Hidden,Hidden,Hidden,,Hidden,Hidden,Hidden,Hidden,Hidden,,Hidden,Hidden,,Hidden,Hidden,,Hidden,Hidden,,Hidden,Hidden,,Hidden,Hidden,,Hidden,Hidden,Hidden,Hidden,Hidden,,Hidden,Hidden,,Hidden,Hidden,,Hidden,Hidden,,Hidden,Hidden,,Hidden,Hidden,,Hidden,,Hidden,Hidden,,Hidden,Hidden,Hidden,Hidden,,Hidden,Hidden,Hidden,Hidden,,Hidden,Hidden,Hidden,Hidden,,Hidden,Hidden,Hidden,Hidden,,Hidden,Hidden,Hidden,Hidden,,Hidden,Hidden,,Hidden,Hidden
,Southern,12,Absolut Peach,12,Hidden,Hidden,Hidden,Hidden,Hidden,,Hidden,,,Hidden,,,Hidden,,,Hidden,,,Hidden,,,Hidden,,,Hidden,,,Hidden,,,Hidden,,,Hidden,,,Hidden,,Hidden,Hidden,,,Hidden,,,Hidden,,,Hidden,,Hidden,Hidden,,Hidden,Hidden,,Hidden,,Hidden,Hidden,,Hidden,,Hidden,Hidden,,Hidden,,Hidden,Hidden,,Hidden,,Hidden,Hidden,,,,Hidden,Hidden,,,,Hidden,Hidden,,Hidden,,,Hidden,Hidden
,Southern,,Absolute Watermelon,6,Hidden,Hidden,Hidden,Hidden,,,Hidden,,,Hidden,,,Hidden,,,Hidden,,,Hidden,,,Hidden,,,Hidden,,,Hidden,,,Hidden,,,Hidden,,,Hidden,,,Hidden,,,Hidden,,,Hidden,,,Hidden,,,Hidden,,,Hidden,,,,Hidden,Hidden,,,,Hidden,Hidden,,,,Hidden,Hidden,,,,Hidden,Hidden,,,,Hidden,Hidden,,,,Hidden,Hidden,,,,,Hidden,Hidden
,Southern,,Svedka Cherry Lime Aid,12,Hidden,Hidden,Hidden,Hidden,,,Hidden,,,Hidden,,,Hidden,,,Hidden,,,Hidden,,,Hidden,,,Hidden,,,Hidden,,,Hidden,,,Hidden,,,Hidden,,,Hidden,,,Hidden,,,Hidden,,,Hidden,,,Hidden,,,Hidden,,,,Hidden,Hidden,,,,Hidden,Hidden,,,,Hidden,Hidden,,,,Hidden,Hidden,,,,Hidden,Hidden,,,,Hidden,Hidden,,,,,Hidden,Hidden
,Southern,14,Ketel One Cucumber & Mint,12,Hidden,Hidden,Hidden,Hidden,Hidden,Hidden,Hidden,,Hidden,Hidden,Hidden,Hidden,Hidden,,Hidden,Hidden,Hidden,Hidden,Hidden,,Hidden,Hidden,,Hidden,Hidden,,Hidden,Hidden,Hidden,Hidden,Hidden,Hidden,Hidden,Hidden,,Hidden,Hidden,,Hidden,Hidden,,Hidden,Hidden,,Hidden,Hidden,,Hidden,Hidden,,Hidden,Hidden,,Hidden,Hidden,Hidden,Hidden,,Hidden,Hidden,Hidden,Hidden,,Hidden,Hidden,,Hidden,,Hidden,Hidden,,Hidden,,Hidden,Hidden,,Hidden,,Hidden,Hidden,,Hidden,,Hidden,Hidden,,Hidden,,,Hidden,Hidden
,Southern,,Ketel One Grapefruit & Rosé,12,Hidden,Hidden,Hidden,Hidden,,,Hidden,,,Hidden,,,Hidden,,,Hidden,,,Hidden,,,Hidden,,,Hidden,,,Hidden,,,Hidden,,,Hidden,,,Hidden,,,Hidden,,,Hidden,,,Hidden,,,Hidden,,,Hidden,,,Hidden,,,,Hidden,Hidden,,,,Hidden,Hidden,,,,Hidden,Hidden,,,,Hidden,Hidden,,,,Hidden,Hidden,,,,Hidden,Hidden,,,,,Hidden,Hidden
,Southern,,Ketel One Peach & Orange Botanical,12,Hidden,Hidden,Hidden,Hidden,,,Hidden,,,Hidden,,,Hidden,,,Hidden,,,Hidden,,,Hidden,,,Hidden,,,Hidden,,,Hidden,,,Hidden,,,Hidden,,,Hidden,,,Hidden,,,Hidden,,,Hidden,,,Hidden,,,Hidden,,,,Hidden,Hidden,,,,Hidden,Hidden,,,,Hidden,Hidden,,,,Hidden,Hidden,,,,Hidden,Hidden,,,,Hidden,Hidden,,,,,Hidden,Hidden
,Southern,,Ketel One Orange,,Hidden,Hidden,Hidden,Hidden,,,Hidden,,,Hidden,,,Hidden,,,Hidden,,,Hidden,,,Hidden,,,Hidden,,,Hidden,,,Hidden,,,Hidden,,,Hidden,,,Hidden,,,Hidden,,,Hidden,,,Hidden,,,Hidden,,,Hidden,,,,Hidden,Hidden,,,,Hidden,Hidden,,,,Hidden,Hidden,,,,Hidden,Hidden,,,,Hidden,Hidden,,,,Hidden,Hidden,,,,,Hidden,Hidden
,Empire,12,Deep Eddy Sweet Tea,12,Hidden,Hidden,Hidden,Hidden,Hidden,Hidden,Hidden,,Hidden,Hidden,,Hidden,Hidden,,Hidden,Hidden,Hidden,Hidden,Hidden,,Hidden,Hidden,,Hidden,Hidden,,Hidden,Hidden,,Hidden,Hidden,,Hidden,Hidden,,Hidden,Hidden,,Hidden,Hidden,,Hidden,Hidden,,Hidden,Hidden,,Hidden,Hidden,,Hidden,Hidden,,Hidden,Hidden,,Hidden,,Hidden,Hidden,,Hidden,Hidden,Hidden,Hidden,,Hidden,,Hidden,Hidden,,Hidden,,Hidden,Hidden,,Hidden,,Hidden,Hidden,,Hidden,,Hidden,Hidden,,Hidden,,,Hidden,Hidden
,Empire,,Deep Eddy Peach,12,Hidden,Hidden,Hidden,Hidden,,,Hidden,,,Hidden,,,Hidden,,,Hidden,,,Hidden,,,Hidden,,,Hidden,,,Hidden,,,Hidden,,,Hidden,,,Hidden,,,Hidden,,,Hidden,,,Hidden,,,Hidden,,,Hidden,,,Hidden,,,,Hidden,Hidden,,,,Hidden,Hidden,,,,Hidden,Hidden,,,,Hidden,Hidden,,,,Hidden,Hidden,,,,Hidden,Hidden,,,,,Hidden,Hidden
,Empire,,Deep Eddy Lemon,12,Hidden,Hidden,Hidden,Hidden,,,Hidden,,,Hidden,,,Hidden,,,Hidden,,,Hidden,,,Hidden,,,Hidden,,,Hidden,,,Hidden,,,Hidden,,,Hidden,,,Hidden,,,Hidden,,,Hidden,,,Hidden,,,Hidden,,,Hidden,,,,Hidden,Hidden,,,,Hidden,Hidden,,,,Hidden,Hidden,,,,Hidden,Hidden,,,,Hidden,Hidden,,,,Hidden,Hidden,,,,,Hidden,Hidden
,Empire,,Deep Eddy Orange,12,Hidden,Hidden,Hidden,Hidden,,,Hidden,,,Hidden,,,Hidden,,,Hidden,,,Hidden,,,Hidden,,,Hidden,,,Hidden,,,Hidden,,,Hidden,,,Hidden,,,Hidden,,,Hidden,,,Hidden,,,Hidden,,,Hidden,,,Hidden,,,,Hidden,Hidden,,,,Hidden,Hidden,,,,Hidden,Hidden,,,,Hidden,Hidden,,,,Hidden,Hidden,,,,Hidden,Hidden,,,,,Hidden,Hidden
,Empire,,Deep Eddy Lime,12,Hidden,Hidden,Hidden,Hidden,,,Hidden,,,Hidden,,,Hidden,,,Hidden,,,Hidden,,,Hidden,,,Hidden,,,Hidden,,,Hidden,,,Hidden,,,Hidden,,,Hidden,,,Hidden,,,Hidden,,,Hidden,,,Hidden,,,Hidden,,,,Hidden,Hidden,,,,Hidden,Hidden,,,,Hidden,Hidden,,,,Hidden,Hidden,,,,Hidden,Hidden,,,,Hidden,Hidden,,,,,Hidden,Hidden
,Empire,,Three Olives - For Kenny (Island View),6,Hidden,Hidden,Hidden,Hidden,,,Hidden,,,Hidden,,,Hidden,,,Hidden,,,Hidden,,,Hidden,,,Hidden,,,Hidden,,,Hidden,,,Hidden,,,Hidden,,,Hidden,,,Hidden,,,Hidden,,,Hidden,,,Hidden,,,Hidden,,,,Hidden,Hidden,,,,Hidden,Hidden,,,,Hidden,Hidden,,,,Hidden,Hidden,,,,Hidden,Hidden,,,,Hidden,Hidden,,,,,Hidden,Hidden
,Empire,,Pink Whitney,12,Hidden,Hidden,Hidden,Hidden,,,Hidden,,,Hidden,,,Hidden,,,Hidden,,,Hidden,,,Hidden,,,Hidden,,,Hidden,,,Hidden,,,Hidden,,,Hidden,,,Hidden,,,Hidden,,,Hidden,,,Hidden,,,Hidden,,,Hidden,,,,Hidden,Hidden,,,,Hidden,Hidden,,,,Hidden,Hidden,,,,Hidden,Hidden,,,,Hidden,Hidden,,,,Hidden,Hidden,,,,,Hidden,Hidden
,Empire,**********,New Amsterdam Passionfruit ,12,,,,,,,,,,,,,,,,,,,,,Hidden,,Hidden,Hidden,Hidden,,Hidden,Hidden,,Hidden,Hidden,,Hidden,Hidden,Hidden,Hidden,Hidden,,Hidden,Hidden,,Hidden,Hidden,,Hidden,Hidden,,Hidden,Hidden,,Hidden,Hidden,,Hidden,Hidden,,Hidden,,Hidden,Hidden,,Hidden,,Hidden,Hidden,,Hidden,,Hidden,Hidden,,Hidden,,Hidden,Hidden,,Hidden,,Hidden,Hidden,,Hidden,,Hidden,Hidden,,Hidden,,,Hidden,Hidden
,,,,,,,,,,,,,,,,,,,,,,,,,,,,,Hidden,,,,,,,,,,,,,,,,,,,,,,,,,,,,,,,,,,Hidden,Hidden,,,,Hidden,Hidden,,,,Hidden,Hidden,,,,Hidden,Hidden,,,,Hidden,Hidden,,,,Hidden,Hidden,,,,,Hidden,Hidden
Gin,Southern,14,Beefeater,12,Hidden,Hidden,Hidden,Hidden,Hidden,Hidden,Hidden,,Hidden,Hidden,,Hidden,Hidden,Hidden,Hidden,Hidden,,Hidden,Hidden,,Hidden,Hidden,,Hidden,Hidden,,Hidden,Hidden,,Hidden,Hidden,,Hidden,Hidden,,Hidden,Hidden,,Hidden,Hidden,,Hidden,Hidden,,Hidden,Hidden,,Hidden,Hidden,,Hidden,Hidden,,Hidden,Hidden,,Hidden,,Hidden,Hidden,,Hidden,,Hidden,Hidden,,Hidden,,Hidden,Hidden,,Hidden,,Hidden,Hidden,,Hidden,,Hidden,Hidden,,Hidden,,Hidden,Hidden,,Hidden,,,Hidden,Hidden
,Southern,14,Bombay Sapphire,12,Hidden,Hidden,Hidden,Hidden,Hidden,Hidden,Hidden,,Hidden,Hidden,,Hidden,Hidden,Hidden,Hidden,Hidden,,Hidden,Hidden,,Hidden,Hidden,,Hidden,Hidden,Hidden,Hidden,Hidden,Hidden,Hidden,Hidden,,Hidden,Hidden,,Hidden,Hidden,,Hidden,Hidden,Hidden,Hidden,Hidden,,Hidden,Hidden,,Hidden,Hidden,,Hidden,Hidden,Hidden,Hidden,Hidden,,Hidden,,Hidden,Hidden,Hidden,Hidden,,Hidden,Hidden,,Hidden,,Hidden,Hidden,,Hidden,,Hidden,Hidden,,Hidden,,Hidden,Hidden,,Hidden,,Hidden,Hidden,,Hidden,,,Hidden,Hidden
,Southern,14,Tanqueray,12,Hidden,Hidden,Hidden,Hidden,Hidden,Hidden,Hidden,,Hidden,Hidden,,Hidden,Hidden,Hidden,Hidden,Hidden,,Hidden,Hidden,,Hidden,Hidden,,Hidden,Hidden,,Hidden,Hidden,,Hidden,Hidden,,Hidden,Hidden,,Hidden,Hidden,,Hidden,Hidden,,Hidden,Hidden,,Hidden,Hidden,,Hidden,Hidden,,Hidden,Hidden,,Hidden,Hidden,Hidden,Hidden,,Hidden,Hidden,Hidden,Hidden,,Hidden,Hidden,,Hidden,Hidden,Hidden,Hidden,,Hidden,,Hidden,Hidden,,Hidden,,Hidden,Hidden,,Hidden,,Hidden,Hidden,,Hidden,,Hidden,Hidden,Hidden
,,,,,,,,,,,,,,,,,,,,,,,,,,,,,Hidden,,,,,,,,,,,,,,,,,,,,,,,,,,,,,,,,,,Hidden,Hidden,,,,Hidden,Hidden,,,,Hidden,Hidden,,,,Hidden,Hidden,,,,Hidden,Hidden,,,,Hidden,Hidden,,,,,Hidden,Hidden
Rum,Southern,12,Malibu,12,Hidden,Hidden,Hidden,Hidden,Hidden,Hidden,Hidden,,Hidden,Hidden,Hidden,Hidden,Hidden,Hidden,Hidden,Hidden,Hidden,Hidden,Hidden,,Hidden,Hidden,Hidden,Hidden,Hidden,Hidden,Hidden,Hidden,Hidden,Hidden,Hidden,,Hidden,Hidden,Hidden,Hidden,Hidden,Hidden,Hidden,Hidden,Hidden,Hidden,Hidden,Hidden,Hidden,Hidden,,Hidden,Hidden,Hidden,Hidden,Hidden,Hidden,Hidden,Hidden,Hidden,Hidden,Hidden,Hidden,Hidden,Hidden,Hidden,Hidden,Hidden,Hidden,,Hidden,Hidden,Hidden,Hidden,,Hidden,Hidden,Hidden,Hidden,,Hidden,Hidden,Hidden,Hidden,,Hidden,Hidden,Hidden,Hidden,,Hidden,Hidden,,Hidden,Hidden
,Southern,,Malibu Mango,12,Hidden,Hidden,Hidden,Hidden,,,Hidden,,,Hidden,,,Hidden,,,Hidden,,,Hidden,,,Hidden,,,Hidden,,,Hidden,,,Hidden,,,Hidden,,,Hidden,,,Hidden,,,Hidden,,,Hidden,,,Hidden,,,Hidden,,,Hidden,,,,Hidden,Hidden,,,,Hidden,Hidden,,,,Hidden,Hidden,,,,Hidden,Hidden,,,,Hidden,Hidden,,,,Hidden,Hidden,,,,,Hidden,Hidden
,Southern,,Malibu Pineapple,12,Hidden,Hidden,Hidden,Hidden,,,Hidden,,,Hidden,,,Hidden,,,Hidden,,,Hidden,,,Hidden,,,Hidden,,,Hidden,,,Hidden,,,Hidden,,,Hidden,,,Hidden,,,Hidden,,,Hidden,,,Hidden,,,Hidden,,,Hidden,,,,Hidden,Hidden,,,,Hidden,Hidden,,,,Hidden,Hidden,,,,Hidden,Hidden,,,,Hidden,Hidden,,,,Hidden,Hidden,,,,,Hidden,Hidden
,Southern,,Malibu Watermelon,12,,,,Hidden,,,Hidden,,,Hidden,,,Hidden,,,Hidden,,,Hidden,,,Hidden,,,Hidden,,,Hidden,,,Hidden,,,Hidden,,,Hidden,,,Hidden,,,Hidden,,,Hidden,,,Hidden,,,Hidden,,,Hidden,,,,Hidden,Hidden,,,,Hidden,Hidden,,,,Hidden,Hidden,,,,Hidden,Hidden,,,,Hidden,Hidden,,,,Hidden,Hidden,,,,,Hidden,Hidden
,Southern,12,Captain Morgan,12,Hidden,Hidden,Hidden,Hidden,Hidden,Hidden,Hidden,Hidden,Hidden,Hidden,,Hidden,Hidden,Hidden,Hidden,Hidden,Hidden,Hidden,Hidden,Hidden,Hidden,Hidden,Hidden,Hidden,Hidden,Hidden,Hidden,Hidden,Hidden,Hidden,Hidden,Hidden,Hidden,Hidden,Hidden,Hidden,Hidden,Hidden,Hidden,Hidden,Hidden,Hidden,Hidden,Hidden,Hidden,Hidden,,Hidden,Hidden,,Hidden,Hidden,,Hidden,Hidden,Hidden,Hidden,Hidden,Hidden,Hidden,Hidden,Hidden,Hidden,Hidden,Hidden,,Hidden,Hidden,Hidden,Hidden,,Hidden,Hidden,Hidden,Hidden,,Hidden,Hidden,Hidden,Hidden,,Hidden,Hidden,Hidden,Hidden,,Hidden,Hidden,Hidden,Hidden,Hidden
,Southern,,Cruzan Raspberry,12,Hidden,Hidden,Hidden,Hidden,,,Hidden,,,Hidden,,,Hidden,,,Hidden,,,Hidden,,,Hidden,,,Hidden,,,Hidden,,,Hidden,,,Hidden,,,Hidden,,,Hidden,,,Hidden,,,Hidden,,,Hidden,,,Hidden,,,Hidden,,,,Hidden,Hidden,,,,Hidden,Hidden,,,,Hidden,Hidden,,,,Hidden,Hidden,,,,Hidden,Hidden,,,,Hidden,Hidden,,,,,Hidden,Hidden
,Southern,,Cruzan Vanilla,12,Hidden,Hidden,Hidden,Hidden,,,Hidden,,,Hidden,,,Hidden,,,Hidden,,,Hidden,,,Hidden,,,Hidden,,,Hidden,,,Hidden,,,Hidden,,,Hidden,,,Hidden,,,Hidden,,,Hidden,,,Hidden,,,Hidden,,,Hidden,,,,Hidden,Hidden,,,,Hidden,Hidden,,,,Hidden,Hidden,,,,Hidden,Hidden,,,,Hidden,Hidden,,,,Hidden,Hidden,,,,,Hidden,Hidden
,Southern,,Cruzan Citrus * Use for bic. limon,12,Hidden,Hidden,Hidden,Hidden,,,Hidden,,,Hidden,,,Hidden,,,Hidden,,,Hidden,,,Hidden,,,Hidden,,,Hidden,,,Hidden,,,Hidden,,,Hidden,,,Hidden,,,Hidden,,,Hidden,,,Hidden,,,Hidden,,,Hidden,,,,Hidden,Hidden,,,,Hidden,Hidden,,,,Hidden,Hidden,,,,Hidden,Hidden,,,,Hidden,Hidden,,,,Hidden,Hidden,,,,,Hidden,Hidden
,Southern,12,Bacardi,12,Hidden,Hidden,Hidden,Hidden,Hidden,Hidden,Hidden,,Hidden,Hidden,Hidden,Hidden,Hidden,Hidden,Hidden,Hidden,,Hidden,Hidden,,Hidden,Hidden,Hidden,Hidden,Hidden,,Hidden,Hidden,Hidden,Hidden,Hidden,,Hidden,Hidden,,Hidden,Hidden,,Hidden,Hidden,Hidden,Hidden,Hidden,,Hidden,Hidden,,Hidden,Hidden,,Hidden,Hidden,,Hidden,Hidden,,Hidden,Hidden,Hidden,Hidden,,Hidden,Hidden,Hidden,Hidden,,Hidden,Hidden,Hidden,Hidden,,Hidden,Hidden,Hidden,Hidden,,Hidden,Hidden,Hidden,Hidden,,Hidden,Hidden,Hidden,Hidden,,Hidden,Hidden,,Hidden,Hidden
,Southern,12,Bacardi Limon,12,Hidden,Hidden,Hidden,Hidden,Hidden,Hidden,Hidden,Hidden,Hidden,Hidden,Hidden,Hidden,Hidden,Hidden,Hidden,Hidden,Hidden,Hidden,Hidden,Hidden,Hidden,Hidden,Hidden,Hidden,Hidden,Hidden,Hidden,Hidden,Hidden,Hidden,Hidden,Hidden,Hidden,Hidden,Hidden,Hidden,Hidden,Hidden,Hidden,Hidden,Hidden,Hidden,Hidden,Hidden,Hidden,Hidden,,Hidden,Hidden,Hidden,Hidden,Hidden,Hidden,Hidden,Hidden,Hidden,Hidden,Hidden,Hidden,Hidden,,Hidden,Hidden,Hidden,Hidden,,Hidden,Hidden,Hidden,Hidden,,Hidden,Hidden,Hidden,Hidden,,Hidden,Hidden,Hidden,Hidden,,Hidden,Hidden,Hidden,Hidden,,Hidden,Hidden,,Hidden,Hidden
,Southern,,Bicardi Lime,12,,,,Hidden,,,Hidden,,,Hidden,,,Hidden,,,Hidden,,,Hidden,,,Hidden,,,Hidden,,,Hidden,,,Hidden,,,Hidden,,,Hidden,,,Hidden,,,Hidden,,,Hidden,,,Hidden,,,Hidden,,,Hidden,,,,Hidden,Hidden,,,,Hidden,Hidden,,,,Hidden,Hidden,,,,Hidden,Hidden,,,,Hidden,Hidden,,,,Hidden,Hidden,,,,,Hidden,Hidden
,Southern,,151 (goslings or cruzan rico bay),12,,,,,,,Hidden,,,Hidden,,,Hidden,,,Hidden,,,Hidden,,,Hidden,,,Hidden,,,Hidden,,,Hidden,,,Hidden,,,Hidden,,,Hidden,,,Hidden,,,Hidden,,,Hidden,,,Hidden,,,Hidden,,,,Hidden,Hidden,,,,Hidden,Hidden,,,,Hidden,Hidden,,,,Hidden,Hidden,,,,Hidden,Hidden,,,,Hidden,Hidden,,,,,Hidden,Hidden
,Southern,14,Mt. Gay,12,Hidden,Hidden,Hidden,Hidden,Hidden,Hidden,Hidden,,Hidden,Hidden,,Hidden,Hidden,,Hidden,Hidden,Hidden,Hidden,Hidden,,Hidden,Hidden,,Hidden,Hidden,,Hidden,Hidden,,Hidden,Hidden,,Hidden,Hidden,,Hidden,Hidden,,Hidden,Hidden,,Hidden,Hidden,,Hidden,Hidden,,Hidden,Hidden,,Hidden,Hidden,,Hidden,Hidden,,Hidden,,Hidden,Hidden,,Hidden,,Hidden,Hidden,,Hidden,,Hidden,Hidden,,Hidden,,Hidden,Hidden,,Hidden,,Hidden,Hidden,,Hidden,,Hidden,Hidden,,Hidden,,,Hidden,Hidden
,Empire,12,Meyers,12,Hidden,Hidden,Hidden,Hidden,Hidden,Hidden,Hidden,,Hidden,Hidden,,Hidden,Hidden,,Hidden,Hidden,,Hidden,Hidden,,Hidden,Hidden,,Hidden,Hidden,,Hidden,Hidden,,Hidden,Hidden,,Hidden,Hidden,,Hidden,Hidden,,Hidden,Hidden,,Hidden,Hidden,,Hidden,Hidden,,Hidden,Hidden,,Hidden,Hidden,,Hidden,Hidden,,Hidden,,Hidden,Hidden,,Hidden,,Hidden,Hidden,,Hidden,,Hidden,Hidden,,Hidden,,Hidden,Hidden,,Hidden,,Hidden,Hidden,,Hidden,,Hidden,Hidden,,Hidden,,,Hidden,Hidden
,,,Cayrum,,Hidden,Hidden,Hidden,Hidden,,,Hidden,,,Hidden,,,Hidden,,,Hidden,,,Hidden,,,Hidden,,,Hidden,,,Hidden,,,Hidden,,,Hidden,,,Hidden,,,Hidden,,,Hidden,,,Hidden,,,Hidden,,,Hidden,,,Hidden,,,,Hidden,Hidden,,,,Hidden,Hidden,,,,Hidden,Hidden,,,,Hidden,Hidden,,,,Hidden,Hidden,,,,Hidden,Hidden,,,,,Hidden,Hidden
,Southern,14,Bumbu Rum,6,Hidden,Hidden,Hidden,Hidden,Hidden,Hidden,Hidden,Hidden,Hidden,Hidden,,Hidden,Hidden,,Hidden,Hidden,Hidden,Hidden,Hidden,Hidden,Hidden,Hidden,,Hidden,Hidden,,Hidden,Hidden,,Hidden,Hidden,,Hidden,Hidden,,Hidden,Hidden,,Hidden,Hidden,,Hidden,Hidden,,Hidden,Hidden,,Hidden,Hidden,,Hidden,Hidden,,Hidden,Hidden,,Hidden,,Hidden,Hidden,,Hidden,,Hidden,Hidden,,Hidden,,Hidden,Hidden,,Hidden,,Hidden,Hidden,,Hidden,,Hidden,Hidden,,Hidden,,Hidden,Hidden,,Hidden,,,Hidden,Hidden
,Empire,12,151 Rum,12,,,,,,,,,,,,,,,,,,Hidden,Hidden,Hidden,Hidden,Hidden,,Hidden,Hidden,,Hidden,Hidden,,Hidden,Hidden,,Hidden,Hidden,Hidden,Hidden,Hidden,,Hidden,Hidden,,Hidden,Hidden,,Hidden,Hidden,,Hidden,Hidden,,Hidden,Hidden,,Hidden,Hidden,Hidden,Hidden,Hidden,Hidden,Hidden,,Hidden,Hidden,Hidden,Hidden,,Hidden,Hidden,Hidden,Hidden,,Hidden,Hidden,Hidden,Hidden,,Hidden,Hidden,Hidden,Hidden,,Hidden,Hidden,Hidden,Hidden,,Hidden,Hidden,,Hidden,Hidden
,,,,,,,,,,,,,,,,,,,,,,,,,,,,,Hidden,,,,,,,,,,,,,,,,,,,,,,,,,,,,,,,,,,Hidden,Hidden,,,,Hidden,Hidden,,,,Hidden,Hidden,,,,Hidden,Hidden,,,,Hidden,Hidden,,,,Hidden,Hidden,,,,,Hidden,Hidden
Tequila,Empire,12,Jose Cuervo Gold,12,Hidden,Hidden,Hidden,Hidden,Hidden,Hidden,Hidden,,Hidden,Hidden,,Hidden,Hidden,,Hidden,Hidden,,Hidden,Hidden,,Hidden,Hidden,,Hidden,Hidden,,Hidden,Hidden,,Hidden,Hidden,,Hidden,Hidden,,Hidden,Hidden,,Hidden,Hidden,,Hidden,Hidden,,Hidden,Hidden,,Hidden,Hidden,,Hidden,Hidden,,Hidden,Hidden,,Hidden,,Hidden,Hidden,,Hidden,,Hidden,Hidden,,Hidden,,Hidden,Hidden,,Hidden,,Hidden,Hidden,,Hidden,,Hidden,Hidden,,Hidden,,Hidden,Hidden,,Hidden,,,Hidden,Hidden
,Southern,,Don Julio,6,Hidden,Hidden,Hidden,Hidden,,,Hidden,,,Hidden,,,Hidden,,,Hidden,,,Hidden,,,Hidden,,,Hidden,,,Hidden,,,Hidden,,,Hidden,,,Hidden,,,Hidden,,,Hidden,,,Hidden,,,Hidden,,,Hidden,,,Hidden,,,,Hidden,Hidden,,,,Hidden,Hidden,,,,Hidden,Hidden,,,,Hidden,Hidden,,,,Hidden,Hidden,,,,Hidden,Hidden,,,,,Hidden,Hidden
,Southern,14,Patron,12,Hidden,Hidden,Hidden,Hidden,Hidden,Hidden,Hidden,,Hidden,Hidden,,Hidden,Hidden,,Hidden,Hidden,,Hidden,Hidden,,Hidden,Hidden,,Hidden,Hidden,Hidden,Hidden,Hidden,,Hidden,Hidden,,Hidden,Hidden,,Hidden,Hidden,,Hidden,Hidden,Hidden,Hidden,Hidden,,Hidden,Hidden,,Hidden,Hidden,,Hidden,Hidden,Hidden,Hidden,Hidden,Hidden,Hidden,Hidden,Hidden,Hidden,Hidden,Hidden,,Hidden,Hidden,,Hidden,Hidden,Hidden,Hidden,,Hidden,,Hidden,Hidden,,Hidden,,Hidden,Hidden,,Hidden,,Hidden,Hidden,,Hidden,,Hidden,Hidden,Hidden
,Empire,14,Milagro,6,Hidden,Hidden,Hidden,Hidden,Hidden,Hidden,Hidden,Hidden,Hidden,Hidden,,Hidden,Hidden,,Hidden,Hidden,Hidden,Hidden,Hidden,,Hidden,Hidden,,Hidden,Hidden,,Hidden,Hidden,,Hidden,Hidden,,Hidden,Hidden,Hidden,Hidden,Hidden,,Hidden,Hidden,,Hidden,Hidden,,Hidden,Hidden,,Hidden,Hidden,,Hidden,Hidden,,Hidden,Hidden,,Hidden,,Hidden,Hidden,,Hidden,,Hidden,Hidden,,Hidden,,Hidden,Hidden,,Hidden,,Hidden,Hidden,,Hidden,,Hidden,Hidden,,Hidden,,Hidden,Hidden,,Hidden,,,Hidden,Hidden
,Southern,,Avion,6,Hidden,Hidden,Hidden,Hidden,,,Hidden,,,Hidden,,,Hidden,,,Hidden,,,Hidden,,,Hidden,,,Hidden,,,Hidden,,,Hidden,,,Hidden,,,Hidden,,,Hidden,,,Hidden,,,Hidden,,,Hidden,,,Hidden,,,Hidden,,,,Hidden,Hidden,,,,Hidden,Hidden,,,,Hidden,Hidden,,,,Hidden,Hidden,,,,Hidden,Hidden,,,,Hidden,Hidden,,,,,Hidden,Hidden
,Empire,14,1800 Tequila,6,Hidden,Hidden,Hidden,Hidden,Hidden,Hidden,Hidden,,Hidden,Hidden,,Hidden,Hidden,,Hidden,Hidden,,Hidden,Hidden,,Hidden,Hidden,,Hidden,Hidden,,Hidden,Hidden,,Hidden,Hidden,,Hidden,Hidden,Hidden,Hidden,Hidden,,Hidden,Hidden,,Hidden,Hidden,,Hidden,Hidden,,Hidden,Hidden,,Hidden,Hidden,,Hidden,Hidden,,Hidden,,Hidden,Hidden,,Hidden,,Hidden,Hidden,,Hidden,,Hidden,Hidden,,Hidden,,Hidden,Hidden,,Hidden,,Hidden,Hidden,,Hidden,,Hidden,Hidden,,Hidden,,,Hidden,Hidden
,Empire,14,1800 Coconut Tequila,6,Hidden,Hidden,Hidden,Hidden,Hidden,Hidden,Hidden,,Hidden,Hidden,,Hidden,Hidden,,Hidden,Hidden,Hidden,Hidden,Hidden,Hidden,Hidden,Hidden,Hidden,Hidden,Hidden,,Hidden,Hidden,Hidden,Hidden,Hidden,,Hidden,Hidden,Hidden,Hidden,Hidden,,Hidden,Hidden,,Hidden,Hidden,Hidden,Hidden,Hidden,,Hidden,Hidden,,Hidden,Hidden,Hidden,Hidden,Hidden,Hidden,Hidden,,Hidden,Hidden,,Hidden,,Hidden,Hidden,,Hidden,,Hidden,Hidden,,Hidden,,Hidden,Hidden,,Hidden,,Hidden,Hidden,,Hidden,,Hidden,Hidden,,Hidden,,,Hidden,Hidden
,Southern,14,Casamigos Blanco,6,Hidden,Hidden,Hidden,Hidden,Hidden,Hidden,Hidden,,Hidden,Hidden,,Hidden,Hidden,Hidden,Hidden,Hidden,Hidden,Hidden,Hidden,Hidden,Hidden,Hidden,Hidden,Hidden,Hidden,Hidden,Hidden,Hidden,Hidden,Hidden,Hidden,,Hidden,Hidden,,Hidden,Hidden,Hidden,Hidden,Hidden,,Hidden,Hidden,Hidden,Hidden,Hidden,,Hidden,Hidden,,Hidden,Hidden,Hidden,Hidden,Hidden,Hidden,Hidden,Hidden,Hidden,Hidden,Hidden,Hidden,Hidden,Hidden,Hidden,,Hidden,Hidden,Hidden,Hidden,,Hidden,Hidden,Hidden,Hidden,,Hidden,Hidden,Hidden,Hidden,,Hidden,Hidden,Hidden,Hidden,,Hidden,,,Hidden,Hidden
,Southern,14,CasamigAs Jalapeño,6,Hidden,Hidden,Hidden,Hidden,Hidden,Hidden,Hidden,,Hidden,Hidden,,Hidden,Hidden,Hidden,Hidden,Hidden,Hidden,Hidden,Hidden,,Hidden,Hidden,,Hidden,Hidden,Hidden,Hidden,Hidden,Hidden,Hidden,Hidden,,Hidden,Hidden,Hidden,Hidden,Hidden,Hidden,Hidden,Hidden,,Hidden,Hidden,Hidden,Hidden,Hidden,,Hidden,Hidden,,Hidden,Hidden,,Hidden,Hidden,Hidden,Hidden,,Hidden,Hidden,Hidden,Hidden,Hidden,Hidden,Hidden,,Hidden,Hidden,Hidden,Hidden,,Hidden,Hidden,Hidden,Hidden,,Hidden,Hidden,Hidden,Hidden,,Hidden,,Hidden,Hidden,,Hidden,,,Hidden,Hidden
,Southern,,818 blanco,6,Hidden,Hidden,Hidden,Hidden,,,Hidden,,,Hidden,,,Hidden,,,Hidden,,,Hidden,,,Hidden,,,Hidden,,,Hidden,,,Hidden,,,Hidden,,,Hidden,,,Hidden,,,Hidden,,,Hidden,,,Hidden,,,Hidden,,,Hidden,,,,Hidden,Hidden,,,,Hidden,Hidden,,,,Hidden,Hidden,,,,Hidden,Hidden,,,,Hidden,Hidden,,,,Hidden,Hidden,,,,,Hidden,Hidden
,Southern,,818 repasado,6,Hidden,Hidden,Hidden,Hidden,,,Hidden,,,Hidden,,,Hidden,,,Hidden,,,Hidden,,,Hidden,,,Hidden,,,Hidden,,,Hidden,,,Hidden,,,Hidden,,,Hidden,,,Hidden,,,Hidden,,,Hidden,,,Hidden,,,Hidden,,,,Hidden,Hidden,,,,Hidden,Hidden,,,,Hidden,Hidden,,,,Hidden,Hidden,,,,Hidden,Hidden,,,,Hidden,Hidden,,,,,Hidden,Hidden
,,,,,,,,,,,,,,,,,,,,,,,,,,,,,Hidden,,,,,,,,,,,,,,,,,,,,,,,,,,,,,,,,,,Hidden,Hidden,,,,Hidden,Hidden,,,,Hidden,Hidden,,,,Hidden,Hidden,,,,Hidden,Hidden,,,,Hidden,Hidden,,,,,Hidden,Hidden
Jeffersons,Southern,14,Jefferson* Cigar Dinner - $34,6,Hidden,Hidden,Hidden,Hidden,Hidden,Hidden,Hidden,,Hidden,Hidden,,Hidden,Hidden,,Hidden,Hidden,,Hidden,Hidden,,Hidden,Hidden,,Hidden,Hidden,,Hidden,Hidden,,Hidden,Hidden,,Hidden,Hidden,,Hidden,Hidden,,Hidden,Hidden,,Hidden,Hidden,,Hidden,Hidden,,Hidden,Hidden,,Hidden,Hidden,,Hidden,Hidden,,Hidden,,Hidden,Hidden,,Hidden,,Hidden,Hidden,,Hidden,,Hidden,Hidden,,Hidden,,Hidden,Hidden,,Hidden,,Hidden,Hidden,,Hidden,,Hidden,Hidden,,Hidden,,,Hidden,Hidden
,,16,Reserve - $52,6,Hidden,Hidden,Hidden,Hidden,Hidden,Hidden,Hidden,,Hidden,Hidden,,Hidden,Hidden,,Hidden,Hidden,,Hidden,Hidden,,Hidden,Hidden,,Hidden,Hidden,,Hidden,Hidden,,Hidden,Hidden,,Hidden,Hidden,,Hidden,Hidden,,Hidden,Hidden,,Hidden,Hidden,,Hidden,Hidden,,Hidden,Hidden,,Hidden,Hidden,,Hidden,Hidden,,Hidden,,Hidden,Hidden,,Hidden,,Hidden,Hidden,,Hidden,,Hidden,Hidden,,Hidden,,Hidden,Hidden,,Hidden,,Hidden,Hidden,,Hidden,,Hidden,Hidden,,Hidden,,,Hidden,Hidden
,,16,Ocean- $61,6,Hidden,Hidden,Hidden,Hidden,Hidden,Hidden,Hidden,,Hidden,Hidden,,Hidden,Hidden,,Hidden,Hidden,,Hidden,Hidden,,Hidden,Hidden,,Hidden,Hidden,,Hidden,Hidden,,Hidden,Hidden,,Hidden,Hidden,,Hidden,Hidden,,Hidden,Hidden,,Hidden,Hidden,,Hidden,Hidden,,Hidden,Hidden,,Hidden,Hidden,,Hidden,Hidden,,Hidden,,Hidden,Hidden,,Hidden,,Hidden,Hidden,,Hidden,,Hidden,Hidden,,Hidden,,Hidden,Hidden,,Hidden,,Hidden,Hidden,,Hidden,,Hidden,Hidden,,Hidden,,,Hidden,Hidden
,,,,,,,,,,,,,,,,,,,,,,,,,,,,,Hidden,,Hidden,,,,,,,,,,,,,,,,,,,,,,,,,,,,,,,,Hidden,Hidden,,,,Hidden,Hidden,,,,Hidden,Hidden,,,,Hidden,Hidden,,,,Hidden,Hidden,,,,Hidden,Hidden,,,,,Hidden,Hidden
Whiskey and Burbons,Southern,14,Screwball PB Whisky,6,Hidden,Hidden,Hidden,Hidden,Hidden,Hidden,Hidden,,Hidden,Hidden,,Hidden,Hidden,,Hidden,Hidden,Hidden,Hidden,Hidden,,Hidden,Hidden,,Hidden,Hidden,,Hidden,Hidden,,Hidden,Hidden,,Hidden,Hidden,,Hidden,Hidden,,Hidden,Hidden,,Hidden,Hidden,Hidden,Hidden,Hidden,,Hidden,Hidden,,Hidden,Hidden,,Hidden,Hidden,,Hidden,,Hidden,Hidden,,Hidden,,Hidden,Hidden,,Hidden,,Hidden,Hidden,,Hidden,,Hidden,Hidden,,Hidden,,Hidden,Hidden,,Hidden,,Hidden,Hidden,,Hidden,,,Hidden,Hidden
,Southern,12,Fireball,12,Hidden,Hidden,Hidden,Hidden,Hidden,Hidden,Hidden,,Hidden,Hidden,,Hidden,Hidden,,Hidden,Hidden,,Hidden,Hidden,,Hidden,Hidden,,Hidden,Hidden,,Hidden,Hidden,Hidden,Hidden,Hidden,,Hidden,Hidden,,Hidden,Hidden,,Hidden,Hidden,,Hidden,Hidden,,Hidden,Hidden,,Hidden,Hidden,,Hidden,Hidden,,Hidden,Hidden,,Hidden,,Hidden,Hidden,Hidden,Hidden,,Hidden,Hidden,,Hidden,,Hidden,Hidden,,Hidden,,Hidden,Hidden,,Hidden,,Hidden,Hidden,,Hidden,,Hidden,Hidden,,Hidden,,,Hidden,Hidden
,Southern,14,Jameson,12,Hidden,Hidden,Hidden,Hidden,Hidden,Hidden,Hidden,,Hidden,Hidden,,Hidden,Hidden,Hidden,Hidden,Hidden,Hidden,Hidden,Hidden,Hidden,Hidden,Hidden,Hidden,Hidden,Hidden,Hidden,Hidden,Hidden,Hidden,Hidden,Hidden,Hidden,Hidden,Hidden,Hidden,Hidden,Hidden,Hidden,Hidden,Hidden,Hidden,Hidden,Hidden,,Hidden,Hidden,,Hidden,Hidden,,Hidden,Hidden,,Hidden,Hidden,Hidden,Hidden,,Hidden,Hidden,Hidden,Hidden,Hidden,Hidden,Hidden,,Hidden,Hidden,Hidden,Hidden,,Hidden,,Hidden,Hidden,,Hidden,,Hidden,Hidden,,Hidden,,Hidden,Hidden,,Hidden,,,Hidden,Hidden
,Southern,14,Jameson Orange,6,Hidden,Hidden,Hidden,Hidden,Hidden,Hidden,Hidden,,Hidden,Hidden,,Hidden,Hidden,,Hidden,Hidden,Hidden,Hidden,Hidden,,Hidden,Hidden,,Hidden,Hidden,,Hidden,Hidden,,Hidden,Hidden,,Hidden,Hidden,,Hidden,Hidden,,Hidden,Hidden,,Hidden,Hidden,,Hidden,Hidden,,Hidden,Hidden,,Hidden,Hidden,,Hidden,Hidden,,Hidden,,Hidden,Hidden,,Hidden,Hidden,Hidden,Hidden,,Hidden,Hidden,Hidden,Hidden,,Hidden,Hidden,Hidden,Hidden,,Hidden,,Hidden,Hidden,,Hidden,,Hidden,Hidden,,Hidden,,,Hidden,Hidden
,Empire,12,Tulamore Dew / Bush Mils Irish Whiskey,6,Hidden,Hidden,Hidden,Hidden,Hidden,Hidden,Hidden,,Hidden,Hidden,,Hidden,Hidden,,Hidden,Hidden,Hidden,Hidden,Hidden,,Hidden,Hidden,,Hidden,Hidden,,Hidden,Hidden,Hidden,Hidden,Hidden,,Hidden,Hidden,,Hidden,Hidden,,Hidden,Hidden,,Hidden,Hidden,,Hidden,Hidden,,Hidden,Hidden,,Hidden,Hidden,,Hidden,Hidden,,Hidden,,Hidden,Hidden,,Hidden,,Hidden,Hidden,,Hidden,,Hidden,Hidden,,Hidden,,Hidden,Hidden,,Hidden,,Hidden,Hidden,,Hidden,,Hidden,Hidden,,Hidden,,,Hidden,Hidden
,Empire,14,Southern Comfort,12,Hidden,Hidden,Hidden,Hidden,Hidden,Hidden,Hidden,,Hidden,Hidden,,Hidden,Hidden,,Hidden,Hidden,,Hidden,Hidden,,Hidden,Hidden,,Hidden,Hidden,,Hidden,Hidden,,Hidden,Hidden,,Hidden,Hidden,,Hidden,Hidden,,Hidden,Hidden,,Hidden,Hidden,,Hidden,Hidden,,Hidden,Hidden,,Hidden,Hidden,,Hidden,Hidden,,Hidden,,Hidden,Hidden,,Hidden,,Hidden,Hidden,,Hidden,,Hidden,Hidden,,Hidden,,Hidden,Hidden,,Hidden,,Hidden,Hidden,,Hidden,,Hidden,Hidden,,Hidden,,,Hidden,Hidden
,Empire,12,Jack Daniels,12,Hidden,Hidden,Hidden,Hidden,Hidden,Hidden,Hidden,,Hidden,Hidden,,Hidden,Hidden,Hidden,Hidden,Hidden,Hidden,Hidden,Hidden,,Hidden,Hidden,Hidden,Hidden,Hidden,Hidden,Hidden,Hidden,Hidden,Hidden,Hidden,,Hidden,Hidden,Hidden,Hidden,Hidden,,Hidden,Hidden,,Hidden,Hidden,Hidden,Hidden,Hidden,,Hidden,Hidden,Hidden,Hidden,Hidden,Hidden,Hidden,Hidden,,Hidden,Hidden,Hidden,Hidden,,Hidden,Hidden,Hidden,Hidden,,Hidden,Hidden,Hidden,Hidden,,Hidden,,Hidden,Hidden,,Hidden,,Hidden,Hidden,,Hidden,,Hidden,Hidden,,Hidden,,,Hidden,Hidden
,Empire,12,Jack Fire,12,Hidden,Hidden,Hidden,Hidden,Hidden,Hidden,Hidden,Hidden,Hidden,Hidden,,Hidden,Hidden,,Hidden,Hidden,,Hidden,Hidden,,Hidden,Hidden,,Hidden,Hidden,,Hidden,Hidden,,Hidden,Hidden,,Hidden,Hidden,Hidden,Hidden,Hidden,,Hidden,Hidden,,Hidden,Hidden,,Hidden,Hidden,,Hidden,Hidden,,Hidden,Hidden,Hidden,Hidden,Hidden,,Hidden,,Hidden,Hidden,,Hidden,Hidden,Hidden,Hidden,,Hidden,Hidden,Hidden,Hidden,,Hidden,Hidden,Hidden,Hidden,,Hidden,Hidden,Hidden,Hidden,,Hidden,Hidden,Hidden,Hidden,,Hidden,Hidden,Hidden,Hidden,Hidden
,Empire,12,Jack Honey,12,Hidden,Hidden,Hidden,Hidden,Hidden,Hidden,Hidden,,Hidden,Hidden,,Hidden,Hidden,,Hidden,Hidden,,Hidden,Hidden,,Hidden,Hidden,,Hidden,Hidden,,Hidden,Hidden,,Hidden,Hidden,,Hidden,Hidden,,Hidden,Hidden,,Hidden,Hidden,,Hidden,Hidden,,Hidden,Hidden,,Hidden,Hidden,,Hidden,Hidden,,Hidden,Hidden,,Hidden,,Hidden,Hidden,,Hidden,Hidden,Hidden,Hidden,,Hidden,Hidden,Hidden,Hidden,,Hidden,Hidden,Hidden,Hidden,,Hidden,Hidden,Hidden,Hidden,,Hidden,Hidden,Hidden,Hidden,,Hidden,Hidden,,Hidden,Hidden
,Southern,14,Makers Mark,12,Hidden,Hidden,Hidden,Hidden,Hidden,Hidden,Hidden,,Hidden,Hidden,,Hidden,Hidden,Hidden,Hidden,Hidden,,Hidden,Hidden,Hidden,Hidden,Hidden,,Hidden,Hidden,Hidden,Hidden,Hidden,Hidden,Hidden,Hidden,,Hidden,Hidden,,Hidden,Hidden,,Hidden,Hidden,,Hidden,Hidden,Hidden,Hidden,Hidden,,Hidden,Hidden,,Hidden,Hidden,,Hidden,Hidden,,Hidden,,Hidden,Hidden,,Hidden,,Hidden,Hidden,,Hidden,,Hidden,Hidden,,Hidden,,Hidden,Hidden,,Hidden,,Hidden,Hidden,,Hidden,,Hidden,Hidden,,Hidden,,,Hidden,Hidden
,Southern,12,Jim Beam,12,Hidden,Hidden,Hidden,Hidden,Hidden,Hidden,Hidden,Hidden,Hidden,Hidden,,Hidden,Hidden,Hidden,Hidden,Hidden,Hidden,Hidden,Hidden,,Hidden,Hidden,,Hidden,Hidden,,Hidden,Hidden,,Hidden,Hidden,,Hidden,Hidden,,Hidden,Hidden,,Hidden,Hidden,,Hidden,Hidden,,Hidden,Hidden,,Hidden,Hidden,,Hidden,Hidden,,Hidden,Hidden,,Hidden,,Hidden,Hidden,,Hidden,,Hidden,Hidden,,Hidden,,Hidden,Hidden,,Hidden,,Hidden,Hidden,,Hidden,,Hidden,Hidden,,Hidden,,Hidden,Hidden,,Hidden,,,Hidden,Hidden
,Southern,14,Wild Turkey 81 ,12,Hidden,Hidden,Hidden,Hidden,Hidden,Hidden,Hidden,,Hidden,Hidden,,Hidden,Hidden,,Hidden,Hidden,,Hidden,Hidden,,Hidden,Hidden,,Hidden,Hidden,,Hidden,Hidden,,Hidden,Hidden,,Hidden,Hidden,,Hidden,Hidden,,Hidden,Hidden,,Hidden,Hidden,,Hidden,Hidden,,Hidden,Hidden,,Hidden,Hidden,,Hidden,Hidden,,Hidden,,Hidden,Hidden,,Hidden,,Hidden,Hidden,,Hidden,,Hidden,Hidden,,Hidden,,Hidden,Hidden,,Hidden,,Hidden,Hidden,,Hidden,,Hidden,Hidden,,Hidden,,,Hidden,Hidden
,Southern,14,Dewers,12,Hidden,Hidden,Hidden,Hidden,Hidden,Hidden,Hidden,,Hidden,Hidden,,Hidden,Hidden,,Hidden,Hidden,,Hidden,Hidden,,Hidden,Hidden,,Hidden,Hidden,,Hidden,Hidden,,Hidden,Hidden,,Hidden,Hidden,,Hidden,Hidden,,Hidden,Hidden,,Hidden,Hidden,,Hidden,Hidden,,Hidden,Hidden,,Hidden,Hidden,,Hidden,Hidden,,Hidden,,Hidden,Hidden,,Hidden,,Hidden,Hidden,,Hidden,,Hidden,Hidden,,Hidden,,Hidden,Hidden,,Hidden,,Hidden,Hidden,,Hidden,,Hidden,Hidden,,Hidden,,,Hidden,Hidden
,Southern,,Chivas Regal,,Hidden,Hidden,Hidden,Hidden,,,Hidden,,,Hidden,,,Hidden,,,Hidden,,,Hidden,,,Hidden,,,Hidden,,,Hidden,,,Hidden,,,Hidden,,,Hidden,,,Hidden,,,Hidden,,,Hidden,,,Hidden,,,Hidden,,,Hidden,,,,Hidden,Hidden,,,,Hidden,Hidden,,,,Hidden,Hidden,,,,Hidden,Hidden,,,,Hidden,Hidden,,,,Hidden,Hidden,,,,,Hidden,Hidden
,Southern,14,Crown Royal,12,Hidden,Hidden,Hidden,Hidden,Hidden,Hidden,Hidden,,Hidden,Hidden,,Hidden,Hidden,,Hidden,Hidden,Hidden,Hidden,Hidden,,Hidden,Hidden,,Hidden,Hidden,,Hidden,Hidden,,Hidden,Hidden,,Hidden,Hidden,,Hidden,Hidden,,Hidden,Hidden,,Hidden,Hidden,,Hidden,Hidden,,Hidden,Hidden,,Hidden,Hidden,,Hidden,Hidden,,Hidden,,Hidden,Hidden,,Hidden,,Hidden,Hidden,,Hidden,,Hidden,Hidden,,Hidden,,Hidden,Hidden,,Hidden,,Hidden,Hidden,,Hidden,,Hidden,Hidden,,Hidden,,,Hidden,Hidden
,Southern,14,Seagrams 7,12,Hidden,Hidden,Hidden,Hidden,Hidden,Hidden,Hidden,,Hidden,Hidden,,Hidden,Hidden,,Hidden,Hidden,Hidden,Hidden,Hidden,,Hidden,Hidden,,Hidden,Hidden,,Hidden,Hidden,,Hidden,Hidden,,Hidden,Hidden,,Hidden,Hidden,,Hidden,Hidden,,Hidden,Hidden,,Hidden,Hidden,,Hidden,Hidden,,Hidden,Hidden,,Hidden,Hidden,,Hidden,,Hidden,Hidden,,Hidden,,Hidden,Hidden,,Hidden,,Hidden,Hidden,,Hidden,,Hidden,Hidden,,Hidden,,Hidden,Hidden,,Hidden,,Hidden,Hidden,,Hidden,,,Hidden,Hidden
,Empire,,Seagrams VO,12,Hidden,Hidden,,Hidden,,,Hidden,,,Hidden,,,Hidden,,,Hidden,,,Hidden,,,Hidden,,,Hidden,,,Hidden,,,Hidden,,,Hidden,,,Hidden,,,Hidden,,,Hidden,,,Hidden,,,Hidden,,,Hidden,,,Hidden,,,,Hidden,Hidden,,,,Hidden,Hidden,,,,Hidden,Hidden,,,,Hidden,Hidden,,,,Hidden,Hidden,,,,Hidden,Hidden,,,,,Hidden,Hidden
,Southern,,Canadian Club,,Hidden,Hidden,,Hidden,,,Hidden,,,Hidden,,,Hidden,,,Hidden,,,Hidden,,,Hidden,,,Hidden,,,Hidden,,,Hidden,,,Hidden,,,Hidden,,,Hidden,,,Hidden,,,Hidden,,,Hidden,,,Hidden,,,Hidden,,,,Hidden,Hidden,,,,Hidden,Hidden,,,,Hidden,Hidden,,,,Hidden,Hidden,,,,Hidden,Hidden,,,,Hidden,Hidden,,,,,Hidden,Hidden
,Empire,,Hennessey,12,Hidden,Hidden,Hidden,Hidden,Hidden,Hidden,Hidden,,Hidden,Hidden,Hidden,Hidden,Hidden,Hidden,Hidden,Hidden,,Hidden,Hidden,,Hidden,Hidden,,Hidden,Hidden,,Hidden,Hidden,Hidden,Hidden,Hidden,,Hidden,Hidden,,Hidden,Hidden,Hidden,Hidden,Hidden,,Hidden,Hidden,,Hidden,Hidden,,Hidden,Hidden,,Hidden,Hidden,,Hidden,Hidden,,Hidden,,Hidden,Hidden,,Hidden,,Hidden,Hidden,,Hidden,,Hidden,Hidden,,Hidden,,Hidden,Hidden,,Hidden,,Hidden,Hidden,,Hidden,,Hidden,Hidden,,Hidden,,,Hidden,Hidden
,Southern,14,Johnny Walker Red Label,12,Hidden,Hidden,Hidden,Hidden,Hidden,Hidden,Hidden,Hidden,Hidden,Hidden,,Hidden,Hidden,Hidden,Hidden,Hidden,,Hidden,Hidden,,Hidden,Hidden,,Hidden,Hidden,,Hidden,Hidden,,Hidden,Hidden,,Hidden,Hidden,,Hidden,Hidden,,Hidden,Hidden,,Hidden,Hidden,,Hidden,Hidden,,Hidden,Hidden,,Hidden,Hidden,,Hidden,Hidden,,Hidden,,Hidden,Hidden,,Hidden,,Hidden,Hidden,,Hidden,,Hidden,Hidden,,Hidden,,Hidden,Hidden,,Hidden,,Hidden,Hidden,,Hidden,,Hidden,Hidden,,Hidden,,,Hidden,Hidden
,Southern,,Johnny Walker Black Label,12,Hidden,Hidden,Hidden,Hidden,Hidden,Hidden,Hidden,Hidden,Hidden,Hidden,,Hidden,Hidden,Hidden,Hidden,Hidden,,Hidden,Hidden,,Hidden,Hidden,,Hidden,Hidden,,Hidden,Hidden,Hidden,Hidden,Hidden,,Hidden,Hidden,,Hidden,Hidden,,Hidden,Hidden,,Hidden,Hidden,,Hidden,Hidden,,Hidden,Hidden,,Hidden,Hidden,Hidden,Hidden,Hidden,,Hidden,,Hidden,Hidden,,Hidden,,Hidden,Hidden,,Hidden,,Hidden,Hidden,,Hidden,,Hidden,Hidden,,Hidden,,Hidden,Hidden,,Hidden,,Hidden,Hidden,,Hidden,,,Hidden,Hidden
,Southern,14,Bullett Burbon,12,Hidden,Hidden,Hidden,Hidden,Hidden,Hidden,Hidden,Hidden,Hidden,Hidden,,Hidden,Hidden,Hidden,Hidden,Hidden,,Hidden,Hidden,,Hidden,Hidden,,Hidden,Hidden,Hidden,Hidden,Hidden,Hidden,Hidden,Hidden,,Hidden,Hidden,,Hidden,Hidden,,Hidden,Hidden,,Hidden,Hidden,Hidden,Hidden,Hidden,,Hidden,Hidden,,Hidden,Hidden,,Hidden,Hidden,,Hidden,,Hidden,Hidden,,Hidden,,Hidden,Hidden,,Hidden,,Hidden,Hidden,,Hidden,,Hidden,Hidden,,Hidden,,Hidden,Hidden,,Hidden,,Hidden,Hidden,,Hidden,,,Hidden,Hidden
,Southern,14,B&B,12,Hidden,Hidden,Hidden,Hidden,Hidden,Hidden,Hidden,,Hidden,Hidden,,Hidden,Hidden,,Hidden,Hidden,,Hidden,Hidden,,Hidden,Hidden,,Hidden,Hidden,,Hidden,Hidden,,Hidden,Hidden,,Hidden,Hidden,,Hidden,Hidden,,Hidden,Hidden,,Hidden,Hidden,,Hidden,Hidden,,Hidden,Hidden,,Hidden,Hidden,,Hidden,Hidden,,Hidden,,Hidden,Hidden,,Hidden,,Hidden,Hidden,,Hidden,,Hidden,Hidden,,Hidden,,Hidden,Hidden,,Hidden,,Hidden,Hidden,,Hidden,,Hidden,Hidden,,Hidden,,,Hidden,Hidden
Cordials,Southern,12,Carolinas Irish Cream,12,Hidden,Hidden,Hidden,Hidden,Hidden,Hidden,Hidden,,Hidden,Hidden,Hidden,Hidden,Hidden,,Hidden,Hidden,,Hidden,Hidden,Hidden,Hidden,Hidden,,Hidden,Hidden,,Hidden,Hidden,,Hidden,Hidden,,Hidden,Hidden,Hidden,Hidden,Hidden,Hidden,Hidden,Hidden,,Hidden,Hidden,,Hidden,Hidden,,Hidden,Hidden,,Hidden,Hidden,,Hidden,Hidden,,Hidden,,Hidden,Hidden,,Hidden,,Hidden,Hidden,,Hidden,,Hidden,Hidden,,Hidden,,Hidden,Hidden,,Hidden,,Hidden,Hidden,,Hidden,,Hidden,Hidden,,Hidden,,Hidden,Hidden,Hidden
,Southern,12,Kahlua,12,Hidden,Hidden,Hidden,Hidden,Hidden,Hidden,Hidden,,Hidden,Hidden,Hidden,Hidden,Hidden,,Hidden,Hidden,,Hidden,Hidden,,Hidden,Hidden,,Hidden,Hidden,,Hidden,Hidden,,Hidden,Hidden,,Hidden,Hidden,,Hidden,Hidden,,Hidden,Hidden,,Hidden,Hidden,,Hidden,Hidden,,Hidden,Hidden,,Hidden,Hidden,,Hidden,Hidden,,Hidden,,Hidden,Hidden,,Hidden,,Hidden,Hidden,,Hidden,,Hidden,Hidden,,Hidden,,Hidden,Hidden,,Hidden,,Hidden,Hidden,,Hidden,,Hidden,Hidden,,Hidden,,Hidden,Hidden,Hidden
,Empire,12,Rumchata,6,Hidden,Hidden,Hidden,Hidden,Hidden,Hidden,Hidden,,Hidden,Hidden,,Hidden,Hidden,,Hidden,Hidden,,Hidden,Hidden,,Hidden,Hidden,,Hidden,Hidden,,Hidden,Hidden,,Hidden,Hidden,,Hidden,Hidden,,Hidden,Hidden,,Hidden,Hidden,,Hidden,Hidden,,Hidden,Hidden,,Hidden,Hidden,,Hidden,Hidden,,Hidden,Hidden,,Hidden,,Hidden,Hidden,,Hidden,,Hidden,Hidden,,Hidden,,Hidden,Hidden,,Hidden,,Hidden,Hidden,,Hidden,,Hidden,Hidden,,Hidden,,Hidden,Hidden,,Hidden,,,Hidden,Hidden
,Southern,,St. Germaine,6,Hidden,Hidden,Hidden,Hidden,Hidden,Hidden,Hidden,,Hidden,Hidden,,Hidden,Hidden,,Hidden,Hidden,,Hidden,Hidden,,Hidden,Hidden,,Hidden,Hidden,,Hidden,Hidden,,Hidden,Hidden,,Hidden,Hidden,,Hidden,Hidden,,Hidden,Hidden,,Hidden,Hidden,,Hidden,Hidden,,Hidden,Hidden,,Hidden,Hidden,,Hidden,Hidden,,Hidden,,Hidden,Hidden,,Hidden,,Hidden,Hidden,,Hidden,,Hidden,Hidden,,Hidden,,Hidden,Hidden,,Hidden,,Hidden,Hidden,,Hidden,,Hidden,Hidden,,Hidden,,Hidden,Hidden,Hidden
,Empire,,Silver Sambuca,12,Hidden,Hidden,Hidden,Hidden,Hidden,Hidden,Hidden,,Hidden,Hidden,,Hidden,Hidden,,Hidden,Hidden,,Hidden,Hidden,,Hidden,Hidden,,Hidden,Hidden,,Hidden,Hidden,,Hidden,Hidden,,Hidden,Hidden,,Hidden,Hidden,,Hidden,Hidden,,Hidden,Hidden,,Hidden,Hidden,,Hidden,Hidden,,Hidden,Hidden,,Hidden,Hidden,,Hidden,,Hidden,Hidden,,Hidden,,Hidden,Hidden,,Hidden,,Hidden,Hidden,,Hidden,,Hidden,Hidden,,Hidden,,Hidden,Hidden,,Hidden,,Hidden,Hidden,,Hidden,,Hidden,Hidden,Hidden
,Empire,,Dark Sambuca,12,Hidden,Hidden,Hidden,Hidden,Hidden,Hidden,Hidden,,Hidden,Hidden,,Hidden,Hidden,,Hidden,Hidden,Hidden,Hidden,Hidden,,Hidden,Hidden,,Hidden,Hidden,,Hidden,Hidden,,Hidden,Hidden,,Hidden,Hidden,,Hidden,Hidden,,Hidden,Hidden,,Hidden,Hidden,,Hidden,Hidden,,Hidden,Hidden,,Hidden,Hidden,,Hidden,Hidden,,Hidden,,Hidden,Hidden,,Hidden,,Hidden,Hidden,,Hidden,,Hidden,Hidden,,Hidden,,Hidden,Hidden,,Hidden,,Hidden,Hidden,,Hidden,,Hidden,Hidden,,Hidden,,Hidden,Hidden,Hidden
,Empire,,Sweet Vermouth,12,Hidden,Hidden,Hidden,Hidden,Hidden,Hidden,Hidden,,Hidden,Hidden,,Hidden,Hidden,,Hidden,Hidden,,Hidden,Hidden,,Hidden,Hidden,,Hidden,Hidden,,Hidden,Hidden,,Hidden,Hidden,,Hidden,Hidden,,Hidden,Hidden,,Hidden,Hidden,,Hidden,Hidden,,Hidden,Hidden,,Hidden,Hidden,,Hidden,Hidden,,Hidden,Hidden,,Hidden,,Hidden,Hidden,,Hidden,,Hidden,Hidden,,Hidden,,Hidden,Hidden,,Hidden,,Hidden,Hidden,,Hidden,,Hidden,Hidden,,Hidden,,Hidden,Hidden,,Hidden,,,Hidden,Hidden
,Empire,,Dry Vermouth,12,Hidden,Hidden,Hidden,Hidden,Hidden,Hidden,Hidden,,Hidden,Hidden,,Hidden,Hidden,,Hidden,Hidden,,Hidden,Hidden,,Hidden,Hidden,,Hidden,Hidden,,Hidden,Hidden,,Hidden,Hidden,,Hidden,Hidden,,Hidden,Hidden,,Hidden,Hidden,,Hidden,Hidden,,Hidden,Hidden,,Hidden,Hidden,,Hidden,Hidden,,Hidden,Hidden,,Hidden,,Hidden,Hidden,,Hidden,,Hidden,Hidden,,Hidden,,Hidden,Hidden,,Hidden,,Hidden,Hidden,,Hidden,,Hidden,Hidden,,Hidden,,Hidden,Hidden,,Hidden,,,Hidden,Hidden
,Southern,,Grand Marier,6,Hidden,Hidden,Hidden,Hidden,Hidden,Hidden,Hidden,Hidden,Hidden,Hidden,,Hidden,Hidden,,Hidden,Hidden,Hidden,Hidden,Hidden,,Hidden,Hidden,,Hidden,Hidden,,Hidden,Hidden,,Hidden,Hidden,,Hidden,Hidden,Hidden,Hidden,Hidden,Hidden,Hidden,Hidden,,Hidden,Hidden,Hidden,Hidden,Hidden,,Hidden,Hidden,,Hidden,Hidden,,Hidden,Hidden,Hidden,Hidden,,Hidden,Hidden,,Hidden,,Hidden,Hidden,,Hidden,,Hidden,Hidden,,Hidden,,Hidden,Hidden,,Hidden,,Hidden,Hidden,,Hidden,,Hidden,Hidden,,Hidden,,,Hidden,Hidden
,Southern,,Jager,12,Hidden,Hidden,Hidden,Hidden,Hidden,Hidden,Hidden,,Hidden,Hidden,,Hidden,Hidden,,Hidden,Hidden,Hidden,Hidden,Hidden,,Hidden,Hidden,,Hidden,Hidden,,Hidden,Hidden,,Hidden,Hidden,Hidden,Hidden,Hidden,,Hidden,Hidden,,Hidden,Hidden,Hidden,Hidden,Hidden,Hidden,Hidden,Hidden,,Hidden,Hidden,,Hidden,Hidden,,Hidden,Hidden,,Hidden,,Hidden,Hidden,,Hidden,,Hidden,Hidden,,Hidden,,Hidden,Hidden,,Hidden,,Hidden,Hidden,,Hidden,,Hidden,Hidden,,Hidden,,Hidden,Hidden,,Hidden,,,Hidden,Hidden
,Southern,,Frangelico,12,Hidden,Hidden,Hidden,Hidden,Hidden,Hidden,Hidden,,Hidden,Hidden,,Hidden,Hidden,,Hidden,Hidden,,Hidden,Hidden,,Hidden,Hidden,,Hidden,Hidden,,Hidden,Hidden,,Hidden,Hidden,,Hidden,Hidden,,Hidden,Hidden,,Hidden,Hidden,,Hidden,Hidden,,Hidden,Hidden,,Hidden,Hidden,,Hidden,Hidden,,Hidden,Hidden,,Hidden,,Hidden,Hidden,,Hidden,,Hidden,Hidden,,Hidden,,Hidden,Hidden,,Hidden,,Hidden,Hidden,,Hidden,,Hidden,Hidden,,Hidden,,Hidden,Hidden,,Hidden,,,Hidden,Hidden
,,,,,,,,,,,,,,,,,,,,,,,,,,,,,Hidden,,,,,,,,,,,,,,,,,,,,,,,,,,,,,,,,,,Hidden,Hidden,,,,Hidden,Hidden,,,,Hidden,Hidden,,,,Hidden,Hidden,,,,Hidden,Hidden,,,,Hidden,Hidden,,,,,Hidden,Hidden
Wines,MANHATTEN,,Pinot Grigio COOKING WINE,12,Hidden,Hidden,Hidden,Hidden,,Hidden,Hidden,,Hidden,Hidden,,Hidden,Hidden,,Hidden,Hidden,Hidden,Hidden,Hidden,Hidden,Hidden,Hidden,Hidden,Hidden,Hidden,Hidden,Hidden,Hidden,Hidden,Hidden,Hidden,Hidden,Hidden,Hidden,,Hidden,Hidden,,Hidden,Hidden,,Hidden,Hidden,,Hidden,Hidden,Hidden,Hidden,Hidden,Hidden,Hidden,Hidden,Hidden,Hidden,Hidden,,Hidden,,Hidden,Hidden,,Hidden,,Hidden,Hidden,,Hidden,,Hidden,Hidden,Hidden,Hidden,,Hidden,Hidden,,Hidden,,Hidden,Hidden,,Hidden,,Hidden,Hidden,,Hidden,,,Hidden,Hidden
,Boening Brothers,,Chardonnay,6,Hidden,Hidden,Hidden,Hidden,,Hidden,Hidden,,Hidden,Hidden,,Hidden,Hidden,,Hidden,Hidden,Hidden,Hidden,Hidden,,Hidden,Hidden,Hidden,Hidden,Hidden,,Hidden,Hidden,Hidden,Hidden,Hidden,,Hidden,Hidden,,Hidden,Hidden,,Hidden,Hidden,,Hidden,Hidden,,Hidden,Hidden,Hidden,Hidden,Hidden,,Hidden,Hidden,,Hidden,Hidden,,Hidden,,Hidden,Hidden,,Hidden,,Hidden,Hidden,,Hidden,,Hidden,Hidden,,Hidden,,Hidden,Hidden,,Hidden,,Hidden,Hidden,,Hidden,,Hidden,Hidden,,Hidden,,,Hidden,Hidden
,Boening Brothers,,White Zinfandel,12,Hidden,Hidden,Hidden,Hidden,,Hidden,Hidden,,Hidden,Hidden,,Hidden,Hidden,,Hidden,Hidden,,Hidden,Hidden,,Hidden,Hidden,,Hidden,Hidden,,Hidden,Hidden,,Hidden,Hidden,,Hidden,Hidden,,Hidden,Hidden,,Hidden,Hidden,,Hidden,Hidden,,Hidden,Hidden,,Hidden,Hidden,,Hidden,Hidden,,Hidden,Hidden,,Hidden,,Hidden,Hidden,,Hidden,,Hidden,Hidden,,Hidden,,Hidden,Hidden,,Hidden,,Hidden,Hidden,,Hidden,,Hidden,Hidden,,Hidden,,Hidden,Hidden,,Hidden,,,Hidden,Hidden
,Boening Brothers,,Sauvignon Blanc,12,Hidden,Hidden,Hidden,Hidden,,Hidden,Hidden,,Hidden,Hidden,,Hidden,Hidden,,Hidden,Hidden,Hidden,Hidden,Hidden,,Hidden,Hidden,,Hidden,Hidden,,Hidden,Hidden,Hidden,Hidden,Hidden,,Hidden,Hidden,,Hidden,Hidden,,Hidden,Hidden,,Hidden,Hidden,,Hidden,Hidden,Hidden,Hidden,Hidden,Hidden,Hidden,Hidden,,Hidden,Hidden,,Hidden,,Hidden,Hidden,Hidden,Hidden,,Hidden,Hidden,,Hidden,,Hidden,Hidden,Hidden,Hidden,,Hidden,Hidden,,Hidden,,Hidden,Hidden,,Hidden,,Hidden,Hidden,,Hidden,,,Hidden,Hidden
,Manhatten,,Champagne,12,Hidden,Hidden,Hidden,Hidden,,Hidden,Hidden,,Hidden,Hidden,,Hidden,Hidden,,Hidden,Hidden,,Hidden,Hidden,Hidden,Hidden,Hidden,,Hidden,Hidden,Hidden,Hidden,Hidden,Hidden,Hidden,Hidden,,Hidden,Hidden,,Hidden,Hidden,,Hidden,Hidden,,Hidden,Hidden,,Hidden,Hidden,,Hidden,Hidden,Hidden,Hidden,Hidden,,Hidden,Hidden,,Hidden,,Hidden,Hidden,,Hidden,,Hidden,Hidden,,Hidden,,Hidden,Hidden,,Hidden,,Hidden,Hidden,,Hidden,,Hidden,Hidden,,Hidden,,Hidden,Hidden,Hidden,Hidden,,,Hidden,Hidden
,Boening Brothers,,Cabernet Sauvignon,6,Hidden,Hidden,Hidden,Hidden,,Hidden,Hidden,,Hidden,Hidden,,Hidden,Hidden,Hidden,Hidden,Hidden,,Hidden,Hidden,,Hidden,Hidden,,Hidden,Hidden,Hidden,Hidden,Hidden,Hidden,Hidden,Hidden,,Hidden,Hidden,,Hidden,Hidden,,Hidden,Hidden,,Hidden,Hidden,,Hidden,Hidden,Hidden,Hidden,Hidden,,Hidden,Hidden,,Hidden,Hidden,,Hidden,,Hidden,Hidden,Hidden,Hidden,,Hidden,Hidden,,Hidden,,Hidden,Hidden,,Hidden,,Hidden,Hidden,,Hidden,,Hidden,Hidden,,Hidden,,Hidden,Hidden,,Hidden,,,Hidden,Hidden
,Boening Brothers,,Merlot,6,Hidden,Hidden,Hidden,Hidden,,Hidden,Hidden,,Hidden,Hidden,,Hidden,Hidden,,Hidden,Hidden,,Hidden,Hidden,,Hidden,Hidden,,Hidden,Hidden,Hidden,Hidden,Hidden,Hidden,Hidden,Hidden,,Hidden,Hidden,,Hidden,Hidden,,Hidden,Hidden,,Hidden,Hidden,,Hidden,Hidden,,Hidden,Hidden,,Hidden,Hidden,,Hidden,Hidden,,Hidden,,Hidden,Hidden,,Hidden,,Hidden,Hidden,,Hidden,,Hidden,Hidden,,Hidden,,Hidden,Hidden,,Hidden,,Hidden,Hidden,,Hidden,,Hidden,Hidden,,Hidden,,,Hidden,Hidden
,Boening Brothers,,Pinot Noir,6,Hidden,Hidden,Hidden,Hidden,,Hidden,Hidden,,Hidden,Hidden,,Hidden,Hidden,,Hidden,Hidden,,Hidden,Hidden,,Hidden,Hidden,,Hidden,Hidden,,Hidden,Hidden,Hidden,Hidden,Hidden,,Hidden,Hidden,,Hidden,Hidden,,Hidden,Hidden,,Hidden,Hidden,,Hidden,Hidden,,Hidden,Hidden,,Hidden,Hidden,,Hidden,Hidden,,Hidden,,Hidden,Hidden,,Hidden,,Hidden,Hidden,,Hidden,,Hidden,Hidden,,Hidden,,Hidden,Hidden,,Hidden,,Hidden,Hidden,,Hidden,,Hidden,Hidden,,Hidden,,,Hidden,Hidden
,Manhatten,,Cooking Wine (Ask Ron) Bag in the a Box,12,,,,,,,,,,,,,,,,,,,,,,,,,Hidden,,,,,,,,,,,,,,,,,,,,,,,,,,,,,,,,,,Hidden,Hidden,,,,Hidden,Hidden,,,,Hidden,Hidden,,,,Hidden,Hidden,,,,Hidden,Hidden,,,,Hidden,Hidden,,,,,Hidden,Hidden
,,,,,,,,,,,,,,,,,,,,,,,,,,,,,Hidden,,,,,,,,,,,,,,,,,,,,,,,,,,,,,,,,,,Hidden,Hidden,,,,Hidden,Hidden,,,,Hidden,Hidden,,,,Hidden,Hidden,,,,Hidden,Hidden,,,,Hidden,Hidden,,,,,Hidden,Hidden
Frozens,Island Time,,Island Time Pink Lemonade,6,Hidden,Hidden,Hidden,Hidden,,Hidden,Hidden,Hidden,Hidden,Hidden,Hidden,Hidden,Hidden,Hidden,Hidden,Hidden,Hidden,Hidden,Hidden,,Hidden,Hidden,Hidden,Hidden,Hidden,Hidden,Hidden,Hidden,Hidden,Hidden,Hidden,,Hidden,Hidden,Hidden,Hidden,Hidden,,Hidden,Hidden,Hidden,Hidden,Hidden,Hidden,Hidden,Hidden,Hidden,Hidden,Hidden,Hidden,Hidden,Hidden,Hidden,Hidden,Hidden,Hidden,Hidden,,Hidden,Hidden,Hidden,Hidden,,Hidden,Hidden,,Hidden,,Hidden,Hidden,,Hidden,,Hidden,Hidden,,Hidden,,Hidden,Hidden,,Hidden,,Hidden,Hidden,,Hidden,,,Hidden,Hidden
,Island Time,,Island Time Strawberry,6,Hidden,Hidden,Hidden,Hidden,Hidden,Hidden,Hidden,Hidden,Hidden,Hidden,,Hidden,Hidden,,Hidden,Hidden,Hidden,Hidden,Hidden,,Hidden,Hidden,,Hidden,Hidden,,Hidden,Hidden,,Hidden,Hidden,,Hidden,Hidden,,Hidden,Hidden,,Hidden,Hidden,,Hidden,Hidden,,Hidden,Hidden,,Hidden,Hidden,,Hidden,Hidden,,Hidden,Hidden,,Hidden,,Hidden,Hidden,,Hidden,,Hidden,Hidden,,Hidden,,Hidden,Hidden,,Hidden,,Hidden,Hidden,,Hidden,,Hidden,Hidden,,Hidden,,Hidden,Hidden,,Hidden,,,Hidden,Hidden
,Island Time,,Island Time Pina,6,Hidden,Hidden,Hidden,Hidden,,Hidden,Hidden,Hidden,Hidden,Hidden,Hidden,Hidden,Hidden,Hidden,Hidden,Hidden,Hidden,Hidden,Hidden,Hidden,Hidden,Hidden,Hidden,Hidden,Hidden,Hidden,Hidden,Hidden,Hidden,Hidden,Hidden,,Hidden,Hidden,Hidden,Hidden,Hidden,,Hidden,Hidden,Hidden,Hidden,Hidden,Hidden,Hidden,Hidden,Hidden,Hidden,Hidden,Hidden,Hidden,Hidden,Hidden,Hidden,Hidden,Hidden,Hidden,,Hidden,Hidden,Hidden,Hidden,,Hidden,Hidden,,Hidden,,Hidden,Hidden,,Hidden,,Hidden,Hidden,,Hidden,,Hidden,Hidden,,Hidden,,Hidden,Hidden,,Hidden,,,Hidden,Hidden
,Island Time,,Island Time Marg,mesaure    6,Hidden,Hidden,Hidden,Hidden,,Hidden,Hidden,,Hidden,Hidden,,Hidden,Hidden,,Hidden,Hidden,Hidden,Hidden,Hidden,Hidden,Hidden,Hidden,,Hidden,Hidden,,Hidden,Hidden,Hidden,Hidden,Hidden,,Hidden,Hidden,,Hidden,Hidden,,Hidden,Hidden,,Hidden,Hidden,,Hidden,Hidden,,Hidden,Hidden,,Hidden,Hidden,,Hidden,Hidden,,Hidden,,Hidden,Hidden,,Hidden,,Hidden,Hidden,,Hidden,,Hidden,Hidden,,Hidden,,Hidden,Hidden,,Hidden,,Hidden,Hidden,,Hidden,,Hidden,Hidden,,Hidden,,,Hidden,Hidden
,Tropical Sensation,,Peach,by         6,Hidden,Hidden,Hidden,Hidden,Hidden,Hidden,Hidden,,Hidden,Hidden,,Hidden,Hidden,,Hidden,Hidden,Hidden,Hidden,Hidden,,Hidden,Hidden,,Hidden,Hidden,,Hidden,Hidden,,Hidden,Hidden,,Hidden,Hidden,,Hidden,Hidden,,Hidden,Hidden,,Hidden,Hidden,,Hidden,Hidden,,Hidden,Hidden,,Hidden,Hidden,,Hidden,Hidden,,Hidden,,Hidden,Hidden,,Hidden,,Hidden,Hidden,,Hidden,,Hidden,Hidden,,Hidden,,Hidden,Hidden,,Hidden,,Hidden,Hidden,,Hidden,,Hidden,Hidden,,Hidden,,,Hidden,Hidden
,Tropical Sensation,,Vanilla,    bottle      6,Hidden,Hidden,Hidden,Hidden,Hidden,,Hidden,,,Hidden,,,Hidden,,,Hidden,,,Hidden,,,Hidden,,,Hidden,,,Hidden,,,Hidden,,,Hidden,,,Hidden,,,Hidden,,,Hidden,,,Hidden,,,Hidden,,,Hidden,,,Hidden,,,,Hidden,Hidden,,,,Hidden,Hidden,,,,Hidden,Hidden,,,,Hidden,Hidden,,,,Hidden,Hidden,,,,Hidden,Hidden,,,,,Hidden,Hidden
,Tropical Sensation,,Mango,6,Hidden,Hidden,Hidden,Hidden,Hidden,Hidden,Hidden,,Hidden,Hidden,,Hidden,Hidden,,Hidden,Hidden,Hidden,Hidden,Hidden,,Hidden,Hidden,,Hidden,Hidden,,Hidden,Hidden,,Hidden,Hidden,,Hidden,Hidden,,Hidden,Hidden,,Hidden,Hidden,,Hidden,Hidden,,Hidden,Hidden,,Hidden,Hidden,,Hidden,Hidden,,Hidden,Hidden,,Hidden,,Hidden,Hidden,,Hidden,,Hidden,Hidden,,Hidden,,Hidden,Hidden,,Hidden,,Hidden,Hidden,,Hidden,,Hidden,Hidden,,Hidden,,Hidden,Hidden,,Hidden,,,Hidden,Hidden
,,,,,,,,,,,,,,,,,,,,,,,,,,,,,Hidden,,,,,,,,,,,,,,,,,,,,,,,,,,,,,,,,,,Hidden,Hidden,,,,Hidden,Hidden,,,,Hidden,Hidden,,,,Hidden,Hidden,,,,Hidden,Hidden,,,,Hidden,Hidden,,,,,Hidden,Hidden
Mixes & Juices,SYSCO,,Lime Juice (Par: 5 cases),mesaure 12,Hidden,Hidden,Hidden,Hidden,,Hidden,Hidden,Hidden,Hidden,Hidden,,Hidden,Hidden,Hidden,Hidden,Hidden,,Hidden,Hidden,,Hidden,Hidden,,Hidden,Hidden,,Hidden,Hidden,,Hidden,Hidden,,Hidden,Hidden,,Hidden,Hidden,,Hidden,Hidden,,Hidden,Hidden,,Hidden,Hidden,,,Hidden,,,Hidden,,,Hidden,,Hidden,,Hidden,Hidden,,,,Hidden,Hidden,,Hidden,,Hidden,Hidden,,Hidden,,Hidden,Hidden,,Hidden,,Hidden,Hidden,,Hidden,,Hidden,Hidden,,,,,Hidden,Hidden
,SYSCO,,Grenadine (Par: 4 Cases),by      12,Hidden,Hidden,Hidden,Hidden,,Hidden,Hidden,Hidden,Hidden,Hidden,,Hidden,Hidden,,Hidden,Hidden,,Hidden,Hidden,,Hidden,Hidden,,Hidden,Hidden,,Hidden,Hidden,,Hidden,Hidden,,Hidden,Hidden,,Hidden,Hidden,,Hidden,Hidden,,Hidden,Hidden,,Hidden,Hidden,,,Hidden,,,Hidden,,,Hidden,,,,Hidden,Hidden,,,,Hidden,Hidden,,,,Hidden,Hidden,,,,Hidden,Hidden,,,,Hidden,Hidden,,,,Hidden,Hidden,,,,,Hidden,Hidden
,SYSCO,,Grapefruit 6oz (Par: 3 cases),    bottle   12,Hidden,Hidden,,Hidden,,Hidden,Hidden,,Hidden,Hidden,,Hidden,Hidden,,Hidden,Hidden,,Hidden,Hidden,,Hidden,Hidden,,Hidden,Hidden,,Hidden,Hidden,,Hidden,Hidden,,Hidden,Hidden,,Hidden,Hidden,,Hidden,Hidden,,Hidden,Hidden,,Hidden,Hidden,,,Hidden,,,Hidden,,,Hidden,,,,Hidden,Hidden,,,,Hidden,Hidden,,Hidden,,Hidden,Hidden,,Hidden,,Hidden,Hidden,,Hidden,,Hidden,Hidden,,Hidden,,Hidden,Hidden,,,,,Hidden,Hidden
,SYSCO,,Orange (Par: 12 Cases),12,Hidden,Hidden,,Hidden,,Hidden,Hidden,,Hidden,Hidden,,Hidden,Hidden,,Hidden,Hidden,,Hidden,Hidden,,Hidden,Hidden,,Hidden,Hidden,,Hidden,Hidden,,Hidden,Hidden,,Hidden,Hidden,,Hidden,Hidden,,Hidden,Hidden,,Hidden,Hidden,,Hidden,Hidden,,,Hidden,,,Hidden,,,Hidden,,,,Hidden,Hidden,,,,Hidden,Hidden,,,,Hidden,Hidden,,,,Hidden,Hidden,,,,Hidden,Hidden,,,,Hidden,Hidden,,,,,Hidden,Hidden
,SYSCO,,Pineapple (Par: 16 cases),12,Hidden,Hidden,,Hidden,,Hidden,Hidden,,Hidden,Hidden,,Hidden,Hidden,,Hidden,Hidden,,Hidden,Hidden,,Hidden,Hidden,,Hidden,Hidden,,Hidden,Hidden,,Hidden,Hidden,,Hidden,Hidden,,Hidden,Hidden,,Hidden,Hidden,,Hidden,Hidden,,Hidden,Hidden,,,Hidden,,,Hidden,,,Hidden,,,,Hidden,Hidden,,,,Hidden,Hidden,,,,Hidden,Hidden,,Hidden,,Hidden,Hidden,,Hidden,,Hidden,Hidden,,,,Hidden,Hidden,,,,,Hidden,Hidden
,,,Iced Tea (Par: 1 case),pks,Hidden,Hidden,,Hidden,,Hidden,Hidden,,Hidden,Hidden,,Hidden,Hidden,,Hidden,Hidden,,Hidden,Hidden,,Hidden,Hidden,,Hidden,Hidden,,Hidden,Hidden,,Hidden,Hidden,,Hidden,Hidden,,Hidden,Hidden,,Hidden,Hidden,,Hidden,Hidden,,Hidden,Hidden,,,Hidden,,,Hidden,,,Hidden,,,,Hidden,Hidden,,,,Hidden,Hidden,,,,Hidden,Hidden,,,,Hidden,Hidden,,,,Hidden,Hidden,,,,Hidden,Hidden,,,,,Hidden,Hidden
,Clare Rose,,Bloody Mary Mix (Par: 1 Case),6 1liter,Hidden,Hidden,,Hidden,,Hidden,Hidden,Hidden,Hidden,Hidden,,Hidden,Hidden,,Hidden,Hidden,,Hidden,Hidden,,Hidden,Hidden,,Hidden,Hidden,,Hidden,Hidden,Hidden,Hidden,Hidden,,Hidden,Hidden,,Hidden,Hidden,,Hidden,Hidden,,Hidden,Hidden,,Hidden,Hidden,,,Hidden,,,Hidden,,,Hidden,,Hidden,,Hidden,Hidden,Hidden,Hidden,,Hidden,Hidden,,Hidden,,Hidden,Hidden,Hidden,Hidden,,Hidden,Hidden,,Hidden,,Hidden,Hidden,,Hidden,,Hidden,Hidden,,Hidden,,,Hidden,Hidden
,Amazon,,Agave (Par: 1 Case),,Hidden,Hidden,,Hidden,,Hidden,Hidden,,Hidden,Hidden,,Hidden,Hidden,,Hidden,Hidden,,Hidden,Hidden,,Hidden,Hidden,,Hidden,Hidden,,Hidden,Hidden,,Hidden,Hidden,,Hidden,Hidden,,Hidden,Hidden,,Hidden,Hidden,,Hidden,Hidden,,Hidden,Hidden,,,Hidden,,,Hidden,,,Hidden,,,,Hidden,Hidden,,,,Hidden,Hidden,,,,Hidden,Hidden,,,,Hidden,Hidden,,,,Hidden,Hidden,,,,Hidden,Hidden,,,,,Hidden,Hidden
,Manhatten,,Ginger Beer (Par: 4 cases),24,Hidden,Hidden,,Hidden,Hidden,Hidden,Hidden,,Hidden,Hidden,,Hidden,Hidden,Hidden,Hidden,Hidden,Hidden,Hidden,Hidden,,Hidden,Hidden,,Hidden,Hidden,,Hidden,Hidden,Hidden,Hidden,Hidden,,Hidden,Hidden,Hidden,Hidden,Hidden,,Hidden,Hidden,,Hidden,Hidden,Hidden,Hidden,Hidden,,,Hidden,Hidden,Hidden,Hidden,Hidden,Hidden,Hidden,,Hidden,,Hidden,Hidden,,Hidden,,Hidden,Hidden,,Hidden,,Hidden,Hidden,,Hidden,,Hidden,Hidden,,Hidden,,Hidden,Hidden,,Hidden,,Hidden,Hidden,,Hidden,,,Hidden,Hidden
,Clare Rose,,Bloody Mary Mix,6,,,,Hidden,,,,,,,,,,,,,,,,,,,,,Hidden,,,,,,,,,,,,,,,,,,,,,,,,,,,,,,,,,,Hidden,Hidden,,,,Hidden,Hidden,,,,Hidden,Hidden,,,,Hidden,Hidden,,,,Hidden,Hidden,,,,Hidden,Hidden,,,,,Hidden,Hidden
,Manhatten,,Water Bottles (Par: 12 Cases),,Hidden,Hidden,,Hidden,,Hidden,Hidden,,Hidden,Hidden,,Hidden,Hidden,,Hidden,Hidden,,Hidden,Hidden,,Hidden,Hidden,,Hidden,Hidden,,Hidden,Hidden,,Hidden,Hidden,,Hidden,Hidden,,Hidden,Hidden,,Hidden,Hidden,,Hidden,Hidden,,Hidden,Hidden,,,Hidden,,,Hidden,,,Hidden,,Hidden,,Hidden,Hidden,,,,Hidden,Hidden,,,,Hidden,Hidden,,Hidden,,Hidden,Hidden,,Hidden,,Hidden,Hidden,,,,Hidden,Hidden,,Hidden,,,Hidden,Hidden
,,,,,,,,,,,,,,,,,,,,,,,,,,,,,Hidden,,,,,,,,,,,,,,,,,,,,,,,,,,,,,,,,,,Hidden,Hidden,,,,Hidden,Hidden,,,,Hidden,Hidden,,,,Hidden,Hidden,,,,Hidden,Hidden,,,,Hidden,Hidden,,,,,Hidden,Hidden
MISC.,,,Straws,Jordon,Hidden,,,Hidden,,,Hidden,,,Hidden,,,Hidden,,,Hidden,,,Hidden,,,Hidden,,,Hidden,,,Hidden,,,Hidden,,Hidden,Hidden,,Hidden,Hidden,,Hidden,Hidden,,Hidden,Hidden,,,Hidden,,,Hidden,,,Hidden,,,Hidden,,,,Hidden,Hidden,,,,Hidden,Hidden,,,,Hidden,Hidden,,,,Hidden,Hidden,,,,Hidden,Hidden,,,,Hidden,Hidden,,,,,Hidden,Hidden
,,,12/14oz Cups (# in marina: 201 cases  at start),RON,Hidden,,,Hidden,,,Hidden,,,Hidden,,,Hidden,,,Hidden,,,Hidden,,,Hidden,,,Hidden,,,Hidden,,,Hidden,,,Hidden,,,Hidden,,,Hidden,,,Hidden,,,Hidden,,,Hidden,,,Hidden,,,Hidden,,,,Hidden,Hidden,,,,Hidden,Hidden,,,,Hidden,Hidden,,,,Hidden,Hidden,,,,Hidden,Hidden,,,,Hidden,Hidden,,,,,Hidden,Hidden
,,,Napkins,RON,Hidden,,,Hidden,,,Hidden,,,Hidden,,,Hidden,,,Hidden,,,Hidden,,,Hidden,,,Hidden,,,Hidden,,,Hidden,,,Hidden,,,Hidden,,,Hidden,,,Hidden,,,Hidden,,,Hidden,,,Hidden,,,Hidden,,,,Hidden,Hidden,,,,Hidden,Hidden,,,,Hidden,Hidden,,,,Hidden,Hidden,,,,Hidden,Hidden,,,,Hidden,Hidden,,,,,Hidden,Hidden
,,,,,,,,,,,,,,,,,,,,,,,,,,,,,Hidden,,,,,,,,,,,,,,,,,,,,,,,,,,,,,,,,,,Hidden,Hidden,,,,Hidden,Hidden,,,,Hidden,Hidden,,,,Hidden,Hidden,,,,Hidden,Hidden,,,,Hidden,Hidden,,,,,Hidden,Hidden
Fruit and Bar Garnishes,SYSCO,,Oranges Par: (2 Cases),RON,Hidden,,,Hidden,,,Hidden,,,Hidden,,,Hidden,,,Hidden,,,Hidden,,,Hidden,,,Hidden,,,Hidden,,,Hidden,,Hidden,Hidden,,Hidden,Hidden,,Hidden,Hidden,,Hidden,Hidden,,Hidden,Hidden,,,Hidden,,,Hidden,,,Hidden,,Hidden,,Hidden,Hidden,,Hidden,,Hidden,Hidden,,,,Hidden,Hidden,,,,Hidden,Hidden,,Hidden,,Hidden,Hidden,,Hidden,,Hidden,Hidden,,,,,Hidden,Hidden
,SYSCO,,Lemons Par: (3 Cases),RON,Hidden,,,Hidden,,,Hidden,,,Hidden,,,Hidden,,,Hidden,,,Hidden,,,Hidden,,,Hidden,,,Hidden,,,Hidden,,Hidden,Hidden,,Hidden,Hidden,,Hidden,Hidden,,Hidden,Hidden,,Hidden,Hidden,,,Hidden,,,Hidden,,,Hidden,,Hidden,,Hidden,Hidden,,Hidden,,Hidden,Hidden,,,,Hidden,Hidden,,,,Hidden,Hidden,,Hidden,,Hidden,Hidden,,Hidden,,Hidden,Hidden,,,,,Hidden,Hidden
,SYSCO,,Limes Par: (4 Cases),RON,Hidden,,,Hidden,,,Hidden,,,Hidden,,,Hidden,,,Hidden,,,Hidden,,,Hidden,,,Hidden,,,Hidden,,,Hidden,,Hidden,Hidden,,Hidden,Hidden,,Hidden,Hidden,,Hidden,Hidden,,Hidden,Hidden,,,Hidden,,,Hidden,,,Hidden,,Hidden,,Hidden,Hidden,,Hidden,,Hidden,Hidden,,,,Hidden,Hidden,,,,Hidden,Hidden,,Hidden,,Hidden,Hidden,,Hidden,,Hidden,Hidden,,,,,Hidden,Hidden
,SYSCO,,Pinapple,RON,Hidden,,,Hidden,,,Hidden,,,Hidden,,,Hidden,,,Hidden,,,Hidden,,,Hidden,,,Hidden,,,Hidden,,,Hidden,,Hidden,Hidden,,,Hidden,,,Hidden,,,Hidden,,,Hidden,,,Hidden,,,Hidden,,,Hidden,,,,Hidden,Hidden,,,,Hidden,Hidden,,,,Hidden,Hidden,,,,Hidden,Hidden,,,,Hidden,Hidden,,,,Hidden,Hidden,,,,,Hidden,Hidden
,SYSCO,,Mint,Jordon,Hidden,,,Hidden,,,Hidden,,,Hidden,,,Hidden,,,Hidden,,,Hidden,,,Hidden,,,Hidden,,,Hidden,,,Hidden,,,Hidden,,,Hidden,,,Hidden,,,Hidden,,,Hidden,,,Hidden,,,Hidden,,,Hidden,,,,Hidden,Hidden,,,,Hidden,Hidden,,,,Hidden,Hidden,,,,Hidden,Hidden,,,,Hidden,Hidden,,Hidden,,Hidden,Hidden,,,,,Hidden,Hidden
,SYSCO,,Blueberries,RON,Hidden,,,Hidden,,,Hidden,,,Hidden,,,Hidden,,,Hidden,,,Hidden,,,Hidden,,,Hidden,,,Hidden,,,Hidden,,,Hidden,,,Hidden,,,Hidden,,,Hidden,,,Hidden,,,Hidden,,,Hidden,,,Hidden,,,,Hidden,Hidden,,,,Hidden,Hidden,,,,Hidden,Hidden,,,,Hidden,Hidden,,,,Hidden,Hidden,,,,Hidden,Hidden,,,,,Hidden,Hidden
,SYSCO,,Olives,RON,Hidden,,,Hidden,,,Hidden,,,Hidden,,,Hidden,,,Hidden,,,Hidden,,,Hidden,,,Hidden,,,Hidden,,,Hidden,,,Hidden,,,Hidden,,,Hidden,,,Hidden,,,Hidden,,,Hidden,,,Hidden,,,Hidden,,,,Hidden,Hidden,,,,Hidden,Hidden,,,,Hidden,Hidden,,,,Hidden,Hidden,,,,Hidden,Hidden,,,,Hidden,Hidden,,,,,Hidden,Hidden
,SYSCO,,Cherries,RON,Hidden,,,Hidden,,,Hidden,,,Hidden,,,Hidden,,,Hidden,,,Hidden,,,Hidden,,,Hidden,,,Hidden,,,Hidden,,,Hidden,,,Hidden,,,Hidden,,,Hidden,,,Hidden,,,Hidden,,,Hidden,,,Hidden,,,,Hidden,Hidden,,,,Hidden,Hidden,,,,Hidden,Hidden,,,,Hidden,Hidden,,,,Hidden,Hidden,,Hidden,,Hidden,Hidden,,,,,Hidden,Hidden
,SYSCO,,Cucumber,RON,Hidden,,,Hidden,,,Hidden,,,Hidden,,,Hidden,,,Hidden,,,Hidden,,,Hidden,,,Hidden,,,Hidden,,,Hidden,,,Hidden,,,Hidden,,,Hidden,,,Hidden,,,Hidden,,,Hidden,,,Hidden,,,Hidden,,,,Hidden,Hidden,,,,Hidden,Hidden,,,,Hidden,Hidden,,,,Hidden,Hidden,,,,Hidden,Hidden,,Hidden,,Hidden,Hidden,,,,,Hidden,Hidden
,SYSCO,,Jalepenos,RON,Hidden,,,Hidden,,,Hidden,,,Hidden,,,Hidden,,,Hidden,,,Hidden,,,Hidden,,,Hidden,,,Hidden,,,Hidden,,,Hidden,,,Hidden,,,Hidden,,,Hidden,,,Hidden,,,Hidden,,,Hidden,,,Hidden,,,,Hidden,Hidden,,,,Hidden,Hidden,,,,Hidden,Hidden,,,,Hidden,Hidden,,,,Hidden,Hidden,,,,Hidden,Hidden,,,,,Hidden,Hidden
,,,,,,,,,,,,,,,,,,,,,,,,,,,,,Hidden,,,,,,,,,,,,,,,,,,,,,,,,,,,,,,,,,,Hidden,Hidden,,,,Hidden,Hidden,,,,Hidden,Hidden,,,,Hidden,Hidden,,,,Hidden,Hidden,,,,Hidden,Hidden,,,,,Hidden,Hidden
Redbull,Clare Rose,,Red Bull,24,Hidden,Hidden,Hidden,Hidden,Hidden,Hidden,Hidden,Hidden,Hidden,Hidden,,Hidden,Hidden,Hidden,Hidden,Hidden,,Hidden,Hidden,,Hidden,Hidden,,Hidden,Hidden,,Hidden,Hidden,Hidden,Hidden,Hidden,,Hidden,Hidden,Hidden,Hidden,Hidden,Hidden,Hidden,Hidden,Hidden,Hidden,Hidden,Hidden,Hidden,Hidden,Hidden,Hidden,Hidden,Hidden,Hidden,Hidden,Hidden,Hidden,Hidden,Hidden,Hidden,,Hidden,Hidden,Hidden,Hidden,,Hidden,Hidden,,Hidden,,Hidden,Hidden,,Hidden,,Hidden,Hidden,,Hidden,,Hidden,Hidden,,Hidden,,Hidden,Hidden,,Hidden,,,Hidden,Hidden
,Clare Rose,,SF Red Bull,24,Hidden,Hidden,Hidden,Hidden,Hidden,Hidden,Hidden,Hidden,Hidden,Hidden,,Hidden,Hidden,,Hidden,Hidden,,Hidden,Hidden,,Hidden,Hidden,,Hidden,Hidden,,Hidden,Hidden,,Hidden,Hidden,,Hidden,Hidden,,Hidden,Hidden,,Hidden,Hidden,,Hidden,Hidden,,Hidden,Hidden,Hidden,Hidden,Hidden,Hidden,Hidden,Hidden,Hidden,Hidden,Hidden,Hidden,Hidden,,Hidden,Hidden,,Hidden,,Hidden,Hidden,,Hidden,,Hidden,Hidden,Hidden,Hidden,,Hidden,Hidden,,Hidden,,Hidden,Hidden,,Hidden,,Hidden,Hidden,,Hidden,,,Hidden,Hidden
,Clare Rose,,Red Bull Coconut,24,Hidden,Hidden,Hidden,Hidden,Hidden,Hidden,Hidden,Hidden,Hidden,Hidden,,Hidden,Hidden,Hidden,Hidden,Hidden,,Hidden,Hidden,,Hidden,Hidden,,Hidden,Hidden,,Hidden,Hidden,,Hidden,Hidden,,Hidden,Hidden,Hidden,Hidden,Hidden,Hidden,Hidden,Hidden,,Hidden,Hidden,Hidden,Hidden,Hidden,,Hidden,Hidden,,Hidden,Hidden,Hidden,Hidden,Hidden,Hidden,Hidden,,Hidden,Hidden,Hidden,Hidden,,Hidden,Hidden,,Hidden,,Hidden,Hidden,,Hidden,,Hidden,Hidden,,Hidden,,Hidden,Hidden,,Hidden,,Hidden,Hidden,,Hidden,,,Hidden,Hidden
,Clare Rose,,Red Bull Tropical,24,Hidden,Hidden,Hidden,Hidden,Hidden,Hidden,Hidden,Hidden,Hidden,Hidden,,Hidden,Hidden,Hidden,Hidden,Hidden,,Hidden,Hidden,,Hidden,Hidden,,Hidden,Hidden,,Hidden,Hidden,,Hidden,Hidden,,Hidden,Hidden,,Hidden,Hidden,,Hidden,Hidden,,Hidden,Hidden,,Hidden,Hidden,,Hidden,Hidden,,Hidden,Hidden,,Hidden,Hidden,,Hidden,,Hidden,Hidden,,Hidden,,Hidden,Hidden,,Hidden,,Hidden,Hidden,,Hidden,,Hidden,Hidden,,Hidden,,Hidden,Hidden,,Hidden,,Hidden,Hidden,,Hidden,,,Hidden,Hidden
,Clare Rose,,Red Bull Watermelon,24,Hidden,Hidden,Hidden,Hidden,Hidden,Hidden,Hidden,Hidden,Hidden,Hidden,,Hidden,Hidden,,Hidden,Hidden,,Hidden,Hidden,,Hidden,Hidden,,Hidden,Hidden,,Hidden,Hidden,,Hidden,Hidden,,Hidden,Hidden,,Hidden,Hidden,,Hidden,Hidden,,Hidden,Hidden,,Hidden,Hidden,,Hidden,Hidden,,Hidden,Hidden,,Hidden,Hidden,,Hidden,,Hidden,Hidden,,Hidden,,Hidden,Hidden,,Hidden,,Hidden,Hidden,,Hidden,,Hidden,Hidden,,Hidden,,Hidden,Hidden,,Hidden,,Hidden,Hidden,,Hidden,,,Hidden,Hidden
,,,,,,,,,,,,,,,,,,,,,,,,,,,,,Hidden,,,,,,,,,,,,,,,,,,,,,,,,,,,,,,,,Hidden,,Hidden,Hidden,,,,Hidden,Hidden,,,,Hidden,Hidden,,,,Hidden,Hidden,,,,Hidden,Hidden,,,,Hidden,Hidden,,,,,Hidden,Hidden
Draft,Clare Rose,,Kona Big Wave,,Hidden,Hidden,Hidden,Hidden,Hidden,Hidden,Hidden,Hidden,Hidden,Hidden,,Hidden,Hidden,,Hidden,Hidden,Hidden,Hidden,Hidden,Hidden,Hidden,Hidden,Hidden,Hidden,Hidden,Hidden,Hidden,Hidden,Hidden,Hidden,Hidden,Hidden,Hidden,Hidden,Hidden,Hidden,Hidden,,Hidden,Hidden,Hidden,Hidden,Hidden,Hidden,Hidden,Hidden,,Hidden,Hidden,Hidden,Hidden,Hidden,Hidden,Hidden,Hidden,Hidden,Hidden,,Hidden,Hidden,Hidden,Hidden,,Hidden,Hidden,Hidden,Hidden,,Hidden,Hidden,,Hidden,,Hidden,Hidden,,Hidden,,Hidden,Hidden,,Hidden,,Hidden,Hidden,,Hidden,,,Hidden,Hidden
,Clare Rose,,Bud Light,,Hidden,Hidden,Hidden,Hidden,Hidden,Hidden,Hidden,Hidden,Hidden,Hidden,,Hidden,Hidden,,Hidden,Hidden,Hidden,Hidden,Hidden,,Hidden,Hidden,,Hidden,Hidden,,Hidden,Hidden,Hidden,Hidden,Hidden,,Hidden,Hidden,,Hidden,Hidden,,Hidden,Hidden,Hidden,Hidden,Hidden,Hidden,Hidden,Hidden,,Hidden,Hidden,,Hidden,Hidden,Hidden,Hidden,Hidden,,Hidden,,Hidden,Hidden,Hidden,Hidden,,Hidden,Hidden,,Hidden,,Hidden,Hidden,,Hidden,,Hidden,Hidden,,Hidden,,Hidden,Hidden,,Hidden,,Hidden,Hidden,,Hidden,,,Hidden,Hidden
,Clare Rose,,Michelob Ultra,,Hidden,Hidden,Hidden,Hidden,Hidden,Hidden,Hidden,,Hidden,Hidden,,Hidden,Hidden,Hidden,Hidden,Hidden,,Hidden,Hidden,,Hidden,Hidden,,Hidden,Hidden,Hidden,Hidden,Hidden,Hidden,Hidden,Hidden,,Hidden,Hidden,,Hidden,Hidden,,Hidden,Hidden,,Hidden,Hidden,,Hidden,Hidden,Hidden,Hidden,Hidden,,Hidden,Hidden,Hidden,Hidden,Hidden,,Hidden,,Hidden,Hidden,,Hidden,,Hidden,Hidden,,Hidden,,Hidden,Hidden,,Hidden,,Hidden,Hidden,,Hidden,,Hidden,Hidden,,Hidden,,Hidden,Hidden,,Hidden,,,Hidden,Hidden
,Clare Rose,,Pumpkin Beer (B.P. Mother Pumpkin),,,,,Hidden,,,Hidden,,,Hidden,,,Hidden,,,Hidden,,,Hidden,,,Hidden,,,Hidden,,,Hidden,,,Hidden,,,Hidden,,,Hidden,,,Hidden,,,Hidden,,,Hidden,,,Hidden,,,Hidden,,,Hidden,Hidden,Hidden,Hidden,Hidden,Hidden,,Hidden,Hidden,Hidden,Hidden,Hidden,Hidden,Hidden,Hidden,Hidden,Hidden,Hidden,Hidden,Hidden,Hidden,,Hidden,Hidden,Hidden,Hidden,Hidden,Hidden,Hidden,Hidden,Hidden,,Hidden,Hidden,,Hidden,Hidden
Beer Can,Clare Rose,,Michelob Ultra Cans,,Hidden,Hidden,Hidden,Hidden,Hidden,Hidden,Hidden,Hidden,Hidden,Hidden,Hidden,Hidden,Hidden,Hidden,Hidden,Hidden,Hidden,Hidden,Hidden,Hidden,Hidden,Hidden,Hidden,Hidden,Hidden,Hidden,Hidden,Hidden,Hidden,Hidden,Hidden,Hidden,Hidden,Hidden,Hidden,Hidden,Hidden,Hidden,Hidden,Hidden,Hidden,Hidden,Hidden,Hidden,Hidden,Hidden,Hidden,Hidden,Hidden,Hidden,Hidden,Hidden,Hidden,Hidden,Hidden,Hidden,Hidden,,Hidden,Hidden,Hidden,Hidden,,Hidden,Hidden,,Hidden,,Hidden,Hidden,Hidden,Hidden,,Hidden,Hidden,,Hidden,,Hidden,Hidden,,Hidden,,Hidden,Hidden,,Hidden,,,Hidden,Hidden
,Clare Rose,,Budweiser,,Hidden,Hidden,Hidden,Hidden,Hidden,Hidden,Hidden,,Hidden,Hidden,,Hidden,Hidden,Hidden,Hidden,Hidden,Hidden,Hidden,Hidden,,Hidden,Hidden,,Hidden,Hidden,,Hidden,Hidden,Hidden,Hidden,Hidden,,Hidden,Hidden,,Hidden,Hidden,,Hidden,Hidden,,Hidden,Hidden,Hidden,Hidden,Hidden,,Hidden,Hidden,,Hidden,Hidden,,Hidden,Hidden,Hidden,Hidden,,Hidden,Hidden,,Hidden,,Hidden,Hidden,Hidden,Hidden,,Hidden,Hidden,Hidden,Hidden,,Hidden,Hidden,,Hidden,,Hidden,Hidden,,Hidden,,Hidden,Hidden,,Hidden,,,Hidden,Hidden
,Clare Rose,,Bud Light,,Hidden,Hidden,Hidden,Hidden,Hidden,Hidden,Hidden,,Hidden,Hidden,,Hidden,Hidden,,Hidden,Hidden,Hidden,Hidden,Hidden,Hidden,Hidden,Hidden,,Hidden,Hidden,Hidden,Hidden,Hidden,Hidden,Hidden,Hidden,,Hidden,Hidden,Hidden,Hidden,Hidden,,Hidden,Hidden,,Hidden,Hidden,Hidden,Hidden,Hidden,,Hidden,Hidden,Hidden,Hidden,Hidden,Hidden,Hidden,Hidden,Hidden,Hidden,,Hidden,Hidden,,Hidden,,Hidden,Hidden,Hidden,Hidden,,Hidden,Hidden,Hidden,Hidden,,Hidden,Hidden,,Hidden,,Hidden,Hidden,,Hidden,,Hidden,Hidden,,Hidden,,,Hidden,Hidden
,Clare Rose,,Blue Point Toasted ,2=1 case,Hidden,Hidden,Hidden,Hidden,Hidden,Hidden,Hidden,,Hidden,Hidden,Hidden,Hidden,Hidden,Hidden,Hidden,Hidden,Hidden,Hidden,Hidden,Hidden,Hidden,Hidden,Hidden,Hidden,Hidden,,Hidden,Hidden,Hidden,Hidden,Hidden,,Hidden,Hidden,,Hidden,Hidden,,Hidden,Hidden,,Hidden,Hidden,,Hidden,Hidden,,Hidden,Hidden,,Hidden,Hidden,,Hidden,Hidden,,Hidden,,Hidden,Hidden,,Hidden,,Hidden,Hidden,,Hidden,,Hidden,Hidden,,Hidden,,Hidden,Hidden,,Hidden,,Hidden,Hidden,,Hidden,,Hidden,Hidden,,Hidden,,,Hidden,Hidden
,Clare Rose,,Blue Point Summer,,Hidden,Hidden,Hidden,Hidden,Hidden,Hidden,Hidden,,Hidden,Hidden,Hidden,Hidden,Hidden,Hidden,Hidden,Hidden,Hidden,Hidden,Hidden,Hidden,Hidden,Hidden,,Hidden,Hidden,,Hidden,Hidden,Hidden,Hidden,Hidden,,Hidden,Hidden,,Hidden,Hidden,,Hidden,Hidden,,Hidden,Hidden,,Hidden,Hidden,,Hidden,Hidden,,Hidden,Hidden,,Hidden,Hidden,,Hidden,,Hidden,Hidden,,Hidden,,Hidden,Hidden,,Hidden,,Hidden,Hidden,,Hidden,,Hidden,Hidden,,Hidden,,Hidden,Hidden,,Hidden,,Hidden,Hidden,,Hidden,,,Hidden,Hidden
,Clare Rose,,Heinekein,24 pack=1c,Hidden,Hidden,Hidden,Hidden,Hidden,Hidden,Hidden,,Hidden,Hidden,Hidden,Hidden,Hidden,Hidden,Hidden,Hidden,Hidden,Hidden,Hidden,Hidden,Hidden,Hidden,,Hidden,Hidden,Hidden,Hidden,Hidden,Hidden,Hidden,Hidden,,Hidden,Hidden,,Hidden,Hidden,,Hidden,Hidden,Hidden,Hidden,Hidden,Hidden,Hidden,Hidden,,Hidden,Hidden,Hidden,Hidden,Hidden,Hidden,Hidden,Hidden,Hidden,Hidden,,Hidden,Hidden,,Hidden,,Hidden,Hidden,Hidden,Hidden,,Hidden,Hidden,Hidden,Hidden,,Hidden,Hidden,,Hidden,,Hidden,Hidden,,Hidden,,Hidden,Hidden,,Hidden,,,Hidden,Hidden
,Clare Rose,,Heinekein Silver,,Hidden,Hidden,Hidden,Hidden,Hidden,Hidden,Hidden,,Hidden,Hidden,Hidden,Hidden,Hidden,Hidden,Hidden,Hidden,Hidden,Hidden,Hidden,Hidden,Hidden,Hidden,,Hidden,Hidden,Hidden,Hidden,Hidden,,Hidden,Hidden,,Hidden,Hidden,,Hidden,Hidden,,Hidden,Hidden,Hidden,Hidden,Hidden,,Hidden,Hidden,,Hidden,Hidden,Hidden,Hidden,Hidden,,Hidden,Hidden,Hidden,Hidden,,Hidden,Hidden,,Hidden,,Hidden,Hidden,Hidden,Hidden,,Hidden,Hidden,Hidden,Hidden,,Hidden,Hidden,,Hidden,,Hidden,Hidden,,Hidden,,Hidden,Hidden,,Hidden,,,Hidden,Hidden
,Manhatten,,Corona,,Hidden,Hidden,Hidden,Hidden,Hidden,Hidden,Hidden,,Hidden,Hidden,Hidden,Hidden,Hidden,Hidden,Hidden,Hidden,,Hidden,Hidden,Hidden,Hidden,Hidden,Hidden,Hidden,Hidden,Hidden,Hidden,Hidden,Hidden,Hidden,Hidden,,Hidden,Hidden,Hidden,Hidden,Hidden,Hidden,Hidden,Hidden,Hidden,Hidden,Hidden,Hidden,Hidden,Hidden,Hidden,Hidden,Hidden,Hidden,Hidden,Hidden,Hidden,Hidden,Hidden,,Hidden,,Hidden,Hidden,,Hidden,,Hidden,Hidden,,Hidden,,Hidden,Hidden,Hidden,Hidden,,Hidden,Hidden,,Hidden,,Hidden,Hidden,,Hidden,,Hidden,Hidden,,Hidden,,,Hidden,Hidden
,Manhatten,,Corona Light,,Hidden,Hidden,Hidden,Hidden,Hidden,Hidden,Hidden,,Hidden,Hidden,Hidden,Hidden,Hidden,Hidden,Hidden,Hidden,,Hidden,Hidden,Hidden,Hidden,Hidden,,Hidden,Hidden,Hidden,Hidden,Hidden,Hidden,Hidden,Hidden,,Hidden,Hidden,,Hidden,Hidden,,Hidden,Hidden,,Hidden,Hidden,,Hidden,Hidden,,Hidden,Hidden,,Hidden,Hidden,Hidden,Hidden,Hidden,,Hidden,,Hidden,Hidden,Hidden,Hidden,,Hidden,Hidden,,Hidden,,Hidden,Hidden,Hidden,Hidden,,Hidden,Hidden,,Hidden,,Hidden,Hidden,,Hidden,,Hidden,Hidden,,Hidden,,,Hidden,Hidden
,Manhatten,,Modelo,,Hidden,Hidden,Hidden,Hidden,Hidden,Hidden,Hidden,,Hidden,Hidden,,Hidden,Hidden,Hidden,Hidden,Hidden,Hidden,Hidden,Hidden,Hidden,Hidden,Hidden,Hidden,Hidden,Hidden,Hidden,Hidden,Hidden,Hidden,Hidden,Hidden,,Hidden,Hidden,Hidden,Hidden,Hidden,,Hidden,Hidden,,Hidden,Hidden,Hidden,Hidden,Hidden,,Hidden,Hidden,Hidden,Hidden,Hidden,Hidden,Hidden,Hidden,,Hidden,,Hidden,Hidden,,Hidden,,Hidden,Hidden,,Hidden,,Hidden,Hidden,Hidden,Hidden,,Hidden,Hidden,,Hidden,,Hidden,Hidden,,Hidden,,Hidden,Hidden,,Hidden,,,Hidden,Hidden
,Boening,,Miller Lite,,Hidden,Hidden,Hidden,Hidden,Hidden,Hidden,Hidden,Hidden,Hidden,Hidden,Hidden,Hidden,Hidden,Hidden,Hidden,Hidden,Hidden,Hidden,Hidden,Hidden,Hidden,Hidden,Hidden,Hidden,Hidden,Hidden,Hidden,Hidden,Hidden,Hidden,Hidden,,Hidden,Hidden,Hidden,Hidden,Hidden,Hidden,Hidden,Hidden,Hidden,Hidden,Hidden,Hidden,Hidden,Hidden,Hidden,Hidden,Hidden,Hidden,Hidden,Hidden,Hidden,Hidden,Hidden,Hidden,Hidden,,Hidden,Hidden,Hidden,Hidden,,Hidden,Hidden,,Hidden,,Hidden,Hidden,Hidden,Hidden,,Hidden,Hidden,,Hidden,,Hidden,Hidden,,Hidden,,Hidden,Hidden,,Hidden,,,Hidden,Hidden
,Boening,,Montauk Summer,,Hidden,Hidden,Hidden,Hidden,Hidden,Hidden,Hidden,,Hidden,Hidden,Hidden,Hidden,Hidden,Hidden,Hidden,Hidden,Hidden,Hidden,Hidden,,Hidden,Hidden,,Hidden,Hidden,,Hidden,Hidden,Hidden,Hidden,Hidden,,Hidden,Hidden,,Hidden,Hidden,,Hidden,Hidden,,Hidden,Hidden,,Hidden,Hidden,,Hidden,Hidden,,Hidden,Hidden,,Hidden,Hidden,Hidden,Hidden,,Hidden,Hidden,,Hidden,,Hidden,Hidden,,Hidden,,Hidden,Hidden,,Hidden,,Hidden,Hidden,,Hidden,,Hidden,Hidden,,Hidden,,Hidden,Hidden,,Hidden,,,Hidden,Hidden
,Boening,,Montauk Wave Chaser IPA,,Hidden,Hidden,Hidden,Hidden,Hidden,Hidden,Hidden,,Hidden,Hidden,Hidden,Hidden,Hidden,Hidden,Hidden,Hidden,Hidden,Hidden,Hidden,Hidden,Hidden,Hidden,Hidden,Hidden,Hidden,Hidden,Hidden,Hidden,Hidden,Hidden,Hidden,,Hidden,Hidden,,Hidden,Hidden,,Hidden,Hidden,,Hidden,Hidden,Hidden,Hidden,Hidden,Hidden,Hidden,Hidden,,Hidden,Hidden,Hidden,Hidden,Hidden,Hidden,Hidden,,Hidden,Hidden,Hidden,Hidden,,Hidden,Hidden,,Hidden,,Hidden,Hidden,Hidden,Hidden,,Hidden,Hidden,,Hidden,,Hidden,Hidden,,Hidden,,Hidden,Hidden,,Hidden,,,Hidden,Hidden
,Clare Rose,,Bud Zero                      1 = 24 cans,,Hidden,Hidden,Hidden,Hidden,Hidden,Hidden,Hidden,,Hidden,Hidden,,Hidden,Hidden,,Hidden,Hidden,Hidden,Hidden,Hidden,Hidden,Hidden,Hidden,,Hidden,Hidden,,Hidden,Hidden,Hidden,Hidden,Hidden,,Hidden,Hidden,,Hidden,Hidden,,Hidden,Hidden,Hidden,Hidden,Hidden,Hidden,Hidden,Hidden,Hidden,Hidden,Hidden,,Hidden,Hidden,,Hidden,Hidden,Hidden,Hidden,,Hidden,Hidden,,Hidden,,Hidden,Hidden,Hidden,Hidden,,Hidden,Hidden,,Hidden,,Hidden,Hidden,,Hidden,,Hidden,Hidden,,Hidden,,Hidden,Hidden,,Hidden,,,Hidden,Hidden
,Clare Rose,,Amstel - Tommy Landcapper ,,Hidden,Hidden,Hidden,Hidden,Hidden,,Hidden,,,Hidden,,,Hidden,,,Hidden,,,Hidden,,,Hidden,,,Hidden,,,Hidden,,,Hidden,,,Hidden,,,Hidden,,,Hidden,,,Hidden,,,Hidden,,,Hidden,,,Hidden,,,Hidden,,,,Hidden,Hidden,,,,Hidden,Hidden,,,,Hidden,Hidden,,,,Hidden,Hidden,,,,Hidden,Hidden,,,,Hidden,Hidden,,,,,Hidden,Hidden
RTDs,Clare Rose,,Nutrl Pineapple,,Hidden,Hidden,Hidden,Hidden,Hidden,Hidden,Hidden,Hidden,Hidden,Hidden,Hidden,Hidden,Hidden,Hidden,Hidden,Hidden,Hidden,Hidden,Hidden,,Hidden,Hidden,Hidden,Hidden,Hidden,Hidden,Hidden,Hidden,Hidden,Hidden,Hidden,,Hidden,Hidden,Hidden,Hidden,Hidden,,Hidden,Hidden,,Hidden,Hidden,,Hidden,Hidden,Hidden,Hidden,Hidden,,Hidden,Hidden,Hidden,Hidden,Hidden,Hidden,Hidden,,Hidden,Hidden,,Hidden,,Hidden,Hidden,,Hidden,,Hidden,Hidden,,Hidden,,Hidden,Hidden,,Hidden,,Hidden,Hidden,,Hidden,,Hidden,Hidden,,Hidden,,,Hidden,Hidden
,Clare Rose,,Nutrl Watermelon,,Hidden,Hidden,Hidden,Hidden,Hidden,Hidden,Hidden,Hidden,Hidden,Hidden,Hidden,Hidden,Hidden,Hidden,Hidden,Hidden,Hidden,Hidden,Hidden,,Hidden,Hidden,Hidden,Hidden,Hidden,Hidden,Hidden,Hidden,Hidden,Hidden,Hidden,,Hidden,Hidden,Hidden,Hidden,Hidden,,Hidden,Hidden,,Hidden,Hidden,Hidden,Hidden,Hidden,Hidden,Hidden,Hidden,,Hidden,Hidden,Hidden,Hidden,Hidden,Hidden,Hidden,,Hidden,Hidden,,Hidden,,Hidden,Hidden,,Hidden,,Hidden,Hidden,,Hidden,,Hidden,Hidden,,Hidden,,Hidden,Hidden,,Hidden,,Hidden,Hidden,,Hidden,,,Hidden,Hidden
,Clare Rose,,Nutrl Lemonade,,,,,,,,,,,,,,,,,,,,,,,,,,,,,,,,,,,,,,,,,,,,,,,,,,,,,,,,,,,,,,,,,Hidden,,,,,,,,,,Hidden,,,,,Hidden,,,,,Hidden,,,,,,Hidden,Hidden
,Empire,,Highnoon Pineapple,,Hidden,Hidden,Hidden,Hidden,Hidden,Hidden,Hidden,Hidden,Hidden,Hidden,Hidden,Hidden,Hidden,Hidden,Hidden,Hidden,Hidden,Hidden,Hidden,Hidden,Hidden,Hidden,Hidden,Hidden,Hidden,Hidden,Hidden,Hidden,Hidden,Hidden,Hidden,,Hidden,Hidden,Hidden,Hidden,Hidden,,Hidden,Hidden,Hidden,Hidden,Hidden,,Hidden,Hidden,,Hidden,Hidden,,Hidden,Hidden,,Hidden,Hidden,,Hidden,,Hidden,Hidden,,Hidden,,Hidden,Hidden,,Hidden,,Hidden,Hidden,,Hidden,,Hidden,Hidden,,Hidden,,Hidden,Hidden,,Hidden,,Hidden,Hidden,,Hidden,,,Hidden,Hidden
,Empire,,Highnoon Peach,,Hidden,Hidden,Hidden,Hidden,Hidden,Hidden,Hidden,Hidden,Hidden,Hidden,Hidden,Hidden,Hidden,Hidden,Hidden,Hidden,Hidden,Hidden,Hidden,Hidden,Hidden,Hidden,Hidden,Hidden,Hidden,Hidden,Hidden,Hidden,Hidden,Hidden,Hidden,,Hidden,Hidden,Hidden,Hidden,Hidden,,Hidden,Hidden,Hidden,Hidden,Hidden,,Hidden,Hidden,,Hidden,Hidden,,Hidden,Hidden,,Hidden,Hidden,,Hidden,,Hidden,Hidden,,Hidden,,Hidden,Hidden,,Hidden,,Hidden,Hidden,,Hidden,,Hidden,Hidden,,Hidden,,Hidden,Hidden,,Hidden,,Hidden,Hidden,,Hidden,,,Hidden,Hidden
,Manhatten ,,Surf Side - 6 four packs (5 case minimum),,Hidden,Hidden,Hidden,Hidden,Hidden,Hidden,Hidden,,Hidden,Hidden,Hidden,Hidden,Hidden,Hidden,Hidden,Hidden,,Hidden,Hidden,Hidden,Hidden,Hidden,Hidden,Hidden,Hidden,Hidden,Hidden,Hidden,Hidden,Hidden,Hidden,,Hidden,Hidden,Hidden,Hidden,Hidden,Hidden,Hidden,Hidden,Hidden,Hidden,Hidden,Hidden,Hidden,Hidden,Hidden,Hidden,Hidden,Hidden,Hidden,Hidden,Hidden,Hidden,Hidden,Hidden,Hidden,,Hidden,Hidden,Hidden,Hidden,,Hidden,Hidden,,Hidden,,Hidden,Hidden,,Hidden,,Hidden,Hidden,,Hidden,,Hidden,Hidden,,Hidden,,Hidden,Hidden,,Hidden,,,Hidden,Hidden
Seltzers,Boening,,Happy Dad,,Hidden,Hidden,Hidden,Hidden,Hidden,Hidden,Hidden,Hidden,Hidden,Hidden,Hidden,Hidden,Hidden,Hidden,Hidden,Hidden,,Hidden,Hidden,,Hidden,Hidden,,Hidden,Hidden,,Hidden,Hidden,,Hidden,Hidden,,Hidden,Hidden,Hidden,Hidden,Hidden,,Hidden,Hidden,,Hidden,Hidden,,Hidden,Hidden,,Hidden,Hidden,,Hidden,Hidden,,Hidden,Hidden,,Hidden,,Hidden,Hidden,,Hidden,,Hidden,Hidden,,Hidden,,Hidden,Hidden,,Hidden,,Hidden,Hidden,,Hidden,,Hidden,Hidden,,Hidden,,Hidden,Hidden,,Hidden,,,Hidden,Hidden
,Boening,,Happy Dad Tea,,Hidden,Hidden,Hidden,Hidden,Hidden,Hidden,Hidden,Hidden,Hidden,Hidden,,Hidden,Hidden,,Hidden,Hidden,Hidden,Hidden,Hidden,,Hidden,Hidden,Hidden,Hidden,Hidden,,Hidden,Hidden,Hidden,Hidden,Hidden,,Hidden,Hidden,Hidden,Hidden,Hidden,,Hidden,Hidden,,Hidden,Hidden,,Hidden,Hidden,,Hidden,Hidden,,Hidden,Hidden,,Hidden,Hidden,Hidden,Hidden,,Hidden,Hidden,Hidden,Hidden,,Hidden,Hidden,,Hidden,,Hidden,Hidden,,Hidden,,Hidden,Hidden,,Hidden,,Hidden,Hidden,,Hidden,,Hidden,Hidden,,Hidden,,,Hidden,Hidden
,Boening,,Happy Dad Grape ,,,,,Hidden,,,Hidden,,,Hidden,Hidden,Hidden,Hidden,Hidden,Hidden,Hidden,Hidden,Hidden,Hidden,,Hidden,Hidden,Hidden,Hidden,Hidden,,Hidden,Hidden,Hidden,Hidden,Hidden,,Hidden,Hidden,Hidden,Hidden,Hidden,,Hidden,Hidden,,Hidden,Hidden,,Hidden,Hidden,,Hidden,Hidden,,Hidden,Hidden,,Hidden,Hidden,Hidden,Hidden,,Hidden,Hidden,,Hidden,,Hidden,Hidden,,Hidden,,Hidden,Hidden,,Hidden,,Hidden,Hidden,,Hidden,,Hidden,Hidden,,Hidden,,Hidden,Hidden,,Hidden,,,Hidden,Hidden
,Manhatten,,White Claw,,Hidden,Hidden,Hidden,Hidden,Hidden,Hidden,Hidden,,Hidden,Hidden,Hidden,Hidden,Hidden,Hidden,Hidden,Hidden,,Hidden,Hidden,Hidden,Hidden,Hidden,Hidden,Hidden,Hidden,Hidden,Hidden,Hidden,Hidden,Hidden,Hidden,,Hidden,Hidden,Hidden,Hidden,Hidden,,Hidden,Hidden,,Hidden,Hidden,Hidden,Hidden,Hidden,,Hidden,Hidden,,Hidden,Hidden,Hidden,Hidden,Hidden,,Hidden,,Hidden,Hidden,Hidden,Hidden,,Hidden,Hidden,,Hidden,,Hidden,Hidden,,Hidden,,Hidden,Hidden,,Hidden,,Hidden,Hidden,,Hidden,,Hidden,Hidden,,Hidden,,,Hidden,Hidden