item,category,company,number_per_case,oh_leftover_2022,opening_order_2023,oh_4_30,thru_4_30,order_5_7,oh_5_7,thru_5_7,order_5_14,oh_5_14,thru_5_14,order_5_21,oh_5_21,thru_5_21,order_5_28,oh_5_28,thru_5_28,order_6_4,oh_6_4,thru_6_4,order_6_11,oh_6_11,thru_6_11,order_6_18,oh_6_18,thru_6_18,order_6_25,oh_6_25,thru_6_25,order_7_9,oh_7_9,thru_7_9,order_7_16,oh_7_16,thru_7_16,order_7_23,oh_7_23,thru_7_23,order_7_30,oh_7_30,thru_7_30,order_8_6,oh_8_6,thru_8_6,order_8_13,oh_8_13,thru_8_13,order_8_20,oh_8_20,thru_8_20,order_8_29,oh_8_29,thru_8_29,order_9_6,oh_9_6,thru_9_6,order_9_12,oh_9_12,thru_9_12,order_9_26,oh_9_26,thru_9_26,INSERT STATEMENTS
Rack Vodka,vodka,Union,12,9,85,4,90,167,108,63,166,169,105,134,235,68,1,88,148,166,96,158,164,200,60,167,72,295,249,234,87,165,138,261,,61,77,,2,59,168,41,129,,70,-29,,154,-84,164,69,249,0,203,-134,3,115,91,0,111,4,0,84,27,"('Rack Vodka','vodka','Union',12,9,85,4,90,167,108,63,166,169,105,134,235,68,1,88,148,166,96,158,164,200,60,167,72,295,249,234,87,165,138,261,NULL,61,77,NULL,2,59,168,41,129,NULL,70,-29,NULL,154,-84,164,69,249,0,203,-134,3,115,91,0,111,4,0,84,27),"
Rack Gin,gin,Union,12,50,3,3,50,3,6,0,49,6,49,2,7,1,83,53,37,0,35,18,53,77,11,53,60,70,50,99,11,3,82,20,,78,4,,65,13,0,56,9,,42,14,,43,-1,0,33,10,0,27,6,0,16,11,0,28,-12,0,14,14,"('Rack Gin','gin','Union',12,50,3,3,50,3,6,0,49,6,49,2,7,1,83,53,37,0,35,18,53,77,11,53,60,70,50,99,11,3,82,20,NULL,78,4,NULL,65,13,0,56,9,NULL,42,14,NULL,43,-1,0,33,10,0,27,6,0,16,11,0,28,-12,0,14,14),"
Rack Rum,rum,Union,12,31,85,55,61,4,66,-7,2,34,34,83,80,37,85,124,41,3,66,61,164,93,137,166,133,126,165,242,56,50,168,124,,132,36,,98,34,3,27,74,,36,-9,,79,-43,85,32,132,0,73,-41,0,23,50,0,53,-30,0,4,49,"('Rack Rum','rum','Union',12,31,85,55,61,4,66,-7,2,34,34,83,80,37,85,124,41,3,66,61,164,93,137,166,133,126,165,242,56,50,168,124,NULL,132,36,NULL,98,34,3,27,74,NULL,36,-9,NULL,79,-43,85,32,132,0,73,-41,0,23,50,0,53,-30,0,4,49),"
Rack Tequila,tequila,Southern,12,115,2,52,65,2,94,-40,82,105,53,43,106,27,167,97,129,312,294,82,164,210,181,0,318,37,86,181,44,248,202,165,3,155,34,1,68,64,3,0,49,3,16,-12,4,96,-57,208,38,193,0,179,-103,3,73,79,0,49,17,0,14,35,"('Rack Tequila','tequila','Southern',12,115,2,52,65,2,94,-40,82,105,53,43,106,27,167,97,129,312,294,82,164,210,181,0,318,37,86,181,44,248,202,165,3,155,34,1,68,64,3,0,49,3,16,-12,4,96,-57,208,38,193,0,179,-103,3,73,79,0,49,17,0,14,35),"
Triple Sec,liqueur,Union,12,4,83,3,84,,32,-29,83,83,32,53,141,-5,3,129,15,,109,20,2,70,41,2,54,18,51,96,9,34,52,78,,89,-37,,71,18,2,50,23,,31,19,,64,-33,82,47,99,0,103,-56,1,90,14,0,80,10,0,68,12,"('Triple Sec','liqueur','Union',12,4,83,3,84,NULL,32,-29,83,83,32,53,141,-5,3,129,15,NULL,109,20,2,70,41,2,54,18,51,96,9,34,52,78,NULL,89,-37,NULL,71,18,2,50,23,NULL,31,19,NULL,64,-33,82,47,99,0,103,-56,1,90,14,0,80,10,0,68,12),"
Peach Schnapps,liqueur,Union,12,35,4,6,33,,18,-12,50,77,-9,3,121,-41,49,101,69,,89,12,0,81,8,1,88,-6,0,35,53,103,135,3,,89,46,,59,30,4,49,14,,31,18,,23,8,53,0,76,0,36,-36,,18,18,0,37,-19,0,11,26,"('Peach Schnapps','liqueur','Union',12,35,4,6,33,NULL,18,-12,50,77,-9,3,121,-41,49,101,69,NULL,89,12,0,81,8,1,88,-6,0,35,53,103,135,3,NULL,89,46,NULL,59,30,4,49,14,NULL,31,18,NULL,23,8,53,0,76,0,36,-36,NULL,18,18,0,37,-19,0,11,26),"
Amaretto,liqueur,Union,12,14,33,33,14,,35,-2,1,18,18,52,68,2,3,61,10,,61,0,0,49,12,0,49,0,4,40,13,16,15,41,,77,-62,,74,3,2,67,9,,57,10,,49,8,50,8,91,0,81,-73,,71,10,0,77,-6,0,36,41,"('Amaretto','liqueur','Union',12,14,33,33,14,NULL,35,-2,1,18,18,52,68,2,3,61,10,NULL,61,0,0,49,12,0,49,0,4,40,13,16,15,41,NULL,77,-62,NULL,74,3,2,67,9,NULL,57,10,NULL,49,8,50,8,91,0,81,-73,NULL,71,10,0,77,-6,0,36,41),"
Blue Curacao,liqueur,Union,12,12,1,3,10,,1,2,34,33,2,1,34,0,3,32,5,,26,6,0,21,5,2,22,1,1,23,0,0,19,4,,19,0,,20,-1,2,18,4,,19,-1,,18,1,4,16,6,0,14,2,,10,4,0,11,-1,0,10,1,"('Blue Curacao','liqueur','Union',12,12,1,3,10,NULL,1,2,34,33,2,1,34,0,3,32,5,NULL,26,6,0,21,5,2,22,1,1,23,0,0,19,4,NULL,19,0,NULL,20,-1,2,18,4,NULL,19,-1,NULL,18,1,4,16,6,0,14,2,NULL,10,4,0,11,-1,0,10,1),"
Coffee Liqueur,liqueur,Union,12,5,1,39,-33,,38,1,,34,4,,36,-2,0,26,10,,19,7,0,21,-2,0,21,0,0,22,-1,,21,1,,21,0,,19,2,4,20,3,,21,-1,,16,5,0,17,-1,0,15,2,,36,-21,0,32,4,0,32,0,"('Coffee Liqueur','liqueur','Union',12,5,1,39,-33,NULL,38,1,NULL,34,4,NULL,36,-2,0,26,10,NULL,19,7,0,21,-2,0,21,0,0,22,-1,NULL,21,1,NULL,21,0,NULL,19,2,4,20,3,NULL,21,-1,NULL,16,5,0,17,-1,0,15,2,NULL,36,-21,0,32,4,0,32,0),"
Blackberry Liqueur,liqueur,Union,12,25,2,21,6,,22,-1,,23,-1,,21,2,4,21,4,,19,2,2,22,-1,3,18,7,2,19,1,,20,-1,,21,-1,,18,3,2,20,0,,21,-1,,21,0,2,21,2,0,21,0,,18,3,0,18,0,0,21,-3,"('Blackberry Liqueur','liqueur','Union',12,25,2,21,6,NULL,22,-1,NULL,23,-1,NULL,21,2,4,21,4,NULL,19,2,2,22,-1,3,18,7,2,19,1,NULL,20,-1,NULL,21,-1,NULL,18,3,2,20,0,NULL,21,-1,NULL,21,0,2,21,2,0,21,0,NULL,18,3,0,18,0,0,21,-3),"
Grey Goose,vodka,Southern,6,4,43,30,17,,12,18,20,24,8,3,30,-3,,20,10,,15,5,26,30,11,,33,-3,0,25,8,18,9,34,,16,-7,,16,0,,8,8,,5,3,,33,-28,3,28,8,0,24,4,11,1,34,0,5,-4,0,1,4,"('Grey Goose','vodka','Southern',6,4,43,30,17,NULL,12,18,20,24,8,3,30,-3,NULL,20,10,NULL,15,5,26,30,11,NULL,33,-3,0,25,8,18,9,34,NULL,16,-7,NULL,16,0,NULL,8,8,NULL,5,3,NULL,33,-28,3,28,8,0,24,4,11,1,34,0,5,-4,0,1,4),"
Ketel One,vodka,Southern,12,4,84,45,43,,41,4,53,90,4,0,83,7,,57,26,2,39,20,49,87,1,,72,15,1,66,7,1,25,42,99,29,95,103,27,105,,7,20,,3,4,,67,-64,2,64,5,0,54,10,,25,29,0,18,7,0,5,13,"('Ketel One','vodka','Southern',12,4,84,45,43,NULL,41,4,53,90,4,0,83,7,NULL,57,26,2,39,20,49,87,1,NULL,72,15,1,66,7,1,25,42,99,29,95,103,27,105,NULL,7,20,NULL,3,4,NULL,67,-64,2,64,5,0,54,10,NULL,25,29,0,18,7,0,5,13),"
Titos,vodka,Southern,12,2,165,81,86,,48,33,35,1,82,132,86,47,168,21,233,84,143,-38,165,186,122,,97,89,85,89,93,247,129,207,,127,2,,39,88,,44,-5,,8,36,,90,-82,22,5,107,0,94,-89,51,4,141,0,28,-24,0,1,27,"('Titos','vodka','Southern',12,2,165,81,86,NULL,48,33,35,1,82,132,86,47,168,21,233,84,143,-38,165,186,122,NULL,97,89,85,89,93,247,129,207,NULL,127,2,NULL,39,88,NULL,44,-5,NULL,8,36,NULL,90,-82,22,5,107,0,94,-89,51,4,141,0,28,-24,0,1,27),"
Stoli,vodka,Empire,12,24,1,10,15,,8,2,3,11,0,2,7,6,3,5,5,,3,2,16,19,0,20,18,21,18,35,1,4,35,4,,32,3,,27,5,,30,-3,,9,21,,24,-15,4,15,13,0,16,-1,,2,14,0,33,-31,0,22,11,"('Stoli','vodka','Empire',12,24,1,10,15,NULL,8,2,3,11,0,2,7,6,3,5,5,NULL,3,2,16,19,0,20,18,21,18,35,1,4,35,4,NULL,32,3,NULL,27,5,NULL,30,-3,NULL,9,21,NULL,24,-15,4,15,13,0,16,-1,NULL,2,14,0,33,-31,0,22,11),"
Stoli Blueberry,vodka,Empire,12,28,20,15,33,,12,3,83,89,6,0,71,18,52,91,32,,96,-5,0,82,14,,68,14,2,54,16,49,78,25,,67,11,,50,17,,38,12,,4,34,,1,3,5,2,4,0,15,-13,18,6,27,0,34,-28,0,20,14,"('Stoli Blueberry','vodka','Empire',12,28,20,15,33,NULL,12,3,83,89,6,0,71,18,52,91,32,NULL,96,-5,0,82,14,NULL,68,14,2,54,16,49,78,25,NULL,67,11,NULL,50,17,NULL,38,12,NULL,4,34,NULL,1,3,5,2,4,0,15,-13,18,6,27,0,34,-28,0,20,14),"
Stoli Raspberry,vodka,Empire,12,3,35,14,24,,12,2,82,86,8,1,79,8,51,85,45,,110,-25,3,85,28,,94,-9,4,80,18,17,78,19,,76,2,,57,19,,52,5,,40,12,,22,18,1,24,-1,0,19,5,,2,17,0,14,-12,0,0,14,"('Stoli Raspberry','vodka','Empire',12,3,35,14,24,NULL,12,2,82,86,8,1,79,8,51,85,45,NULL,110,-25,3,85,28,NULL,94,-9,4,80,18,17,78,19,NULL,76,2,NULL,57,19,NULL,52,5,NULL,40,12,NULL,22,18,1,24,-1,0,19,5,NULL,2,17,0,14,-12,0,0,14),"
Stoli Orange,vodka,Empire,12,17,36,21,32,,14,7,53,60,7,1,58,3,50,100,8,,93,7,3,64,32,,75,-11,2,62,15,20,49,33,,40,9,,27,13,,20,7,,17,3,,4,13,7,1,10,0,36,-35,,27,9,0,34,-7,0,22,12,"('Stoli Orange','vodka','Empire',12,17,36,21,32,NULL,14,7,53,60,7,1,58,3,50,100,8,NULL,93,7,3,64,32,NULL,75,-11,2,62,15,20,49,33,NULL,40,9,NULL,27,13,NULL,20,7,NULL,17,3,NULL,4,13,7,1,10,0,36,-35,NULL,27,9,0,34,-7,0,22,12),"
Stoli Peach,vodka,Empire,12,45,0,27,18,,23,4,2,23,2,1,25,-1,0,23,2,,22,1,3,24,1,,19,5,2,16,5,17,30,3,,27,3,,25,2,,25,0,,25,0,,24,1,3,25,2,0,18,7,,18,0,0,27,-9,0,17,10,"('Stoli Peach','vodka','Empire',12,45,0,27,18,NULL,23,4,2,23,2,1,25,-1,0,23,2,NULL,22,1,3,24,1,NULL,19,5,2,16,5,17,30,3,NULL,27,3,NULL,25,2,NULL,25,0,NULL,25,0,NULL,24,1,3,25,2,0,18,7,NULL,18,0,0,27,-9,0,17,10),"
Absolute Citron,vodka,Southern,12,78,85,80,83,,89,-9,2,63,28,1,80,-16,4,84,0,,83,1,3,82,4,,78,4,3,82,-1,3,20,65,,20,0,,18,2,,8,10,,2,6,,1,1,7,4,4,0,15,-11,20,5,30,0,20,-15,0,15,5,"('Absolute Citron','vodka','Southern',12,78,85,80,83,NULL,89,-9,2,63,28,1,80,-16,4,84,0,NULL,83,1,3,82,4,NULL,78,4,3,82,-1,3,20,65,NULL,20,0,NULL,18,2,NULL,8,10,NULL,2,6,NULL,1,1,7,4,4,0,15,-11,20,5,30,0,20,-15,0,15,5),"
Absolute Vanilla,vodka,Southern,12,63,4,47,20,,48,-1,0,44,4,1,64,-19,0,59,5,,63,-4,3,52,14,,56,-4,0,56,0,1,53,4,,51,2,,51,0,,44,7,,45,-1,,53,-8,0,42,11,0,41,1,,44,-3,0,43,1,0,44,-1,"('Absolute Vanilla','vodka','Southern',12,63,4,47,20,NULL,48,-1,0,44,4,1,64,-19,0,59,5,NULL,63,-4,3,52,14,NULL,56,-4,0,56,0,1,53,4,NULL,51,2,NULL,51,0,NULL,44,7,NULL,45,-1,NULL,53,-8,0,42,11,0,41,1,NULL,44,-3,0,43,1,0,44,-1),"
Absolut Pear,vodka,Southern,12,16,1,18,-1,,19,-1,3,17,5,0,16,1,1,20,-3,,16,4,4,19,1,,18,1,2,16,4,0,16,0,,16,0,,18,-2,,17,1,,27,-10,,28,-1,3,25,6,0,25,0,,28,-3,0,31,-3,0,27,4,"('Absolut Pear','vodka','Southern',12,16,1,18,-1,NULL,19,-1,3,17,5,0,16,1,1,20,-3,NULL,16,4,4,19,1,NULL,18,1,2,16,4,0,16,0,NULL,16,0,NULL,18,-2,NULL,17,1,NULL,27,-10,NULL,28,-1,3,25,6,0,25,0,NULL,28,-3,0,31,-3,0,27,4),"
Absolut,vodka,Southern,6,61,1,37,25,,26,11,18,37,7,4,36,5,4,11,29,,34,-23,0,33,1,,33,0,4,31,6,0,29,-48,,79,-50,,29,50,19,35,13,,49,-14,,19,30,1,25,-5,0,21,4,,20,1,0,17,3,0,5,12,"('Absolut','vodka','Southern',6,61,1,37,25,NULL,26,11,18,37,7,4,36,5,4,11,29,NULL,34,-23,0,33,1,NULL,33,0,4,31,6,0,29,-48,NULL,79,-50,NULL,29,50,19,35,13,NULL,49,-14,NULL,19,30,1,25,-5,0,21,4,NULL,20,1,0,17,3,0,5,12),"
Absolut Mango,vodka,Southern,12,49,3,100,-48,,92,8,,93,-1,4,82,15,,73,9,,53,20,2,46,9,,36,10,2,33,5,2,12,23,,55,-43,,52,3,,45,7,,30,15,,36,-6,3,44,-5,0,43,1,,44,-1,0,41,3,0,43,-2,"('Absolut Mango','vodka','Southern',12,49,3,100,-48,NULL,92,8,NULL,93,-1,4,82,15,NULL,73,9,NULL,53,20,2,46,9,NULL,36,10,2,33,5,2,12,23,NULL,55,-43,NULL,52,3,NULL,45,7,NULL,30,15,NULL,36,-6,3,44,-5,0,43,1,NULL,44,-1,0,41,3,0,43,-2),"
Absolute Watermelon,vodka,Southern,6,74,1,49,26,,52,-3,,53,-1,2,55,0,,55,0,,54,1,1,54,1,,42,12,0,49,-7,4,55,-2,,47,8,,52,-5,,49,3,,49,0,,49,0,1,48,2,0,51,-3,,50,1,0,50,0,0,50,0,"('Absolute Watermelon','vodka','Southern',6,74,1,49,26,NULL,52,-3,NULL,53,-1,2,55,0,NULL,55,0,NULL,54,1,1,54,1,NULL,42,12,0,49,-7,4,55,-2,NULL,47,8,NULL,52,-5,NULL,49,3,NULL,49,0,NULL,49,0,1,48,2,0,51,-3,NULL,50,1,0,50,0,0,50,0),"
Ketel One Cucumber & Mint,vodka,Southern,12,15,34,44,5,,43,1,,39,4,0,39,0,,29,10,,27,2,4,31,0,,25,6,3,21,7,0,3,18,,34,-31,,29,5,,27,2,,22,5,,15,7,1,16,0,0,6,10,9,2,13,0,17,-15,0,18,-1,"('Ketel One Cucumber & Mint','vodka','Southern',12,15,34,44,5,NULL,43,1,NULL,39,4,0,39,0,NULL,29,10,NULL,27,2,4,31,0,NULL,25,6,3,21,7,0,3,18,NULL,34,-31,NULL,29,5,NULL,27,2,NULL,22,5,NULL,15,7,1,16,0,0,6,10,9,2,13,0,17,-15,0,18,-1),"
Deep Eddy Sweet Tea,vodka,Empire,12,81,1,55,27,,57,-2,,58,-1,1,58,1,1,43,16,,62,-19,4,59,7,,57,2,4,55,6,0,41,14,,44,-3,,41,3,,42,-1,,38,4,,37,1,3,34,6,0,35,-1,,31,4,0,29,2,0,29,0,"('Deep Eddy Sweet Tea','vodka','Empire',12,81,1,55,27,NULL,57,-2,NULL,58,-1,1,58,1,1,43,16,NULL,62,-19,4,59,7,NULL,57,2,4,55,6,0,41,14,NULL,44,-3,NULL,41,3,NULL,42,-1,NULL,38,4,NULL,37,1,3,34,6,0,35,-1,NULL,31,4,0,29,2,0,29,0),"
Deep Eddy Peach,vodka,Empire,12,63,1,59,5,,57,2,,45,12,2,59,-12,2,54,7,,56,-2,3,52,7,,55,-3,3,56,2,4,64,-4,,59,5,,38,21,,57,-19,,53,4,,52,1,4,50,6,0,55,-5,,55,0,0,54,1,0,55,-1,"('Deep Eddy Peach','vodka','Empire',12,63,1,59,5,NULL,57,2,NULL,45,12,2,59,-12,2,54,7,NULL,56,-2,3,52,7,NULL,55,-3,3,56,2,4,64,-4,NULL,59,5,NULL,38,21,NULL,57,-19,NULL,53,4,NULL,52,1,4,50,6,0,55,-5,NULL,55,0,0,54,1,0,55,-1),"
Beefeater,gin,Southern,12,4,12,10,6,,7,3,,9,-2,3,7,5,1,9,-1,,11,-2,0,8,3,,9,-1,0,7,2,1,5,3,,4,1,,7,-3,,4,3,,2,2,,1,1,,2,-1,0,0,2,4,0,4,0,7,-7,0,4,3,"('Beefeater','gin','Southern',12,4,12,10,6,NULL,7,3,NULL,9,-2,3,7,5,1,9,-1,NULL,11,-2,0,8,3,NULL,9,-1,0,7,2,1,5,3,NULL,4,1,NULL,7,-3,NULL,4,3,NULL,2,2,NULL,1,1,NULL,2,-1,0,0,2,4,0,4,0,7,-7,0,4,3),"
Bombay Sapphire,gin,Southern,12,8,1,1,8,,2,-1,,2,0,4,5,1,,0,5,,18,-18,0,16,2,,17,-1,1,12,6,0,8,4,,4,4,,8,-4,,7,1,,4,3,,3,1,7,4,6,0,3,1,6,1,8,0,5,-4,0,1,4,"('Bombay Sapphire','gin','Southern',12,8,1,1,8,NULL,2,-1,NULL,2,0,4,5,1,NULL,0,5,NULL,18,-18,0,16,2,NULL,17,-1,1,12,6,0,8,4,NULL,4,4,NULL,8,-4,NULL,7,1,NULL,4,3,NULL,3,1,7,4,6,0,3,1,6,1,8,0,5,-4,0,1,4),"
Tanqueray,gin,Southern,12,8,33,27,14,,30,-3,,30,0,3,28,5,4,28,4,,31,-3,2,30,3,,27,3,4,24,7,0,27,-3,,25,2,,23,2,,23,0,,16,7,,12,4,2,29,-15,0,31,-2,,27,4,0,22,5,0,16,6,"('Tanqueray','gin','Southern',12,8,33,27,14,NULL,30,-3,NULL,30,0,3,28,5,4,28,4,NULL,31,-3,2,30,3,NULL,27,3,4,24,7,0,27,-3,NULL,25,2,NULL,23,2,NULL,23,0,NULL,16,7,NULL,12,4,2,29,-15,0,31,-2,NULL,27,4,0,22,5,0,16,6),"
Malibu,rum,Southern,12,12,86,34,64,,23,11,,1,22,82,79,4,3,33,49,,59,-26,51,66,44,,43,23,35,65,13,2,2,65,,79,-77,,62,17,,24,38,,8,16,,1,7,4,11,-6,0,24,-13,16,3,37,0,35,-32,0,15,20,"('Malibu','rum','Southern',12,12,86,34,64,NULL,23,11,NULL,1,22,82,79,4,3,33,49,NULL,59,-26,51,66,44,NULL,43,23,35,65,13,2,2,65,NULL,79,-77,NULL,62,17,NULL,24,38,NULL,8,16,NULL,1,7,4,11,-6,0,24,-13,16,3,37,0,35,-32,0,15,20),"
Malibu Watermelon,rum,Southern,12,1,4,0,5,,0,0,,3,-3,0,1,2,2,,3,,,0,,,0,,,0,,,0,,,0,,,0,,,0,,,0,,,0,,,0,,,0,0,,0,,,0,0,,0,0,,0,"('Malibu Watermelon','rum','Southern',12,1,4,0,5,NULL,0,0,NULL,3,-3,0,1,2,2,NULL,3,NULL,NULL,0,NULL,NULL,0,NULL,NULL,0,NULL,NULL,0,NULL,NULL,0,NULL,NULL,0,NULL,NULL,0,NULL,NULL,0,NULL,NULL,0,NULL,NULL,0,NULL,NULL,0,0,NULL,0,NULL,NULL,0,0,NULL,0,0,NULL,0),"
Captain Morgan,rum,Southern,12,45,53,44,54,,28,16,51,80,-1,0,65,15,1,26,40,,61,-35,2,34,29,,13,21,82,80,15,4,16,68,,34,-18,,20,14,,5,15,,3,2,,1,2,86,2,85,0,74,-72,,36,38,0,35,1,0,20,15,"('Captain Morgan','rum','Southern',12,45,53,44,54,NULL,28,16,51,80,-1,0,65,15,1,26,40,NULL,61,-35,2,34,29,NULL,13,21,82,80,15,4,16,68,NULL,34,-18,NULL,20,14,NULL,5,15,NULL,3,2,NULL,1,2,86,2,85,0,74,-72,NULL,36,38,0,35,1,0,20,15),"
Bacardi,rum,Southern,12,40,50,9,81,,11,-2,0,4,7,82,79,7,2,75,6,,46,29,50,89,7,,97,-8,1,88,10,1,94,-5,,67,27,,64,3,,64,0,,54,10,,41,13,1,38,4,0,26,12,17,16,27,0,57,-41,0,27,30,"('Bacardi','rum','Southern',12,40,50,9,81,NULL,11,-2,0,4,7,82,79,7,2,75,6,NULL,46,29,50,89,7,NULL,97,-8,1,88,10,1,94,-5,NULL,67,27,NULL,64,3,NULL,64,0,NULL,54,10,NULL,41,13,1,38,4,0,26,12,17,16,27,0,57,-41,0,27,30),"
Bacardi Limon,rum,Southern,12,12,4,3,13,,3,0,86,37,52,50,53,34,0,56,-3,,7,49,86,55,38,,33,22,50,53,30,82,48,87,,42,6,,14,28,,38,-24,,16,22,,2,14,50,22,30,0,53,-31,,25,28,0,36,-11,0,11,25,"('Bacardi Limon','rum','Southern',12,12,4,3,13,NULL,3,0,86,37,52,50,53,34,0,56,-3,NULL,7,49,86,55,38,NULL,33,22,50,53,30,82,48,87,NULL,42,6,NULL,14,28,NULL,38,-24,NULL,16,22,NULL,2,14,50,22,30,0,53,-31,NULL,25,28,0,36,-11,0,11,25),"
Bicardi Lime,rum,Southern,12,1,0,0,1,,1,-1,1,,2,,,0,,,0,,,,,,0,,,0,,,0,,,0,,,0,,,0,,,0,,,0,,,0,,,0,0,,0,,,0,0,,0,0,,0,"('Bicardi Lime','rum','Southern',12,1,0,0,1,NULL,1,-1,1,NULL,2,NULL,NULL,0,NULL,NULL,0,NULL,NULL,NULL,NULL,NULL,0,NULL,NULL,0,NULL,NULL,0,NULL,NULL,0,NULL,NULL,0,NULL,NULL,0,NULL,NULL,0,NULL,NULL,0,NULL,NULL,0,NULL,NULL,0,0,NULL,0,NULL,NULL,0,0,NULL,0,0,NULL,0),"
151 (goslings or cruzan rico bay),rum,Southern,12,7,,1,6,,3,-2,4,,7,,10,-10,,,10,,,0,,,0,,,0,,,0,,,0,,,0,,,0,,,0,,,0,,,0,,,0,0,,0,,,0,0,,0,0,,0,"('151 (goslings or cruzan rico bay)','rum','Southern',12,7,NULL,1,6,NULL,3,-2,4,NULL,7,NULL,10,-10,NULL,NULL,10,NULL,NULL,0,NULL,NULL,0,NULL,NULL,0,NULL,NULL,0,NULL,NULL,0,NULL,NULL,0,NULL,NULL,0,NULL,NULL,0,NULL,NULL,0,NULL,NULL,0,NULL,NULL,0,0,NULL,0,NULL,NULL,0,0,NULL,0,0,NULL,0),"
Mt. Gay,rum,Southern,12,3,18,9,12,,6,3,1,5,2,3,5,3,0,9,-4,,6,3,0,5,1,,4,1,0,2,2,2,0,4,,4,-4,,4,0,,1,3,,4,-3,,2,2,1,1,2,0,7,-6,,8,-1,0,6,2,0,7,-1,"('Mt. Gay','rum','Southern',12,3,18,9,12,NULL,6,3,1,5,2,3,5,3,0,9,-4,NULL,6,3,0,5,1,NULL,4,1,0,2,2,2,0,4,NULL,4,-4,NULL,4,0,NULL,1,3,NULL,4,-3,NULL,2,2,1,1,2,0,7,-6,NULL,8,-1,0,6,2,0,7,-1),"
Meyers,rum,Empire,12,2,8,1,9,,10,-9,49,59,0,2,57,4,3,57,3,,50,7,1,49,2,,47,2,3,46,4,4,42,8,,35,7,,38,-3,,34,4,,37,-3,,35,2,3,30,8,0,27,3,,27,0,0,27,0,0,23,4,"('Meyers','rum','Empire',12,2,8,1,9,NULL,10,-9,49,59,0,2,57,4,3,57,3,NULL,50,7,1,49,2,NULL,47,2,3,46,4,4,42,8,NULL,35,7,NULL,38,-3,NULL,34,4,NULL,37,-3,NULL,35,2,3,30,8,0,27,3,NULL,27,0,0,27,0,0,23,4),"
Bumbu Rum,rum,Southern,6,3,19,1,21,,,1,29,21,8,4,9,16,,19,-10,,16,3,3,0,19,,15,-15,4,13,6,12,16,9,,14,2,,14,0,,9,5,,4,5,,1,3,1,3,-1,0,2,1,,0,2,0,7,-7,0,6,1,"('Bumbu Rum','rum','Southern',6,3,19,1,21,NULL,NULL,1,29,21,8,4,9,16,NULL,19,-10,NULL,16,3,3,0,19,NULL,15,-15,4,13,6,12,16,9,NULL,14,2,NULL,14,0,NULL,9,5,NULL,4,5,NULL,1,3,1,3,-1,0,2,1,NULL,0,2,0,7,-7,0,6,1),"
Jose Cuervo Gold,tequila,Empire,12,73,0,42,31,,45,-3,,48,-3,4,48,4,4,42,10,,43,-1,4,38,9,,37,1,1,47,-9,2,28,21,,30,-2,,29,1,,27,2,,31,-4,,26,5,3,1,28,0,2,-1,,26,-24,0,26,0,0,24,2,"('Jose Cuervo Gold','tequila','Empire',12,73,0,42,31,NULL,45,-3,NULL,48,-3,4,48,4,4,42,10,NULL,43,-1,4,38,9,NULL,37,1,1,47,-9,2,28,21,NULL,30,-2,NULL,29,1,NULL,27,2,NULL,31,-4,NULL,26,5,3,1,28,0,2,-1,NULL,26,-24,0,26,0,0,24,2),"
Don Julio,tequila,Southern,6,32,0,25,7,,24,1,,14,10,28,28,14,1,16,13,,23,-7,2,19,6,,19,0,3,11,11,26,11,26,,3,8,,1,2,,0,1,,4,-4,,0,4,2,2,0,0,2,0,,12,-10,0,15,-3,0,7,8,"('Don Julio','tequila','Southern',6,32,0,25,7,NULL,24,1,NULL,14,10,28,28,14,1,16,13,NULL,23,-7,2,19,6,NULL,19,0,3,11,11,26,11,26,NULL,3,8,NULL,1,2,NULL,0,1,NULL,4,-4,NULL,0,4,2,2,0,0,2,0,NULL,12,-10,0,15,-3,0,7,8),"
Patron,tequila,Southern,12,2,84,73,13,,44,29,,26,18,19,37,8,2,14,25,,73,-59,1,54,20,,55,-1,0,31,24,84,84,31,,67,17,,51,16,,37,14,,14,23,,12,2,5,2,15,0,0,2,,20,-20,0,8,12,0,3,5,"('Patron','tequila','Southern',12,2,84,73,13,NULL,44,29,NULL,26,18,19,37,8,2,14,25,NULL,73,-59,1,54,20,NULL,55,-1,0,31,24,84,84,31,NULL,67,17,NULL,51,16,NULL,37,14,NULL,14,23,NULL,12,2,5,2,15,0,0,2,NULL,20,-20,0,8,12,0,3,5),"
Milagro,tequila,Empire,6,33,3,18,18,,19,-1,,7,12,12,14,5,28,16,26,,27,-11,4,23,8,,14,9,51,34,31,49,66,17,,103,-37,,102,1,,92,10,,87,5,,78,9,4,76,6,0,63,13,,44,19,0,41,3,0,39,2,"('Milagro','tequila','Empire',6,33,3,18,18,NULL,19,-1,NULL,7,12,12,14,5,28,16,26,NULL,27,-11,4,23,8,NULL,14,9,51,34,31,49,66,17,NULL,103,-37,NULL,102,1,NULL,92,10,NULL,87,5,NULL,78,9,4,76,6,0,63,13,NULL,44,19,0,41,3,0,39,2),"
Avion,tequila,Southern,6,21,,12,9,,15,-3,,12,3,0,15,-3,0,14,1,,13,1,1,15,-1,,15,0,0,12,3,4,8,8,,12,-4,,15,-3,,12,3,,11,1,,10,1,2,14,-2,0,13,1,,14,-1,0,12,2,0,14,-2,"('Avion','tequila','Southern',6,21,NULL,12,9,NULL,15,-3,NULL,12,3,0,15,-3,0,14,1,NULL,13,1,1,15,-1,NULL,15,0,0,12,3,4,8,8,NULL,12,-4,NULL,15,-3,NULL,12,3,NULL,11,1,NULL,10,1,2,14,-2,0,13,1,NULL,14,-1,0,12,2,0,14,-2),"
1800 Tequila,tequila,Empire,6,10,26,11,25,,11,0,25,39,-3,0,37,2,2,29,10,,27,2,1,26,2,,16,10,36,36,16,49,78,7,,70,8,,114,-44,,113,1,,116,-3,,110,6,4,90,24,0,99,-9,,111,-12,0,96,15,0,91,5,"('1800 Tequila','tequila','Empire',6,10,26,11,25,NULL,11,0,25,39,-3,0,37,2,2,29,10,NULL,27,2,1,26,2,NULL,16,10,36,36,16,49,78,7,NULL,70,8,NULL,114,-44,NULL,113,1,NULL,116,-3,NULL,110,6,4,90,24,0,99,-9,NULL,111,-12,0,96,15,0,91,5),"
1800 Coconut Tequila,tequila,Empire,6,7,45,28,24,,20,8,,12,8,9,23,-2,2,14,11,,0,14,41,36,5,1,22,15,53,33,42,66,71,28,,113,-42,,107,6,,96,11,,88,8,,78,10,1,56,23,0,66,-10,,61,5,0,54,7,0,50,4,"('1800 Coconut Tequila','tequila','Empire',6,7,45,28,24,NULL,20,8,NULL,12,8,9,23,-2,2,14,11,NULL,0,14,41,36,5,1,22,15,53,33,42,66,71,28,NULL,113,-42,NULL,107,6,NULL,96,11,NULL,88,8,NULL,78,10,1,56,23,0,66,-10,NULL,61,5,0,54,7,0,50,4),"
Casamigos Blanco,tequila,Southern,6,11,85,25,71,,54,-29,85,29,110,124,130,23,123,31,222,0,64,-33,85,77,72,2,46,33,82,9,119,250,60,199,,65,-5,,4,61,,1,3,,12,-11,,52,-40,4,60,-4,0,38,22,25,4,59,0,11,-7,0,4,7,"('Casamigos Blanco','tequila','Southern',6,11,85,25,71,NULL,54,-29,85,29,110,124,130,23,123,31,222,0,64,-33,85,77,72,2,46,33,82,9,119,250,60,199,NULL,65,-5,NULL,4,61,NULL,1,3,NULL,12,-11,NULL,52,-40,4,60,-4,0,38,22,25,4,59,0,11,-7,0,4,7),"
Casamigos Mezcal,tequila,Southern,6,7,43,19,31,,18,1,,5,13,3,6,2,3,5,4,,12,-7,20,25,7,,22,3,4,22,4,4,12,14,,21,-9,,10,11,,11,-1,,6,5,,4,2,2,1,5,0,12,-11,,8,4,0,1,7,0,4,-3,"('Casamigos Mezcal','tequila','Southern',6,7,43,19,31,NULL,18,1,NULL,5,13,3,6,2,3,5,4,NULL,12,-7,20,25,7,NULL,22,3,4,22,4,4,12,14,NULL,21,-9,NULL,10,11,NULL,11,-1,NULL,6,5,NULL,4,2,2,1,5,0,12,-11,NULL,8,4,0,1,7,0,4,-3),"
818 blanco,tequila,Southern,6,11,,3,8,,3,0,4,2,5,4,1,5,,3,-2,,1,2,28,26,3,,25,1,4,27,2,2,23,6,,19,4,,17,2,,15,2,,15,0,,17,-2,3,15,5,0,15,0,,4,11,0,7,-3,0,4,3,"('818 blanco','tequila','Southern',6,11,NULL,3,8,NULL,3,0,4,2,5,4,1,5,NULL,3,-2,NULL,1,2,28,26,3,NULL,25,1,4,27,2,2,23,6,NULL,19,4,NULL,17,2,NULL,15,2,NULL,15,0,NULL,17,-2,3,15,5,0,15,0,NULL,4,11,0,7,-3,0,4,3),"
818 repasado,tequila,Southern,6,1,,2,-1,,2,0,11,12,1,2,12,2,,5,7,,19,-14,2,15,6,,7,8,53,22,38,61,81,2,,79,2,,78,1,,84,-6,,72,12,,66,6,2,59,9,0,50,9,,41,9,0,47,-6,0,47,0,"('818 repasado','tequila','Southern',6,1,NULL,2,-1,NULL,2,0,11,12,1,2,12,2,NULL,5,7,NULL,19,-14,2,15,6,NULL,7,8,53,22,38,61,81,2,NULL,79,2,NULL,78,1,NULL,84,-6,NULL,72,12,NULL,66,6,2,59,9,0,50,9,NULL,41,9,0,47,-6,0,47,0),"
Jeffersons,whiskey,Southern,6,,,,0,,,0,,,,,,,,,0,,,0,20,16,4,,9,7,#VALUE!,12,,,16,-4,,11,5,,13,-2,,13,0,,14,-1,,13,1,,12,1,0,14,-2,,14,0,0,15,-1,0,13,2,#VALUE!
Jeffersons Reserve,whiskey,Southern,6,,,,0,,,0,,,,,,,,,,,,,17,17,0,,20,-3,#VALUE!,16,,,20,-4,,19,1,,20,-1,,14,6,,16,-2,,13,3,,12,1,0,10,2,,8,2,0,12,-4,0,10,2,#VALUE!
Jeffersons Ocean,whiskey,Southern,6,,,,0,,,0,,,,,,,,,,,,,20,18,2,,11,7,#VALUE!,9,,,10,-1,,11,-1,,12,-1,,12,0,,10,2,,10,0,,10,0,0,11,-1,,10,1,0,14,-4,0,12,2,#VALUE!
Screwball PB Whisky,whiskey,Empire,6,45,0,60,-15,,37,23,,32,5,3,41,-6,4,38,7,,32,6,3,29,6,,19,10,52,51,20,86,49,88,,42,7,,37,5,,39,-2,,36,3,,33,3,4,30,7,0,29,1,,26,3,0,24,2,0,24,0,"('Screwball PB Whisky','whiskey','Empire',6,45,0,60,-15,NULL,37,23,NULL,32,5,3,41,-6,4,38,7,NULL,32,6,3,29,6,NULL,19,10,52,51,20,86,49,88,NULL,42,7,NULL,37,5,NULL,39,-2,NULL,36,3,NULL,33,3,4,30,7,0,29,1,NULL,26,3,0,24,2,0,24,0),"
Fireball,whiskey,Southern,12,7,34,38,3,,22,16,50,70,2,1,68,3,4,40,32,,54,-14,0,45,9,,41,4,3,37,7,50,74,13,,72,2,,72,0,,68,4,,58,10,,59,-1,1,52,8,0,50,2,,49,1,0,53,-4,0,46,7,"('Fireball','whiskey','Southern',12,7,34,38,3,NULL,22,16,50,70,2,1,68,3,4,40,32,NULL,54,-14,0,45,9,NULL,41,4,3,37,7,50,74,13,NULL,72,2,NULL,72,0,NULL,68,4,NULL,58,10,NULL,59,-1,1,52,8,0,50,2,NULL,49,1,0,53,-4,0,46,7),"
Jameson,whiskey,Southern,12,18,84,37,65,,37,0,49,0,86,135,106,29,41,44,103,,82,-38,52,86,48,,45,41,82,97,30,164,166,95,,129,37,,88,41,,80,8,,38,42,,10,28,85,2,93,0,52,-50,20,18,54,0,31,-13,0,18,13,"('Jameson','whiskey','Southern',12,18,84,37,65,NULL,37,0,49,0,86,135,106,29,41,44,103,NULL,82,-38,52,86,48,NULL,45,41,82,97,30,164,166,95,NULL,129,37,NULL,88,41,NULL,80,8,NULL,38,42,NULL,10,28,85,2,93,0,52,-50,20,18,54,0,31,-13,0,18,13),"
Jameson Orange,whiskey,Southern,6,25,0,24,1,,22,2,,19,3,3,22,0,4,21,5,,18,3,0,19,-1,,16,3,4,19,1,1,15,5,,12,3,,13,-1,,7,6,,7,0,,6,1,0,6,0,0,6,0,,5,1,0,3,2,0,6,-3,"('Jameson Orange','whiskey','Southern',6,25,0,24,1,NULL,22,2,NULL,19,3,3,22,0,4,21,5,NULL,18,3,0,19,-1,NULL,16,3,4,19,1,1,15,5,NULL,12,3,NULL,13,-1,NULL,7,6,NULL,7,0,NULL,6,1,0,6,0,0,6,0,NULL,5,1,0,3,2,0,6,-3),"
Tulamore Dew_Bush Mils Irish Whiskey,whiskey,Empire,6,7,4,3,8,,5,-2,,6,-1,2,3,5,1,6,-2,,4,2,11,1,14,,5,-4,4,9,0,1,1,9,,9,-8,,7,2,,7,0,,10,-3,,8,2,2,7,3,0,5,2,,7,-2,0,7,0,0,8,-1,"('Tulamore Dew_Bush Mils Irish Whiskey','whiskey','Empire',6,7,4,3,8,NULL,5,-2,NULL,6,-1,2,3,5,1,6,-2,NULL,4,2,11,1,14,NULL,5,-4,4,9,0,1,1,9,NULL,9,-8,NULL,7,2,NULL,7,0,NULL,10,-3,NULL,8,2,2,7,3,0,5,2,NULL,7,-2,0,7,0,0,8,-1),"
Southern Comfort,whiskey,Empire,12,24,3,21,6,,25,-4,,24,1,0,25,-1,3,18,10,,16,2,19,29,6,,30,-1,0,31,-1,2,26,7,,25,1,,27,-2,,23,4,,21,2,,19,2,2,21,0,0,24,-3,,23,1,0,22,1,0,21,1,"('Southern Comfort','whiskey','Empire',12,24,3,21,6,NULL,25,-4,NULL,24,1,0,25,-1,3,18,10,NULL,16,2,19,29,6,NULL,30,-1,0,31,-1,2,26,7,NULL,25,1,NULL,27,-2,NULL,23,4,NULL,21,2,NULL,19,2,2,21,0,0,24,-3,NULL,23,1,0,22,1,0,21,1),"
Jack Daniels,whiskey,Empire,12,58,0,20,38,,59,-39,,53,6,2,39,16,36,36,39,,9,27,16,76,-51,,55,21,3,41,17,52,48,45,,34,14,,8,26,,82,-74,,58,24,,41,17,51,22,70,0,48,-26,,21,27,0,28,-7,0,7,21,"('Jack Daniels','whiskey','Empire',12,58,0,20,38,NULL,59,-39,NULL,53,6,2,39,16,36,36,39,NULL,9,27,16,76,-51,NULL,55,21,3,41,17,52,48,45,NULL,34,14,NULL,8,26,NULL,82,-74,NULL,58,24,NULL,41,17,51,22,70,0,48,-26,NULL,21,27,0,28,-7,0,7,21),"
Jack Fire,whiskey,Empire,12,22,20,7,35,,5,2,33,27,11,4,28,3,0,30,-2,,27,3,4,30,1,,23,7,4,17,10,53,59,11,,51,8,,48,3,,42,6,,38,4,,40,-2,0,36,4,0,31,5,,27,4,0,25,2,0,26,-1,"('Jack Fire','whiskey','Empire',12,22,20,7,35,NULL,5,2,33,27,11,4,28,3,0,30,-2,NULL,27,3,4,30,1,NULL,23,7,4,17,10,53,59,11,NULL,51,8,NULL,48,3,NULL,42,6,NULL,38,4,NULL,40,-2,0,36,4,0,31,5,NULL,27,4,0,25,2,0,26,-1),"
Jack Honey,whiskey,Empire,12,43,1,23,21,,22,1,,21,1,4,33,-8,1,30,4,,20,10,2,22,0,,37,-15,2,16,23,85,112,-11,,111,1,,103,8,,100,3,,82,18,,100,-18,3,101,2,0,99,2,,99,0,0,89,10,0,83,6,"('Jack Honey','whiskey','Empire',12,43,1,23,21,NULL,22,1,NULL,21,1,4,33,-8,1,30,4,NULL,20,10,2,22,0,NULL,37,-15,2,16,23,85,112,-11,NULL,111,1,NULL,103,8,NULL,100,3,NULL,82,18,NULL,100,-18,3,101,2,0,99,2,NULL,99,0,0,89,10,0,83,6),"
Makers Mark,whiskey,Southern,12,3,18,8,13,,6,2,,6,0,3,8,1,1,5,4,,1,4,17,20,-2,,20,0,1,23,-2,4,19,8,,16,3,,19,-3,,18,1,,17,1,,19,-2,0,20,-1,0,8,12,,9,-1,0,4,5,0,3,1,"('Makers Mark','whiskey','Southern',12,3,18,8,13,NULL,6,2,NULL,6,0,3,8,1,1,5,4,NULL,1,4,17,20,-2,NULL,20,0,1,23,-2,4,19,8,NULL,16,3,NULL,19,-3,NULL,18,1,NULL,17,1,NULL,19,-2,0,20,-1,0,8,12,NULL,9,-1,0,4,5,0,3,1),"
Jim Beam,whiskey,Southern,12,17,2,20,-1,,16,4,,16,0,3,20,-1,0,15,5,,15,0,1,12,4,,12,0,0,8,4,4,7,5,,12,-5,,8,4,,5,3,,3,2,,4,-1,0,1,3,0,4,-3,,4,0,0,3,1,0,4,-1,"('Jim Beam','whiskey','Southern',12,17,2,20,-1,NULL,16,4,NULL,16,0,3,20,-1,0,15,5,NULL,15,0,1,12,4,NULL,12,0,0,8,4,4,7,5,NULL,12,-5,NULL,8,4,NULL,5,3,NULL,3,2,NULL,4,-1,0,1,3,0,4,-3,NULL,4,0,0,3,1,0,4,-1),"
Wild Turkey 81,whiskey,Southern,12,35,2,33,4,,36,-3,,34,2,3,33,4,3,37,-1,,37,0,3,35,5,,36,-1,1,33,4,3,37,-1,,35,2,,34,1,,36,-2,,35,1,,36,-1,0,33,3,0,37,-4,,37,0,0,35,2,0,36,-1,"('Wild Turkey 81 ','whiskey','Southern',12,35,2,33,4,NULL,36,-3,NULL,34,2,3,33,4,3,37,-1,NULL,37,0,3,35,5,NULL,36,-1,1,33,4,3,37,-1,NULL,35,2,NULL,34,1,NULL,36,-2,NULL,35,1,NULL,36,-1,0,33,3,0,37,-4,NULL,37,0,0,35,2,0,36,-1),"
Dewers,whiskey,Southern,12,14,3,17,0,,15,2,,14,1,3,12,5,0,12,0,,12,0,4,15,1,,12,3,3,11,4,2,13,0,,14,-1,,12,2,,14,-2,,12,2,,14,-2,4,10,8,0,9,1,,10,-1,0,10,0,0,8,2,"('Dewers','whiskey','Southern',12,14,3,17,0,NULL,15,2,NULL,14,1,3,12,5,0,12,0,NULL,12,0,4,15,1,NULL,12,3,3,11,4,2,13,0,NULL,14,-1,NULL,12,2,NULL,14,-2,NULL,12,2,NULL,14,-2,4,10,8,0,9,1,NULL,10,-1,0,10,0,0,8,2),"
Chivas Regal,whiskey,Southern,12,3,4,4,3,,2,2,,4,-2,0,4,0,2,2,4,,4,-2,3,4,3,,2,2,1,1,2,3,1,3,,1,0,,0,1,,4,-4,,0,4,,3,-3,2,5,0,0,1,4,,2,-1,0,5,-3,0,2,3,"('Chivas Regal','whiskey','Southern',12,3,4,4,3,NULL,2,2,NULL,4,-2,0,4,0,2,2,4,NULL,4,-2,3,4,3,NULL,2,2,1,1,2,3,1,3,NULL,1,0,NULL,0,1,NULL,4,-4,NULL,0,4,NULL,3,-3,2,5,0,0,1,4,NULL,2,-1,0,5,-3,0,2,3),"
Crown Royal,whiskey,Southern,12,4,19,14,9,,14,0,,12,2,2,12,2,4,11,5,,12,-1,4,8,8,,11,-3,0,8,3,0,7,1,,4,3,,5,-1,,3,2,,4,-1,,4,0,7,2,9,0,2,0,,4,-2,0,0,4,0,2,-2,"('Crown Royal','whiskey','Southern',12,4,19,14,9,NULL,14,0,NULL,12,2,2,12,2,4,11,5,NULL,12,-1,4,8,8,NULL,11,-3,0,8,3,0,7,1,NULL,4,3,NULL,5,-1,NULL,3,2,NULL,4,-1,NULL,4,0,7,2,9,0,2,0,NULL,4,-2,0,0,4,0,2,-2),"
Seagrams 7,whiskey,Southern,12,36,2,29,9,,26,3,,29,-3,3,26,6,1,25,2,,23,2,0,26,-3,,24,2,0,25,-1,0,17,8,,18,-1,,20,-2,,18,2,,17,1,,14,3,3,11,6,0,6,5,,8,-2,0,6,2,0,4,2,"('Seagrams 7','whiskey','Southern',12,36,2,29,9,NULL,26,3,NULL,29,-3,3,26,6,1,25,2,NULL,23,2,0,26,-3,NULL,24,2,0,25,-1,0,17,8,NULL,18,-1,NULL,20,-2,NULL,18,2,NULL,17,1,NULL,14,3,3,11,6,0,6,5,NULL,8,-2,0,6,2,0,4,2),"
Hennessey,whiskey,Empire,12,73,1,61,13,,62,-1,,57,5,1,49,9,4,41,12,,40,1,2,16,26,,12,4,2,7,7,49,44,12,,36,8,,35,1,,12,23,,1,11,,4,-3,19,11,12,0,19,-8,,12,7,0,12,0,0,11,1,"('Hennessey','whiskey','Empire',12,73,1,61,13,NULL,62,-1,NULL,57,5,1,49,9,4,41,12,NULL,40,1,2,16,26,NULL,12,4,2,7,7,49,44,12,NULL,36,8,NULL,35,1,NULL,12,23,NULL,1,11,NULL,4,-3,19,11,12,0,19,-8,NULL,12,7,0,12,0,0,11,1),"
Johnny Walker Red Label,whiskey,Southern,12,17,1,14,4,,14,0,,8,6,3,7,4,2,9,0,,10,-1,1,7,4,,10,-3,0,10,0,0,10,0,,5,5,,8,-3,,8,0,,6,2,,4,2,3,5,2,0,3,2,,7,-4,0,5,2,0,7,-2,"('Johnny Walker Red Label','whiskey','Southern',12,17,1,14,4,NULL,14,0,NULL,8,6,3,7,4,2,9,0,NULL,10,-1,1,7,4,NULL,10,-3,0,10,0,0,10,0,NULL,5,5,NULL,8,-3,NULL,8,0,NULL,6,2,NULL,4,2,3,5,2,0,3,2,NULL,7,-4,0,5,2,0,7,-2),"
Johnny Walker Black Label,whiskey,Southern,12,5,4,1,8,,4,-3,,4,0,0,1,3,19,3,17,,15,-12,2,14,3,,12,2,0,8,4,2,6,4,,6,0,,7,-1,,4,3,,9,-5,,4,5,2,3,3,0,1,2,7,1,7,0,6,-5,0,2,4,"('Johnny Walker Black Label','whiskey','Southern',12,5,4,1,8,NULL,4,-3,NULL,4,0,0,1,3,19,3,17,NULL,15,-12,2,14,3,NULL,12,2,0,8,4,2,6,4,NULL,6,0,NULL,7,-1,NULL,4,3,NULL,9,-5,NULL,4,5,2,3,3,0,1,2,7,1,7,0,6,-5,0,2,4),"
Bullett Burbon,whiskey,Southern,12,0,19,14,5,,13,1,,13,0,3,13,3,0,11,2,,10,1,4,9,5,,1,8,18,17,2,4,15,6,,14,1,,8,6,,5,3,,3,2,,2,1,2,0,4,0,3,-3,,1,2,0,2,-1,0,1,1,"('Bullett Burbon','whiskey','Southern',12,0,19,14,5,NULL,13,1,NULL,13,0,3,13,3,0,11,2,NULL,10,1,4,9,5,NULL,1,8,18,17,2,4,15,6,NULL,14,1,NULL,8,6,NULL,5,3,NULL,3,2,NULL,2,1,2,0,4,0,3,-3,NULL,1,2,0,2,-1,0,1,1),"
B&B,whiskey,Southern,12,35,3,12,26,,16,-4,,12,4,2,14,0,2,10,6,,8,2,4,9,3,,7,2,4,11,0,20,26,5,,24,2,,22,2,,22,0,,22,0,,7,15,3,7,3,0,8,-1,,8,0,0,7,1,0,5,2,"('B&B','whiskey','Southern',12,35,3,12,26,NULL,16,-4,NULL,12,4,2,14,0,2,10,6,NULL,8,2,4,9,3,NULL,7,2,4,11,0,20,26,5,NULL,24,2,NULL,22,2,NULL,22,0,NULL,22,0,NULL,7,15,3,7,3,0,8,-1,NULL,8,0,0,7,1,0,5,2),"
Carolinas Irish Cream,liqueur,Southern,12,3,18,15,6,,12,3,,12,0,,14,-2,3,8,9,,11,-3,3,4,10,,8,-4,2,3,7,17,16,4,,20,-4,,14,6,,14,0,,12,2,,15,-3,1,11,5,0,9,2,,7,2,0,1,6,0,3,-2,"('Carolinas Irish Cream','liqueur','Southern',12,3,18,15,6,NULL,12,3,NULL,12,0,NULL,14,-2,3,8,9,NULL,11,-3,3,4,10,NULL,8,-4,2,3,7,17,16,4,NULL,20,-4,NULL,14,6,NULL,14,0,NULL,12,2,NULL,15,-3,1,11,5,0,9,2,NULL,7,2,0,1,6,0,3,-2),"
Kahlua,liqueur,Southern,12,11,1,8,4,,12,-4,,7,5,,9,-2,16,5,20,,20,-15,0,24,-4,,25,-1,3,23,5,2,19,6,,18,1,,16,2,,16,0,,17,-1,,17,0,2,18,1,0,15,3,,16,-1,0,16,0,0,16,0,"('Kahlua','liqueur','Southern',12,11,1,8,4,NULL,12,-4,NULL,7,5,NULL,9,-2,16,5,20,NULL,20,-15,0,24,-4,NULL,25,-1,3,23,5,2,19,6,NULL,18,1,NULL,16,2,NULL,16,0,NULL,17,-1,NULL,17,0,2,18,1,0,15,3,NULL,16,-1,0,16,0,0,16,0),"
Rumchata,liqueur,Empire,6,9,0,8,1,,11,-3,,3,8,20,19,4,4,4,19,,18,-14,2,20,0,,20,0,1,20,1,4,18,6,,18,0,,20,-2,,19,1,,19,0,,19,0,3,19,3,0,19,0,,20,-1,0,18,2,0,19,-1,"('Rumchata','liqueur','Empire',6,9,0,8,1,NULL,11,-3,NULL,3,8,20,19,4,4,4,19,NULL,18,-14,2,20,0,NULL,20,0,1,20,1,4,18,6,NULL,18,0,NULL,20,-2,NULL,19,1,NULL,19,0,NULL,19,0,3,19,3,0,19,0,NULL,20,-1,0,18,2,0,19,-1),"
St. Germaine,liqueur,Southern,6,15,0,10,5,,11,-1,,11,0,,23,-12,4,19,8,,21,-2,2,19,4,,19,0,0,18,1,2,18,2,,16,2,,17,-1,,20,-3,,20,0,,16,4,4,19,1,0,18,1,,17,1,0,16,1,0,21,-5,"('St. Germaine','liqueur','Southern',6,15,0,10,5,NULL,11,-1,NULL,11,0,NULL,23,-12,4,19,8,NULL,21,-2,2,19,4,NULL,19,0,0,18,1,2,18,2,NULL,16,2,NULL,17,-1,NULL,20,-3,NULL,20,0,NULL,16,4,4,19,1,0,18,1,NULL,17,1,0,16,1,0,21,-5),"
Silver Sambuca,liqueur,Empire,12,3,52,22,33,,20,2,,21,-1,,20,1,2,18,4,,17,1,4,18,3,,17,1,3,16,4,3,17,2,,16,1,,19,-3,,16,3,,18,-2,,17,1,0,17,0,0,18,-1,,17,1,0,16,1,0,19,-3,"('Silver Sambuca','liqueur','Empire',12,3,52,22,33,NULL,20,2,NULL,21,-1,NULL,20,1,2,18,4,NULL,17,1,4,18,3,NULL,17,1,3,16,4,3,17,2,NULL,16,1,NULL,19,-3,NULL,16,3,NULL,18,-2,NULL,17,1,0,17,0,0,18,-1,NULL,17,1,0,16,1,0,19,-3),"
Dark Sambuca,liqueur,Empire,12,0,50,8,42,,6,2,,4,2,,5,-1,0,4,1,,5,-1,1,6,0,,3,3,3,6,0,2,6,2,,3,3,,6,-3,,6,0,,4,2,,6,-2,0,3,3,0,7,-4,,5,2,0,6,-1,0,6,0,"('Dark Sambuca','liqueur','Empire',12,0,50,8,42,NULL,6,2,NULL,4,2,NULL,5,-1,0,4,1,NULL,5,-1,1,6,0,NULL,3,3,3,6,0,2,6,2,NULL,3,3,NULL,6,-3,NULL,6,0,NULL,4,2,NULL,6,-2,0,3,3,0,7,-4,NULL,5,2,0,6,-1,0,6,0),"
Sweet Vermouth,fortified wine,Empire,12,19,4,18,5,,18,0,,18,0,,20,-2,2,18,4,,17,1,0,20,-3,,19,1,2,17,4,4,17,4,,19,-2,,16,3,,18,-2,,17,1,,19,-2,1,16,4,0,15,1,,13,2,0,16,-3,0,14,2,"('Sweet Vermouth','fortified wine','Empire',12,19,4,18,5,NULL,18,0,NULL,18,0,NULL,20,-2,2,18,4,NULL,17,1,0,20,-3,NULL,19,1,2,17,4,4,17,4,NULL,19,-2,NULL,16,3,NULL,18,-2,NULL,17,1,NULL,19,-2,1,16,4,0,15,1,NULL,13,2,0,16,-3,0,14,2),"
Dry Vermouth,fortified wine,Empire,12,19,2,16,5,,18,-2,,18,0,,18,0,0,19,-1,,19,0,1,16,4,,16,0,3,17,2,3,19,1,,19,0,,17,2,,19,-2,,18,1,,16,2,2,11,7,0,13,-2,,10,3,0,14,-4,0,12,2,"('Dry Vermouth','fortified wine','Empire',12,19,2,16,5,NULL,18,-2,NULL,18,0,NULL,18,0,0,19,-1,NULL,19,0,1,16,4,NULL,16,0,3,17,2,3,19,1,NULL,19,0,NULL,17,2,NULL,19,-2,NULL,18,1,NULL,16,2,2,11,7,0,13,-2,NULL,10,3,0,14,-4,0,12,2),"
Grand Marier,liqueur,Southern,6,8,4,6,6,,8,-2,,7,1,,4,3,0,5,-1,,2,3,11,10,3,,14,-4,4,13,5,4,8,9,,8,0,,5,3,,4,1,,6,-2,,8,-2,3,5,6,0,1,4,,2,-1,0,6,-4,0,5,1,"('Grand Marier','liqueur','Southern',6,8,4,6,6,NULL,8,-2,NULL,7,1,NULL,4,3,0,5,-1,NULL,2,3,11,10,3,NULL,14,-4,4,13,5,4,8,9,NULL,8,0,NULL,5,3,NULL,4,1,NULL,6,-2,NULL,8,-2,3,5,6,0,1,4,NULL,2,-1,0,6,-4,0,5,1),"
Jager,liqueur,Southern,12,0,33,23,10,,17,6,,12,5,,7,5,34,48,-7,,38,10,0,45,-7,,35,10,2,23,14,86,69,40,,81,-12,,67,14,,60,7,,51,9,,45,6,2,30,17,0,42,-12,,22,20,0,30,-8,0,23,7,"('Jager','liqueur','Southern',12,0,33,23,10,NULL,17,6,NULL,12,5,NULL,7,5,34,48,-7,NULL,38,10,0,45,-7,NULL,35,10,2,23,14,86,69,40,NULL,81,-12,NULL,67,14,NULL,60,7,NULL,51,9,NULL,45,6,2,30,17,0,42,-12,NULL,22,20,0,30,-8,0,23,7),"
Frangelico,liqueur,Southern,12,32,3,28,7,,26,2,,27,-1,,26,1,0,23,3,,25,-2,0,21,4,,21,0,4,25,0,3,23,5,,25,-2,,26,-1,,23,3,,22,1,,23,-1,2,21,4,0,23,-2,,25,-2,0,22,3,0,19,3,"('Frangelico','liqueur','Southern',12,32,3,28,7,NULL,26,2,NULL,27,-1,NULL,26,1,0,23,3,NULL,25,-2,0,21,4,NULL,21,0,4,25,0,3,23,5,NULL,25,-2,NULL,26,-1,NULL,23,3,NULL,22,1,NULL,23,-1,2,21,4,0,23,-2,NULL,25,-2,0,22,3,0,19,3),"
Pinot Grigio,white wine,Manhatten,12,133,2,129,6,,119,10,,160,-41,,159,1,,89,70,,64,25,3,34,33,53,68,19,86,107,47,,97,10,,72,25,35,55,52,,58,-3,,21,37,,,21,,2,-2,0,79,-77,,44,35,0,56,-12,0,128,-72,"('Pinot Grigio','white wine','Manhatten',12,133,2,129,6,NULL,119,10,NULL,160,-41,NULL,159,1,NULL,89,70,NULL,64,25,3,34,33,53,68,19,86,107,47,NULL,97,10,NULL,72,25,35,55,52,NULL,58,-3,NULL,21,37,NULL,NULL,21,NULL,2,-2,0,79,-77,NULL,44,35,0,56,-12,0,128,-72),"
Chardonnay,white wine,Boening Brothers,6,4,45,29,20,,24,5,,8,16,,8,0,,12,-4,,1,11,41,21,21,2,20,3,0,18,2,1,3,16,,27,-24,,19,8,,51,-32,,49,2,,,49,,25,-25,0,13,12,12,5,20,0,14,-9,0,11,3,"('Chardonnay','white wine','Boening Brothers',6,4,45,29,20,NULL,24,5,NULL,8,16,NULL,8,0,NULL,12,-4,NULL,1,11,41,21,21,2,20,3,0,18,2,1,3,16,NULL,27,-24,NULL,19,8,NULL,51,-32,NULL,49,2,NULL,NULL,49,NULL,25,-25,0,13,12,12,5,20,0,14,-9,0,11,3),"
White Zinfandel,white wine,Boening Brothers,6,11,25,54,-18,,55,-1,,48,7,,52,-4,,44,8,,38,6,4,40,2,4,35,9,2,37,0,0,30,7,,43,-13,,54,-11,,78,-24,,116,-38,,,116,,75,-75,0,91,-16,,83,8,0,86,-3,0,82,4,"('White Zinfandel','white wine','Boening Brothers',6,11,25,54,-18,NULL,55,-1,NULL,48,7,NULL,52,-4,NULL,44,8,NULL,38,6,4,40,2,4,35,9,2,37,0,0,30,7,NULL,43,-13,NULL,54,-11,NULL,78,-24,NULL,116,-38,NULL,NULL,116,NULL,75,-75,0,91,-16,NULL,83,8,0,86,-3,0,82,4),"
Sauvignon Blanc,white wine,Boening Brothers,12,0,51,49,2,,48,1,,38,10,,34,4,,17,17,,11,6,35,34,12,3,18,19,52,61,9,3,11,53,,27,-16,,19,8,,65,-46,,51,14,,,51,,18,-18,0,3,15,17,1,19,0,11,-10,0,5,6,"('Sauvignon Blanc','white wine','Boening Brothers',12,0,51,49,2,NULL,48,1,NULL,38,10,NULL,34,4,NULL,17,17,NULL,11,6,35,34,12,3,18,19,52,61,9,3,11,53,NULL,27,-16,NULL,19,8,NULL,65,-46,NULL,51,14,NULL,NULL,51,NULL,18,-18,0,3,15,17,1,19,0,11,-10,0,5,6),"
Champagne,white wine,Manhatten,12,2,50,42,10,,50,-8,82,61,71,86,119,28,,138,-19,,111,27,0,104,7,4,110,-2,1,115,-4,2,116,1,,102,14,,107,-5,,93,14,,80,13,,,80,,64,-64,0,63,1,,45,18,0,26,19,0,8,18,"('Champagne','white wine','Manhatten',12,2,50,42,10,NULL,50,-8,82,61,71,86,119,28,NULL,138,-19,NULL,111,27,0,104,7,4,110,-2,1,115,-4,2,116,1,NULL,102,14,NULL,107,-5,NULL,93,14,NULL,80,13,NULL,NULL,80,NULL,64,-64,0,63,1,NULL,45,18,0,26,19,0,8,18),"
Cabernet Sauvignon,red wine,Boening Brothers,6,5,29,22,12,,22,0,,19,3,,18,1,,14,4,,9,5,20,8,21,51,32,27,52,55,29,3,43,15,,35,8,,33,2,,38,-5,,60,-22,,,60,,58,-58,0,53,5,,36,17,0,32,4,0,23,9,"('Cabernet Sauvignon','red wine','Boening Brothers',6,5,29,22,12,NULL,22,0,NULL,19,3,NULL,18,1,NULL,14,4,NULL,9,5,20,8,21,51,32,27,52,55,29,3,43,15,NULL,35,8,NULL,33,2,NULL,38,-5,NULL,60,-22,NULL,NULL,60,NULL,58,-58,0,53,5,NULL,36,17,0,32,4,0,23,9),"
Merlot,red wine,Boening Brothers,6,19,27,23,23,,23,0,,38,-15,,28,10,,25,3,,22,3,1,22,1,0,19,3,3,24,-2,2,21,5,,24,-3,,21,3,,19,2,,23,-4,,9,14,,26,-17,0,24,2,,19,5,0,15,4,0,14,1,"('Merlot','red wine','Boening Brothers',6,19,27,23,23,NULL,23,0,NULL,38,-15,NULL,28,10,NULL,25,3,NULL,22,3,1,22,1,0,19,3,3,24,-2,2,21,5,NULL,24,-3,NULL,21,3,NULL,19,2,NULL,23,-4,NULL,9,14,NULL,26,-17,0,24,2,NULL,19,5,0,15,4,0,14,1),"
Pinot Noir,red wine,Boening Brothers,6,15,29,8,36,,37,-29,,27,10,,34,-7,,23,11,,20,3,0,18,2,0,20,-2,1,26,-5,4,14,16,,17,-3,,12,5,,16,-4,,17,-1,,5,12,,8,-3,0,11,-3,12,3,20,0,3,0,0,3,0,"('Pinot Noir','red wine','Boening Brothers',6,15,29,8,36,NULL,37,-29,NULL,27,10,NULL,34,-7,NULL,23,11,NULL,20,3,0,18,2,0,20,-2,1,26,-5,4,14,16,NULL,17,-3,NULL,12,5,NULL,16,-4,NULL,17,-1,NULL,5,12,NULL,8,-3,0,11,-3,12,3,20,0,3,0,0,3,0),"
Cooking Wine (Ask Ron) Bag in the a Box,,Manhatten,12,,,,0,,,0,83,#VALUE!,#VALUE!,0,#VALUE!,#VALUE!,,,#VALUE!,,,0,,,0,,,0,,,0,,,0,,,0,,,0,,,0,,,0,,,0,,,0,0,,0,,,0,0,,0,0,,0,#VALUE!
Island Time Watermelon,frozen mix,Island Time,6,11,2,10,3,,10,0,3,9,4,,0,9,,4,-4,2,17,-11,0,19,-2,,8,11,19,40,-13,2,18,24,,16,2,,20,-4,,16,4,,18,-2,,20,-2,,19,1,0,16,3,,17,-1,0,18,-1,0,17,1,"('Island Time Watermelon','frozen mix','Island Time',6,11,2,10,3,NULL,10,0,3,9,4,NULL,0,9,NULL,4,-4,2,17,-11,0,19,-2,NULL,8,11,19,40,-13,2,18,24,NULL,16,2,NULL,20,-4,NULL,16,4,NULL,18,-2,NULL,20,-2,NULL,19,1,0,16,3,NULL,17,-1,0,18,-1,0,17,1),"
Island Time Strawberry,frozen mix,Island Time,6,59,45,61,43,,54,7,3,51,6,,40,11,,37,3,0,22,15,29,29,22,,44,-15,4,39,9,2,25,16,,31,-6,,23,8,,32,-9,,27,5,,27,0,,22,5,0,6,16,25,6,25,0,5,1,0,5,0,"('Island Time Strawberry','frozen mix','Island Time',6,59,45,61,43,NULL,54,7,3,51,6,NULL,40,11,NULL,37,3,0,22,15,29,29,22,NULL,44,-15,4,39,9,2,25,16,NULL,31,-6,NULL,23,8,NULL,32,-9,NULL,27,5,NULL,27,0,NULL,22,5,0,6,16,25,6,25,0,5,1,0,5,0),"
Island Time Pina,frozen mix,Island Time,6,49,42,47,44,,29,18,3,9,23,,5,4,26,17,14,45,36,26,44,60,20,,41,19,28,53,16,2,2,53,,109,-107,,109,0,,61,48,,51,10,,28,23,,23,5,0,5,18,27,1,31,0,5,-4,0,0,5,"('Island Time Pina','frozen mix','Island Time',6,49,42,47,44,NULL,29,18,3,9,23,NULL,5,4,26,17,14,45,36,26,44,60,20,NULL,41,19,28,53,16,2,2,53,NULL,109,-107,NULL,109,0,NULL,61,48,NULL,51,10,NULL,28,23,NULL,23,5,0,5,18,27,1,31,0,5,-4,0,0,5),"
Island Time Marg,frozen mix,Island Time,6,69,2,67,4,,55,12,1,59,-3,,55,4,,50,5,2,46,6,1,41,6,,38,3,4,38,4,2,29,11,,25,4,,45,-20,,38,7,,24,14,,21,3,,14,7,0,8,6,27,7,28,0,5,2,0,3,2,"('Island Time Marg','frozen mix','Island Time',6,69,2,67,4,NULL,55,12,1,59,-3,NULL,55,4,NULL,50,5,2,46,6,1,41,6,NULL,38,3,4,38,4,2,29,11,NULL,25,4,NULL,45,-20,NULL,38,7,NULL,24,14,NULL,21,3,NULL,14,7,0,8,6,27,7,28,0,5,2,0,3,2),"
Peach,frozen mix,Tropical Sensation,6,4,11,1,14,,4,-3,19,14,9,,16,-2,,5,11,1,18,-12,4,17,5,,16,1,4,15,5,3,14,4,,18,-4,,13,5,,11,2,,10,1,,15,-5,,18,-3,0,14,4,,10,4,0,12,-2,0,14,-2,"('Peach','frozen mix','Tropical Sensation',6,4,11,1,14,NULL,4,-3,19,14,9,NULL,16,-2,NULL,5,11,1,18,-12,4,17,5,NULL,16,1,4,15,5,3,14,4,NULL,18,-4,NULL,13,5,NULL,11,2,NULL,10,1,NULL,15,-5,NULL,18,-3,0,14,4,NULL,10,4,0,12,-2,0,14,-2),"
Mango,frozen mix,Tropical Sensation,6,3,9,3,9,,1,2,18,18,1,,14,4,,1,13,0,13,-12,2,11,4,,10,1,1,12,-1,2,4,10,,4,0,,7,-3,,15,-8,,12,3,,0,12,,2,-2,0,10,-8,,12,-2,0,11,1,0,8,3,"('Mango','frozen mix','Tropical Sensation',6,3,9,3,9,NULL,1,2,18,18,1,NULL,14,4,NULL,1,13,0,13,-12,2,11,4,NULL,10,1,1,12,-1,2,4,10,NULL,4,0,NULL,7,-3,NULL,15,-8,NULL,12,3,NULL,0,12,NULL,2,-2,0,10,-8,NULL,12,-2,0,11,1,0,8,3),"
Red Bull,redbull,Manhatten,24,4,27,24,7,,7,17,27,17,17,30,29,18,29,7,51,31,16,22,29,19,26,17,20,16,28,29,19,31,11,49,29,12,28,28,17,23,21,19,19,,11,8,,13,-2,18,4,27,0,7,-3,18,8,17,0,14,-6,0,14,0,"('Red Bull','redbull','Manhatten',24,4,27,24,7,NULL,7,17,27,17,17,30,29,18,29,7,51,31,16,22,29,19,26,17,20,16,28,29,19,31,11,49,29,12,28,28,17,23,21,19,19,NULL,11,8,NULL,13,-2,18,4,27,0,7,-3,18,8,17,0,14,-6,0,14,0),"
SF Red Bull,redbull,Manhatten,24,3,15,14,4,,7,7,28,26,30,31,53,4,4,44,13,0,35,9,3,22,16,30,48,4,1,42,7,4,32,14,,22,10,24,42,4,10,40,12,,32,8,,23,9,15,0,38,0,16,-16,7,10,13,0,14,-4,0,7,7,"('SF Red Bull','redbull','Manhatten',24,3,15,14,4,NULL,7,7,28,26,30,31,53,4,4,44,13,0,35,9,3,22,16,30,48,4,1,42,7,4,32,14,NULL,22,10,24,42,4,10,40,12,NULL,32,8,NULL,23,9,15,0,38,0,16,-16,7,10,13,0,14,-4,0,7,7),"
Red Bull Coconut,redbull,Manhatten,24,3,9,1,11,,4,-3,17,5,16,30,25,10,0,12,13,27,26,13,1,13,14,15,17,11,4,6,15,23,8,21,14,11,11,9,5,15,14,14,5,,12,2,,7,5,10,2,15,0,1,1,,2,-1,0,3,-1,0,1,2,"('Red Bull Coconut','redbull','Manhatten',24,3,9,1,11,NULL,4,-3,17,5,16,30,25,10,0,12,13,27,26,13,1,13,14,15,17,11,4,6,15,23,8,21,14,11,11,9,5,15,14,14,5,NULL,12,2,NULL,7,5,10,2,15,0,1,1,NULL,2,-1,0,3,-1,0,1,2),"
Red Bull Tropical,redbull,Manhatten,24,3,,,3,,1,-1,14,12,3,17,25,4,4,16,13,17,30,3,0,17,13,14,21,10,0,35,-14,1,22,14,,27,-5,3,19,11,1,16,4,,12,4,,11,1,1,6,6,0,5,1,,0,5,0,3,-3,0,6,-3,"('Red Bull Tropical','redbull','Manhatten',24,3,NULL,NULL,3,NULL,1,-1,14,12,3,17,25,4,4,16,13,17,30,3,0,17,13,14,21,10,0,35,-14,1,22,14,NULL,27,-5,3,19,11,1,16,4,NULL,12,4,NULL,11,1,1,6,6,0,5,1,NULL,0,5,0,3,-3,0,6,-3),"
Red Bull Watermelon,redbull,Manhatten,24,4,10,8,6,,4,4,15,12,7,7,20,-1,2,14,8,1,12,3,7,15,4,2,12,5,16,21,7,2,16,7,,21,-5,4,10,15,4,24,-10,,20,4,,14,6,0,13,1,0,12,1,,3,9,0,6,-3,0,5,1,"('Red Bull Watermelon','redbull','Manhatten',24,4,10,8,6,NULL,4,4,15,12,7,7,20,-1,2,14,8,1,12,3,7,15,4,2,12,5,16,21,7,2,16,7,NULL,21,-5,4,10,15,4,24,-10,NULL,20,4,NULL,14,6,0,13,1,0,12,1,NULL,3,9,0,6,-3,0,5,1),"
Kona Big Wave,keg,Clare Rose,,4,8,6,6,,4,2,7,6,5,7,11,2,4,4,11,5,4,5,10,12,2,2,5,9,8,9,4,5,5,9,,1,4,,1,0,,1,0,6,11,-4,1,6,6,5,6,5,0,8,-2,,0,8,0,,0,0,4,-4,"('Kona Big Wave','keg','Clare Rose',NULL,4,8,6,6,NULL,4,2,7,6,5,7,11,2,4,4,11,5,4,5,10,12,2,2,5,9,8,9,4,5,5,9,NULL,1,4,NULL,1,0,NULL,1,0,6,11,-4,1,6,6,5,6,5,0,8,-2,NULL,0,8,0,NULL,0,0,4,-4),"
Bud Light Keg,keg,Clare Rose,,1,4,8,-3,,6,2,5,7,4,1,6,2,7,6,7,,5,1,7,10,2,2,8,4,1,8,1,4,5,7,,0,5,,4,-4,,1,3,3,10,-6,0,11,-1,4,7,8,0,9,-2,,7,2,0,8,-1,0,4,4,"('Bud Light Keg','keg','Clare Rose',NULL,1,4,8,-3,NULL,6,2,5,7,4,1,6,2,7,6,7,NULL,5,1,7,10,2,2,8,4,1,8,1,4,5,7,NULL,0,5,NULL,4,-4,NULL,1,3,3,10,-6,0,11,-1,4,7,8,0,9,-2,NULL,7,2,0,8,-1,0,4,4),"
Michelob Ultra Keg,keg,Clare Rose,,4,11,8,7,,8,0,1,11,-2,3,6,8,1,6,1,,8,-2,3,7,4,2,7,2,6,6,7,1,8,-1,,8,0,,7,1,,6,1,2,5,3,4,4,5,1,5,0,0,3,2,,9,-6,0,6,3,0,0,6,"('Michelob Ultra Keg','keg','Clare Rose',NULL,4,11,8,7,NULL,8,0,1,11,-2,3,6,8,1,6,1,NULL,8,-2,3,7,4,2,7,2,6,6,7,1,8,-1,NULL,8,0,NULL,7,1,NULL,6,1,2,5,3,4,4,5,1,5,0,0,3,2,NULL,9,-6,0,6,3,0,0,6),"
Michelob Ultra,beer,Clare Rose,,,,,0,,,0,29,2,0,27,27,2,3,3,27,58,23,38,59,56,26,26,43,39,30,41,32,69,34,76,,43,-9,,18,25,,31,-13,1,8,24,16,1,23,29,4,26,0,4,0,,21,-17,0,16,5,0,5,11,"('Michelob Ultra','beer','Clare Rose',NULL,NULL,NULL,NULL,0,NULL,NULL,0,29,2,0,27,27,2,3,3,27,58,23,38,59,56,26,26,43,39,30,41,32,69,34,76,NULL,43,-9,NULL,18,25,NULL,31,-13,1,8,24,16,1,23,29,4,26,0,4,0,NULL,21,-17,0,16,5,0,5,11),"
Budweiser,beer,Clare Rose,,0,27,17,10,,15,2,7,23,-1,,19,4,4,11,12,4,6,9,16,14,8,10,18,6,3,14,7,10,10,14,,22,-12,,16,6,,14,2,0,8,6,,7,1,10,3,14,0,1,2,8,0,9,0,6,-6,0,9,-3,"('Budweiser','beer','Clare Rose',NULL,0,27,17,10,NULL,15,2,7,23,-1,NULL,19,4,4,11,12,4,6,9,16,14,8,10,18,6,3,14,7,10,10,14,NULL,22,-12,NULL,16,6,NULL,14,2,0,8,6,NULL,7,1,10,3,14,0,1,2,8,0,9,0,6,-6,0,9,-3),"
Bud Light,beer,Clare Rose,,1,71,27,45,,19,8,28,33,14,44,65,12,3,26,42,24,28,22,24,37,15,35,56,16,3,42,17,30,32,40,,55,-23,,42,13,,48,-6,4,37,15,17,51,3,2,41,12,0,27,14,8,15,20,0,11,4,0,11,0,"('Bud Light','beer','Clare Rose',NULL,1,71,27,45,NULL,19,8,28,33,14,44,65,12,3,26,42,24,28,22,24,37,15,35,56,16,3,42,17,30,32,40,NULL,55,-23,NULL,42,13,NULL,48,-6,4,37,15,17,51,3,2,41,12,0,27,14,8,15,20,0,11,4,0,11,0),"
Blue Point Toasted ,beer,Clare Rose,,0,14,15,-1,,15,0,17,27,5,,19,8,14,35,-2,,24,11,2,14,12,15,18,11,14,27,5,4,30,1,,52,-22,,47,5,,65,-18,3,48,20,,37,11,1,21,17,0,12,9,4,2,14,0,3,-1,0,17,-14,"('Blue Point Toasted ','beer','Clare Rose',NULL,0,14,15,-1,NULL,15,0,17,27,5,NULL,19,8,14,35,-2,NULL,24,11,2,14,12,15,18,11,14,27,5,4,30,1,NULL,52,-22,NULL,47,5,NULL,65,-18,3,48,20,NULL,37,11,1,21,17,0,12,9,4,2,14,0,3,-1,0,17,-14),"
Blue Point Summer,beer,Clare Rose,,4,14,13,5,16,3,26,38,39,2,44,56,27,0,54,2,,47,7,0,4,43,38,20,22,35,37,18,34,52,19,,40,12,,18,22,,55,-37,4,18,41,,3,15,,0,3,0,0,0,,2,-2,0,1,1,0,0,1,"('Blue Point Summer','beer','Clare Rose',NULL,4,14,13,5,16,3,26,38,39,2,44,56,27,0,54,2,NULL,47,7,0,4,43,38,20,22,35,37,18,34,52,19,NULL,40,12,NULL,18,22,NULL,55,-37,4,18,41,NULL,3,15,NULL,0,3,0,0,0,NULL,2,-2,0,1,1,0,0,1),"
Heinekein,beer,Clare Rose,,0,27,0,27,,0,0,43,12,31,42,45,9,9,12,42,42,22,32,45,45,22,70,36,25,2,38,0,31,30,39,,45,-15,,32,13,,29,3,0,8,21,27,18,17,8,3,23,0,2,1,10,3,9,0,1,2,0,11,-10,"('Heinekein','beer','Clare Rose',NULL,0,27,0,27,NULL,0,0,43,12,31,42,45,9,9,12,42,42,22,32,45,45,22,70,36,25,2,38,0,31,30,39,NULL,45,-15,NULL,32,13,NULL,29,3,0,8,21,27,18,17,8,3,23,0,2,1,10,3,9,0,1,2,0,11,-10),"
Heinekein Silver,beer,Clare Rose,,4,8,4,8,,4,0,23,14,13,22,20,16,21,29,12,,20,9,22,34,8,3,33,4,0,20,13,29,32,17,,26,6,,24,2,,16,8,4,7,13,11,3,15,8,3,8,0,1,2,8,5,4,0,8,-3,0,8,0,"('Heinekein Silver','beer','Clare Rose',NULL,4,8,4,8,NULL,4,0,23,14,13,22,20,16,21,29,12,NULL,20,9,22,34,8,3,33,4,0,20,13,29,32,17,NULL,26,6,NULL,24,2,NULL,16,8,4,7,13,11,3,15,8,3,8,0,1,2,8,5,4,0,8,-3,0,8,0),"
Corona,beer,Manhatten,,2,104,10,96,,13,-3,148,70,91,152,100,122,152,112,140,141,205,48,4,163,46,4,96,71,44,96,44,86,59,123,27,36,50,,45,-9,100,71,74,,110,-39,,74,36,55,13,116,0,23,-10,31,1,53,0,22,-21,0,22,0,"('Corona','beer','Manhatten',NULL,2,104,10,96,NULL,13,-3,148,70,91,152,100,122,152,112,140,141,205,48,4,163,46,4,96,71,44,96,44,86,59,123,27,36,50,NULL,45,-9,100,71,74,NULL,110,-39,NULL,74,36,55,13,116,0,23,-10,31,1,53,0,22,-21,0,22,0),"
Corona Light,beer,Manhatten,,1,59,17,43,,3,14,82,43,42,85,97,31,38,50,85,85,73,62,86,131,28,2,93,40,1,71,23,42,18,95,82,65,35,,29,36,,1,28,,83,-82,,72,11,29,41,60,0,39,2,24,5,58,0,6,-1,0,4,2,"('Corona Light','beer','Manhatten',NULL,1,59,17,43,NULL,3,14,82,43,42,85,97,31,38,50,85,85,73,62,86,131,28,2,93,40,1,71,23,42,18,95,82,65,35,NULL,29,36,NULL,1,28,NULL,83,-82,NULL,72,11,29,41,60,0,39,2,24,5,58,0,6,-1,0,4,2),"
Pacifico,beer,Manhatten,,0,18,14,4,,11,3,16,16,11,18,22,12,16,25,13,,22,3,2,23,1,2,20,5,3,16,7,1,8,9,,1,7,,11,-10,3,15,-1,,16,-1,,9,7,2,10,1,0,4,6,,0,4,0,0,0,0,1,-1,"('Pacifico','beer','Manhatten',NULL,0,18,14,4,NULL,11,3,16,16,11,18,22,12,16,25,13,NULL,22,3,2,23,1,2,20,5,3,16,7,1,8,9,NULL,1,7,NULL,11,-10,3,15,-1,NULL,16,-1,NULL,9,7,2,10,1,0,4,6,NULL,0,4,0,0,0,0,1,-1),"
Miller Lite,beer,Boening,,3,15,0,18,,1,-1,,15,-14,,13,2,,4,9,,3,1,73,48,28,4,36,16,1,24,13,25,6,43,,23,-17,,13,10,,30,-17,,26,4,,14,12,17,2,29,0,0,2,14,0,14,0,2,-2,0,0,2,"('Miller Lite','beer','Boening',NULL,3,15,0,18,NULL,1,-1,NULL,15,-14,NULL,13,2,NULL,4,9,NULL,3,1,73,48,28,4,36,16,1,24,13,25,6,43,NULL,23,-17,NULL,13,10,NULL,30,-17,NULL,26,4,NULL,14,12,17,2,29,0,0,2,14,0,14,0,2,-2,0,0,2),"
Montauk Summer,beer,Boening,,3,14,8,9,,9,-1,,16,-7,,12,4,,7,5,,6,1,11,11,6,2,9,4,2,3,8,17,16,4,,17,-1,,17,0,,23,-6,,24,-1,,20,4,1,18,3,0,13,5,,10,3,0,10,0,0,12,-2,"('Montauk Summer','beer','Boening',NULL,3,14,8,9,NULL,9,-1,NULL,16,-7,NULL,12,4,NULL,7,5,NULL,6,1,11,11,6,2,9,4,2,3,8,17,16,4,NULL,17,-1,NULL,17,0,NULL,23,-6,NULL,24,-1,NULL,20,4,1,18,3,0,13,5,NULL,10,3,0,10,0,0,12,-2),"
Montauk Wave Chaser IPA,beer,Boening,,0,14,6,8,,5,1,,20,-15,,16,4,,3,13,,4,-1,25,12,17,24,3,33,43,31,15,29,30,30,,29,1,,20,9,,26,-6,,15,11,,4,11,11,4,11,0,3,1,9,3,9,0,1,2,0,3,-2,"('Montauk Wave Chaser IPA','beer','Boening',NULL,0,14,6,8,NULL,5,1,NULL,20,-15,NULL,16,4,NULL,3,13,NULL,4,-1,25,12,17,24,3,33,43,31,15,29,30,30,NULL,29,1,NULL,20,9,NULL,26,-6,NULL,15,11,NULL,4,11,11,4,11,0,3,1,9,3,9,0,1,2,0,3,-2),"
Heinekein Zero N/A,beer,Clare Rose,,3,11,8,6,,9,-1,,5,4,9,5,9,11,15,1,,13,2,3,12,4,0,9,3,2,6,5,1,5,2,,11,-6,,10,1,,9,1,,4,5,,1,3,6,2,5,0,1,1,8,2,7,0,3,-1,0,4,-1,"('Heinekein Zero N/A','beer','Clare Rose',NULL,3,11,8,6,NULL,9,-1,NULL,5,4,9,5,9,11,15,1,NULL,13,2,3,12,4,0,9,3,2,6,5,1,5,2,NULL,11,-6,NULL,10,1,NULL,9,1,NULL,4,5,NULL,1,3,6,2,5,0,1,1,8,2,7,0,3,-1,0,4,-1),"
Nutrl Pineapple,seltzer,Clare Rose,,0,29,25,4,,18,7,17,23,12,24,34,13,18,34,18,,18,16,23,26,15,1,4,23,44,30,18,27,22,35,,31,-9,,8,23,,36,-28,,15,21,30,20,25,37,0,57,0,24,-24,16,12,28,0,16,-4,0,17,-1,"('Nutrl Pineapple','seltzer','Clare Rose',NULL,0,29,25,4,NULL,18,7,17,23,12,24,34,13,18,34,18,NULL,18,16,23,26,15,1,4,23,44,30,18,27,22,35,NULL,31,-9,NULL,8,23,NULL,36,-28,NULL,15,21,30,20,25,37,0,57,0,24,-24,16,12,28,0,16,-4,0,17,-1),"
Nutrl Watermelon,seltzer,Clare Rose,,,15,8,7,,6,2,15,8,13,25,21,12,17,16,22,21,24,13,21,22,23,28,4,46,41,30,15,31,10,51,,30,-20,,12,18,,37,-25,,12,25,23,15,20,36,3,48,0,19,-16,22,2,39,0,15,-13,0,15,0,"('Nutrl Watermelon','seltzer','Clare Rose',NULL,NULL,15,8,7,NULL,6,2,15,8,13,25,21,12,17,16,22,21,24,13,21,22,23,28,4,46,41,30,15,31,10,51,NULL,30,-20,NULL,12,18,NULL,37,-25,NULL,12,25,23,15,20,36,3,48,0,19,-16,22,2,39,0,15,-13,0,15,0),"
Nutrl Lemonade,seltzer,Clare Rose,,3,,0,3,,0,0,28,26,2,14,36,4,2,27,11,,22,5,0,17,5,3,18,2,4,14,8,17,20,11,,44,-24,,35,9,,44,-9,,36,8,,36,0,3,26,13,0,19,7,,17,2,0,14,3,0,14,0,"('Nutrl Lemonade','seltzer','Clare Rose',NULL,3,NULL,0,3,NULL,0,0,28,26,2,14,36,4,2,27,11,NULL,22,5,0,17,5,3,18,2,4,14,8,17,20,11,NULL,44,-24,NULL,35,9,NULL,44,-9,NULL,36,8,NULL,36,0,3,26,13,0,19,7,NULL,17,2,0,14,3,0,14,0),"
Highnoon Pineapple,seltzer,Empire,,49,29,43,35,,23,20,71,33,61,137,143,27,35,89,89,,21,68,138,113,46,41,42,112,139,142,39,34,6,170,346,195,157,343,182,356,,188,-6,,134,54,,96,38,43,45,94,0,64,-19,30,8,86,0,25,-17,0,19,6,"('Highnoon Pineapple','seltzer','Empire',NULL,49,29,43,35,NULL,23,20,71,33,61,137,143,27,35,89,89,NULL,21,68,138,113,46,41,42,112,139,142,39,34,6,170,346,195,157,343,182,356,NULL,188,-6,NULL,134,54,NULL,96,38,43,45,94,0,64,-19,30,8,86,0,25,-17,0,19,6),"
Highnoon Peach,seltzer,Empire,,39,30,31,38,,11,20,70,21,60,138,132,27,36,62,106,,11,51,137,89,59,43,24,108,138,140,22,36,2,174,344,252,94,346,178,420,,145,33,,98,47,,67,31,41,16,92,0,63,-47,27,11,79,0,31,-20,0,27,4,"('Highnoon Peach','seltzer','Empire',NULL,39,30,31,38,NULL,11,20,70,21,60,138,132,27,36,62,106,NULL,11,51,137,89,59,43,24,108,138,140,22,36,2,174,344,252,94,346,178,420,NULL,145,33,NULL,98,47,NULL,67,31,41,16,92,0,63,-47,27,11,79,0,31,-20,0,27,4),"
Budlight Sltzer,seltzer,Clare Rose,,0,16,9,7,,8,1,14,18,4,,18,0,4,13,9,,8,5,9,11,6,0,23,-12,0,22,1,4,16,10,,38,-22,,37,1,,38,-1,,36,2,,32,4,1,28,5,0,27,1,,27,0,0,22,5,0,24,-2,"('Budlight Sltzer','seltzer','Clare Rose',NULL,0,16,9,7,NULL,8,1,14,18,4,NULL,18,0,4,13,9,NULL,8,5,9,11,6,0,23,-12,0,22,1,4,16,10,NULL,38,-22,NULL,37,1,NULL,38,-1,NULL,36,2,NULL,32,4,1,28,5,0,27,1,NULL,27,0,0,22,5,0,24,-2),"
Happy Dad,seltzer,Boening,,0,14,13,1,,7,6,,20,-13,,14,6,,9,5,,3,6,14,11,6,13,1,23,16,14,3,17,4,27,,19,-15,,12,7,,11,1,,2,9,,3,-1,10,1,12,0,8,-7,9,12,5,0,15,-3,0,6,9,"('Happy Dad','seltzer','Boening',NULL,0,14,13,1,NULL,7,6,NULL,20,-13,NULL,14,6,NULL,9,5,NULL,3,6,14,11,6,13,1,23,16,14,3,17,4,27,NULL,19,-15,NULL,12,7,NULL,11,1,NULL,2,9,NULL,3,-1,10,1,12,0,8,-7,9,12,5,0,15,-3,0,6,9),"
White Claw,seltzer,Manhatten,,0,17,3,14,,3,0,34,10,27,38,39,9,0,21,18,,4,17,37,53,-12,0,41,12,1,27,15,18,17,28,15,19,13,,19,0,9,10,18,,11,-1,,16,-5,15,5,26,0,6,-1,10,3,13,0,6,-3,0,9,-3,"('White Claw','seltzer','Manhatten',NULL,0,17,3,14,NULL,3,0,34,10,27,38,39,9,0,21,18,NULL,4,17,37,53,-12,0,41,12,1,27,15,18,17,28,15,19,13,NULL,19,0,9,10,18,NULL,11,-1,NULL,16,-5,15,5,26,0,6,-1,10,3,13,0,6,-3,0,9,-3);"