"item","category","company","number_per_case","oh_leftover_2023","opening_order_2024","oh_4_29","thru_4_29","order_5_6","oh_5_6","thru_5_6","order_5_13","oh_5_13","thru_5_15","order_5_20","oh_5_20","thru_5_20","order_5_28","oh_5_28","thru_5_28","order_6_5","oh_6_5","thru_6_5","order_6_10","oh_6_10","thru_6_10","order_6_17","oh_6_17","thru_6_17","order_6_24","oh_6_24","thru_6_24","order_7_1","oh_7_1","thru_7_1","order_7_8","oh_7_8","thru_7_8","order_7_15","oh_7_15","thru_7_15","order_7_22","oh_7_22","thru_7_22","order_7_29","oh_7_29","thru_7_29","order_8_5","oh_8_5","thru_8_5","order_8_12","oh_8_12","thru_8_12","order_8_19","oh_8_19","thru_8_19","order_8_26","oh_8_26","thru_8_26","order_9_5","ohBNW_9_5","ohBARS_9_5","oh_9_5","thru_9_5","order_9_9","ohBNW_9_9","ohBARS_9_9","oh_9_9","thru_9_9","order_9_16","ohBNW_9_16","ohBARS_9_16","oh_9_16","thru_9_16","order_9_25","ohBNW_9_25","ohBARS_9_25","oh_9_25","thru_9_25","order_10_1","ohBNW_10_1","ohBARS_10_1","oh_10_1","thru_10_1","order_10_7","ohBNW_10_7","ohBARS_10_7","oh_10_7","thru_10_7","order_10_14","ohBNW_10_14","ohBARS_10_14","crab_took_10_14","oh_10_14","thru_10_14"
"151 Rum","rum","Empire",12,NA,NA,NA,NA,NA,NA,NA,NA,NA,NA,NA,NA,NA,NA,NA,NA,NA,2,NA,20,21,1,NA,20,1,NA,16,4,NA,14,2,NA,3,11,17,19,1,NA,18,1,NA,15,3,NA,12,3,NA,13,NA,NA,9,4,NA,7,2,12,13,12,25,NA,NA,15,12,24,NA,NA,12,10,22,5,NA,14,13,23,NA,NA,15,10,25,2,NA,14,8,23,3,NA,18,9,NA,21,NA
"1800 Coconut Tequila","tequila","Empire",6,44,0,24,20,4,28,0,NA,27,1,NA,27,0,NA,17,10,20,22,15,18,17,23,33,36,14,NA,18,18,36,42,12,NA,30,12,20,31,19,NA,19,12,NA,7,12,16,19,4,NA,15,4,NA,5,10,8,7,6,8,1,NA,1,14,NA,3,NA,0,NA,NA,2,NA,0,1,NA,1,NA,1,1,NA,3,NA,1,NA,NA,0,NA,4,3,NA,3,NA,NA,4,NA
"1800 Tequila","tequila","Empire",6,70,4,44,30,4,46,2,NA,51,NA,NA,49,2,NA,42,7,NA,42,0,NA,38,4,NA,38,0,NA,41,NA,NA,26,15,NA,22,4,10,29,3,NA,22,7,NA,16,6,NA,16,0,NA,13,3,NA,11,2,NA,11,0,NA,5,NA,4,6,NA,2,NA,4,3,NA,2,NA,1,0,NA,4,NA,0,NA,NA,0,NA,1,4,NA,3,NA,3,NA,NA,4,NA,NA,3,NA
"Absolut Mango","vodka","Southern",12,62,0,62,0,4,37,29,NA,21,16,18,40,NA,NA,40,0,18,50,8,NA,48,2,NA,44,4,NA,42,2,NA,30,12,NA,24,6,NA,22,2,19,33,8,NA,26,7,NA,26,0,NA,25,1,NA,17,8,NA,18,NA,NA,8,NA,11,10,NA,17,15,28,NA,NA,16,13,28,3,NA,16,13,23,0,NA,16,3,20,10,NA,20,5,23,NA,NA,19,6,NA,24,0
"Absolute Citron","vodka","Southern",12,29,18,12,35,19,22,9,NA,19,3,17,29,7,NA,20,9,37,32,25,19,41,10,NA,36,5,NA,32,4,NA,21,11,NA,21,0,NA,12,9,NA,8,4,20,16,12,NA,14,2,NA,10,4,NA,7,3,NA,3,4,NA,1,15,15,NA,NA,7,14,23,NA,NA,8,14,19,NA,NA,7,11,12,4,NA,8,7,14,3,NA,6,7,10,2,NA,9,6,NA,14,NA
"Absolute Vanilla","vodka","Southern",12,43,0,43,0,4,33,14,NA,31,2,NA,34,NA,NA,30,4,NA,33,NA,NA,30,3,NA,29,1,NA,29,0,NA,32,NA,NA,30,2,NA,26,4,NA,25,1,NA,23,2,NA,23,0,NA,24,NA,NA,22,2,NA,22,0,NA,18,NA,20,4,NA,18,NA,18,0,NA,21,NA,19,NA,NA,21,NA,22,0,NA,20,NA,21,1,NA,20,NA,21,0,NA,15,NA,8,13,NA
"Amaretto","liqueur","Southern",12,81,0,62,19,3,60,5,NA,61,NA,NA,59,2,NA,45,14,NA,42,3,NA,40,2,NA,27,13,17,32,12,35,59,8,NA,49,10,NA,35,14,NA,37,NA,NA,29,8,NA,23,6,NA,18,5,NA,17,1,NA,11,6,16,17,3,21,7,19,35,5,39,NA,NA,32,5,34,3,NA,31,5,30,1,NA,25,4,26,7,NA,28,2,29,NA,NA,28,3,NA,29,NA
"B&B","whiskey","Southern",12,27,4,26,5,2,25,3,NA,23,2,NA,25,NA,NA,27,NA,NA,23,4,NA,23,0,NA,24,NA,NA,24,0,NA,22,2,NA,21,1,NA,21,0,NA,19,2,NA,21,NA,NA,22,NA,NA,21,1,NA,16,5,NA,20,NA,NA,19,NA,18,1,NA,16,NA,17,3,NA,19,NA,15,NA,NA,17,NA,15,2,NA,19,NA,18,NA,NA,17,NA,17,2,NA,19,NA,NA,18,NA
"Bacardi","rum","Southern",12,40,35,34,41,2,33,3,NA,18,15,19,37,0,18,47,8,NA,34,13,NA,26,8,20,34,12,NA,26,8,36,43,19,NA,34,9,NA,30,4,NA,18,12,20,34,4,NA,30,4,NA,29,1,NA,11,18,NA,9,2,NA,22,20,42,NA,NA,18,19,39,5,NA,19,17,32,1,NA,16,17,30,3,NA,18,14,29,1,NA,17,15,30,0,NA,17,18,NA,28,NA
"Bacardi Limon","rum","Southern",12,42,18,4,56,83,56,31,16,56,16,19,63,12,20,28,55,49,19,58,67,24,62,70,28,66,66,35,59,185,100,120,35,86,49,37,53,70,50,48,55,51,63,36,19,40,42,NA,18,22,34,19,33,35,28,26,19,16,30,45,1,NA,16,19,33,11,NA,15,17,27,3,NA,8,11,17,13,NA,6,14,20,NA,NA,8,15,18,NA,NA,9,13,NA,16,1
"Beefeater","gin","Southern",12,2,9,14,NA,0,8,6,NA,8,0,NA,9,NA,3,11,1,NA,12,NA,NA,8,4,NA,11,NA,NA,8,3,NA,8,0,NA,11,NA,NA,8,3,NA,11,NA,NA,8,3,NA,8,0,NA,11,NA,NA,9,2,NA,10,NA,NA,8,NA,8,2,NA,10,NA,11,NA,NA,10,NA,12,0,NA,12,NA,8,NA,NA,9,NA,8,3,NA,12,NA,12,NA,NA,10,NA,NA,8,2
"Blackberry Liqueur","liqueur","Southern",12,23,3,22,4,4,19,7,NA,20,NA,NA,20,0,NA,23,NA,NA,22,1,NA,20,2,NA,23,NA,NA,21,2,NA,22,NA,NA,22,0,NA,21,1,NA,23,NA,NA,20,3,NA,19,1,NA,21,NA,NA,22,NA,NA,19,3,NA,21,NA,22,NA,NA,15,NA,15,6,NA,15,NA,17,0,NA,18,NA,19,NA,NA,16,NA,17,2,NA,18,NA,19,NA,NA,18,0,NA,16,0
"Blue Curacao","liqueur","Southern",12,14,0,6,8,4,5,5,NA,3,2,8,12,NA,17,28,1,NA,29,NA,NA,22,7,NA,23,NA,NA,15,8,NA,17,NA,NA,14,3,NA,7,7,20,23,4,NA,21,2,NA,20,1,NA,16,4,NA,17,NA,NA,16,1,NA,9,NA,12,7,NA,11,NA,10,NA,NA,8,NA,11,3,NA,11,NA,8,NA,NA,9,NA,8,2,NA,8,NA,11,1,NA,6,1,NA,6,1
"Blue Point Summer","beer","Clare Rose",NA,4,16,12,8,9,15,6,NA,16,NA,8,19,5,9,24,4,15,33,6,18,39,12,NA,37,2,NA,24,13,41,56,9,NA,50,6,NA,47,3,NA,41,6,NA,34,7,NA,28,6,NA,24,4,NA,18,6,NA,17,1,NA,6,NA,6,11,NA,4,NA,6,2,NA,2,NA,6,2,NA,1,NA,3,1,NA,4,NA,0,NA,NA,2,NA,0,2,NA,4,NA,NA,1,NA
"Blue Point Toasted ","beer","Clare Rose",NA,4,18,12,10,9,14,7,NA,18,NA,10,18,10,11,18,11,17,30,5,16,38,8,4,35,7,NA,29,6,31,55,5,NA,51,4,NA,45,6,NA,39,6,NA,39,0,NA,36,3,NA,34,2,NA,27,7,NA,25,2,NA,15,NA,16,10,NA,13,NA,14,2,NA,12,NA,11,1,NA,7,NA,10,5,NA,6,NA,7,1,NA,10,NA,7,NA,NA,9,NA,NA,6,1
"Bombay Sapphire","gin","Southern",12,1,10,11,0,1,8,4,NA,6,2,NA,4,2,7,10,1,NA,10,0,NA,9,1,NA,3,6,3,6,0,6,10,2,NA,8,2,NA,8,0,NA,1,7,11,8,4,NA,5,3,NA,3,2,NA,4,NA,4,4,4,NA,2,NA,1,2,8,11,NA,8,NA,NA,11,NA,7,0,NA,6,NA,5,5,NA,9,NA,7,NA,NA,9,NA,5,0,NA,8,NA,NA,8,1
"Bud Light","beer","Clare Rose",NA,15,71,58,28,0,56,2,NA,57,NA,NA,52,5,NA,36,16,18,34,20,17,35,16,NA,27,8,14,14,27,41,44,11,NA,29,15,16,31,14,NA,19,12,NA,10,9,16,18,8,NA,11,7,6,6,11,18,16,8,7,7,NA,9,16,NA,8,NA,6,NA,5,7,NA,5,6,7,10,NA,7,4,NA,7,NA,9,3,NA,7,NA,10,0,NA,11,NA,NA,9,NA
"Bud Light Keg","keg","Clare Rose",NA,3,2,2,3,2,4,0,6,5,5,NA,5,0,NA,6,NA,7,9,4,NA,8,1,NA,6,2,NA,7,NA,3,8,2,NA,5,3,NA,0,5,NA,2,NA,2,2,2,4,5,1,NA,2,3,NA,1,1,1,5,NA,NA,2,NA,5,3,5,8,NA,6,NA,NA,5,NA,3,3,NA,5,NA,3,0,NA,4,NA,7,1,NA,6,NA,4,NA,NA,5,NA,NA,3,1
"Bud Light Seltzer","seltzer","Manhatten",NA,NA,NA,NA,NA,9,9,0,NA,12,NA,NA,10,2,NA,5,5,21,22,4,NA,18,4,NA,20,NA,NA,15,5,10,23,2,NA,20,3,NA,17,3,NA,17,0,NA,15,2,NA,14,1,NA,12,2,NA,12,0,NA,12,0,NA,13,NA,12,NA,NA,11,NA,11,2,NA,8,NA,7,3,NA,8,NA,9,0,NA,8,NA,8,0,NA,9,NA,5,NA,NA,8,NA,NA,8,1
"Bud Zero","beer","Clare Rose",NA,2,5,1,6,7,11,NA,NA,10,1,NA,10,0,NA,0,10,11,9,2,9,14,4,NA,10,4,NA,6,4,11,13,4,NA,13,0,NA,10,3,NA,5,5,8,6,7,7,9,4,7,9,7,NA,6,3,NA,3,3,6,7,NA,8,2,NA,6,NA,4,1,2,4,NA,5,4,NA,4,NA,6,0,NA,6,NA,3,NA,NA,4,NA,4,2,NA,6,NA,NA,3,NA
"Budweiser","beer","Clare Rose",NA,7,31,26,12,1,23,4,NA,21,2,NA,22,NA,0,18,4,15,25,8,NA,27,NA,NA,20,7,NA,14,6,22,30,6,NA,24,6,NA,23,1,NA,19,4,NA,14,5,14,20,8,NA,16,4,NA,14,2,NA,8,6,7,6,NA,6,9,NA,3,NA,7,3,5,5,NA,4,3,4,6,NA,6,3,NA,5,NA,5,1,NA,7,NA,4,NA,NA,7,NA,NA,6,0
"Bullett Burbon","whiskey","Southern",12,0,4,2,2,3,2,3,4,8,NA,NA,5,3,9,15,NA,NA,8,7,NA,5,3,NA,0,5,11,7,4,4,7,4,NA,6,1,NA,7,NA,NA,6,1,NA,5,1,3,5,3,NA,8,NA,NA,7,1,NA,1,6,NA,2,NA,4,NA,NA,3,NA,4,NA,NA,0,NA,0,3,NA,3,NA,1,NA,NA,1,NA,0,2,NA,0,NA,1,1,NA,0,NA,NA,4,0
"Bumbu Rum","rum","Southern",6,7,10,14,3,2,4,12,12,13,3,NA,10,3,NA,10,0,8,9,9,20,23,6,NA,17,6,NA,19,NA,NA,15,4,NA,14,1,NA,17,NA,NA,17,0,NA,12,5,NA,15,NA,NA,16,NA,NA,12,4,NA,14,NA,NA,7,NA,7,7,NA,11,NA,11,NA,NA,8,NA,10,3,NA,9,NA,8,NA,NA,6,NA,9,3,NA,5,NA,6,1,NA,9,NA,NA,8,NA
"Cabernet Sauvignon","red wine","Boening Brothers",6,3,19,20,2,NA,15,5,NA,15,0,NA,15,0,11,18,8,NA,17,1,NA,10,7,NA,7,3,9,8,8,18,23,3,NA,22,1,NA,20,2,NA,16,4,NA,12,4,NA,5,7,8,8,5,NA,7,1,NA,7,0,NA,5,NA,4,2,11,8,NA,9,8,NA,8,NA,6,0,NA,1,NA,4,7,NA,3,NA,5,NA,NA,5,NA,1,NA,NA,2,NA,NA,1,3
"Captain Morgan","rum","Southern",12,27,34,14,47,51,20,45,51,63,8,NA,50,13,37,74,13,18,62,30,17,54,25,17,50,21,19,44,25,49,48,45,18,28,38,36,12,52,49,49,12,16,33,32,34,52,15,NA,45,7,NA,32,13,NA,13,19,33,17,31,45,NA,20,34,23,56,11,NA,30,18,44,9,NA,28,15,40,5,NA,25,14,37,4,NA,28,10,37,1,NA,19,11,11,26,NA
"Carolinas Irish Cream","liqueur","Southern",12,1,8,8,1,2,8,2,NA,6,2,11,9,8,NA,9,0,NA,5,4,8,9,4,NA,6,3,NA,10,NA,NA,8,2,NA,6,2,10,2,14,11,14,NA,NA,8,6,NA,9,NA,NA,11,NA,NA,7,4,NA,7,0,NA,3,NA,3,4,NA,7,NA,6,NA,NA,7,NA,7,0,NA,1,NA,1,6,NA,4,NA,4,NA,NA,3,NA,5,1,NA,3,NA,2,4,NA
"CasamigAs Jalape√±o","tequila","Southern",6,1,8,2,7,8,11,NA,NA,11,0,NA,10,1,9,10,9,20,26,4,NA,18,8,NA,9,9,8,10,7,19,26,3,NA,17,9,9,10,16,8,19,NA,NA,13,6,11,16,8,NA,12,4,NA,9,3,NA,7,2,12,6,NA,7,13,11,13,4,13,0,NA,9,4,11,4,NA,7,1,7,5,NA,5,1,7,2,NA,7,NA,8,NA,NA,5,NA,NA,4,2
"Casamigos Blanco","tequila","Southern",6,0,84,26,58,86,72,40,NA,100,NA,NA,85,15,82,43,124,100,93,50,52,80,65,86,20,146,126,58,88,289,230,117,NA,175,55,NA,101,74,103,142,62,NA,73,69,86,111,48,NA,87,24,NA,36,51,66,33,69,50,24,34,55,25,17,39,25,61,11,NA,41,16,54,7,NA,33,5,34,19,NA,26,5,31,7,NA,24,8,29,NA,NA,21,NA,NA,19,11
"Champagne","white wine","Manhatten",12,3,20,12,11,NA,16,NA,NA,48,NA,NA,53,NA,NA,46,7,NA,20,26,37,53,4,NA,23,30,36,28,31,85,105,8,NA,101,4,NA,91,10,NA,88,3,NA,85,3,NA,77,8,NA,1,76,66,54,13,NA,45,9,NA,38,NA,39,7,NA,23,NA,21,15,NA,20,NA,18,3,NA,12,NA,13,8,NA,12,NA,12,0,NA,13,NA,16,NA,20,12,NA,NA,15,21
"Chardonnay","white wine","Boening Brothers",6,4,43,45,2,NA,43,2,NA,41,2,NA,37,4,NA,28,9,34,57,5,NA,25,32,34,55,4,NA,45,10,17,60,2,NA,60,0,NA,47,13,NA,45,2,NA,44,1,NA,31,13,53,72,12,NA,57,15,NA,36,21,NA,31,NA,28,5,NA,22,NA,21,9,NA,13,NA,13,9,NA,6,NA,7,7,NA,5,NA,6,1,NA,5,NA,6,0,NA,4,NA,NA,0,1
"Coffee Liqueur","liqueur","Southern",12,33,3,33,3,1,32,2,NA,34,NA,NA,30,4,NA,33,NA,NA,36,NA,NA,36,0,NA,39,NA,NA,37,2,NA,37,0,NA,38,NA,NA,39,NA,NA,39,0,NA,37,2,NA,40,NA,NA,40,0,NA,38,2,NA,35,3,NA,37,NA,35,NA,NA,34,NA,38,3,NA,37,NA,35,NA,NA,33,NA,35,4,NA,35,NA,34,NA,NA,35,NA,33,0,NA,36,3,NA,32,NA
"Corona","beer","Manhatten",NA,4,71,5,70,44,31,18,NA,88,NA,21,76,33,206,161,121,NA,87,74,69,71,85,73,57,87,242,206,93,103,214,95,NA,109,105,70,123,56,59,105,77,37,78,64,37,66,49,28,56,38,28,51,33,96,31,116,NA,30,NA,29,1,NA,28,NA,28,2,NA,16,NA,14,12,23,27,NA,28,12,NA,20,NA,23,7,NA,21,NA,24,NA,NA,17,NA,NA,17,4
"Corona Light","beer","Manhatten",NA,4,35,10,29,21,28,3,NA,58,NA,12,59,11,89,148,0,NA,83,65,70,137,16,NA,114,23,27,116,25,52,129,39,NA,108,21,NA,92,16,NA,77,15,NA,56,21,NA,47,9,NA,39,8,NA,23,16,25,27,21,NA,11,NA,11,16,9,13,NA,15,7,NA,8,NA,8,5,11,11,NA,8,8,NA,8,NA,5,3,NA,6,NA,5,2,NA,6,NA,NA,7,0
"Corona Premier","beer","Manhatten",NA,NA,NA,3,0,6,7,2,NA,7,0,NA,5,2,NA,2,3,18,4,16,17,16,5,NA,11,5,NA,9,2,7,8,8,NA,1,7,9,7,3,NA,8,NA,7,8,7,NA,9,NA,NA,5,4,NA,0,5,12,11,1,NA,10,NA,10,1,NA,9,NA,9,1,NA,6,NA,6,3,NA,9,NA,9,NA,NA,9,NA,8,0,NA,5,NA,5,4,NA,5,NA,NA,7,0
"Crown Royal","whiskey","Southern",12,1,19,16,4,3,15,4,NA,12,3,NA,15,NA,NA,11,4,18,27,2,NA,26,1,NA,25,1,NA,25,0,NA,19,6,NA,17,2,NA,18,NA,NA,15,3,NA,18,NA,NA,15,3,NA,17,NA,NA,13,4,NA,11,2,NA,10,NA,8,1,NA,10,NA,9,0,NA,5,NA,7,5,NA,8,NA,9,NA,NA,5,NA,9,3,NA,8,NA,9,NA,NA,9,NA,NA,8,NA
"Dark Sambuca","liqueur","Empire",12,7,1,3,5,3,3,3,NA,3,0,NA,4,NA,NA,2,2,3,4,1,NA,7,NA,NA,4,3,NA,4,0,NA,8,NA,NA,9,NA,NA,6,3,NA,5,1,NA,4,1,NA,4,0,NA,8,NA,NA,5,3,NA,5,0,NA,8,NA,5,NA,NA,6,NA,5,2,NA,7,NA,6,NA,NA,4,NA,7,3,NA,4,NA,7,0,NA,4,NA,8,0,NA,5,NA,3,3,NA
"Deep Eddy Sweet Tea","vodka","Empire",12,44,4,44,4,3,28,19,NA,23,5,NA,27,NA,NA,24,3,16,34,6,NA,36,NA,NA,29,7,NA,28,1,NA,30,NA,NA,30,0,NA,24,6,NA,23,1,NA,21,2,NA,19,2,NA,19,0,NA,17,2,NA,16,1,NA,11,NA,14,5,NA,11,3,11,NA,NA,12,NA,9,2,NA,10,NA,8,2,NA,12,NA,8,NA,NA,10,NA,12,2,NA,7,NA,NA,10,3
"Dewers","whiskey","Southern",12,8,16,16,8,0,22,NA,NA,23,NA,NA,20,3,NA,19,1,NA,25,NA,NA,21,4,NA,22,NA,NA,20,2,NA,18,2,NA,22,NA,NA,22,0,NA,17,5,NA,18,NA,NA,17,1,NA,17,0,NA,16,1,NA,16,0,NA,18,NA,18,NA,NA,17,NA,18,1,NA,19,NA,20,NA,NA,18,NA,20,1,NA,20,NA,16,NA,NA,16,NA,17,4,NA,16,NA,NA,18,0
"Dry Vermouth","fortified wine","Empire",12,6,3,3,6,3,5,1,NA,4,1,NA,6,NA,NA,3,3,NA,7,NA,NA,16,NA,NA,14,2,NA,18,NA,NA,14,4,NA,16,NA,NA,14,2,NA,15,NA,NA,14,1,NA,15,NA,NA,12,3,NA,12,0,NA,14,NA,NA,12,NA,16,2,NA,16,NA,16,NA,NA,12,NA,13,4,NA,16,NA,15,NA,NA,12,NA,12,4,NA,12,NA,13,0,NA,15,NA,NA,16,NA
"Fireball","whiskey","Southern",12,27,0,9,18,17,22,4,NA,31,NA,NA,33,NA,NA,30,3,NA,23,7,NA,23,0,NA,17,6,NA,13,4,17,28,2,NA,18,10,NA,16,2,NA,19,NA,NA,19,0,NA,16,3,NA,14,2,NA,4,10,NA,3,1,NA,3,NA,2,0,10,10,NA,9,3,NA,9,NA,12,1,NA,9,NA,10,0,NA,7,NA,9,2,NA,10,NA,11,NA,NA,11,NA,NA,11,NA
"Frangelico","liqueur","Southern",12,21,4,18,7,0,18,0,NA,19,NA,NA,18,1,NA,20,NA,NA,18,2,NA,18,0,NA,20,NA,NA,16,4,NA,16,0,NA,14,2,NA,14,0,NA,15,NA,NA,14,1,NA,12,2,NA,12,0,NA,12,0,NA,13,NA,NA,13,NA,15,0,NA,12,NA,15,1,NA,14,NA,12,NA,NA,11,NA,11,3,NA,13,NA,13,NA,NA,13,NA,14,0,NA,13,NA,NA,12,0
"Grand Marier","liqueur","Southern",6,6,4,3,7,4,4,3,4,7,1,NA,6,1,NA,4,2,10,11,3,NA,12,NA,NA,9,3,NA,5,4,NA,6,NA,NA,7,NA,4,3,8,3,7,NA,NA,3,4,3,8,NA,NA,3,5,NA,2,1,NA,3,NA,6,1,NA,4,8,NA,4,NA,3,NA,NA,4,NA,2,0,NA,2,NA,2,2,NA,0,NA,4,2,NA,0,NA,3,0,NA,3,NA,NA,0,NA
"Grey Goose","vodka","Southern",6,3,37,0,40,8,4,4,NA,5,NA,11,8,8,34,40,2,NA,35,5,NA,23,12,NA,15,8,12,14,13,18,22,10,NA,16,6,9,11,14,8,19,0,12,20,11,NA,0,20,NA,3,NA,12,2,13,45,35,12,10,17,11,28,17,NA,12,8,23,8,NA,3,15,16,2,NA,5,9,13,4,NA,3,8,13,3,NA,7,4,10,0,NA,7,3,NA,4,1
"Happy Dad","seltzer","Boening",NA,5,14,11,8,3,4,10,11,12,3,7,11,8,18,15,14,NA,15,0,NA,12,3,NA,4,8,NA,4,0,NA,2,2,NA,1,1,10,4,7,NA,5,NA,NA,1,4,NA,2,NA,NA,2,0,NA,1,1,NA,2,NA,NA,0,NA,3,2,NA,2,NA,0,NA,NA,0,NA,0,2,NA,1,NA,3,NA,NA,1,NA,1,0,NA,4,NA,4,NA,NA,2,NA,NA,2,2
"Happy Dad Grape ","seltzer","Boening",NA,NA,NA,NA,0,NA,NA,0,NA,NA,0,8,8,0,11,0,19,27,25,2,NA,18,7,25,32,11,NA,30,2,17,35,12,NA,30,5,18,21,27,NA,19,2,NA,19,0,NA,15,4,NA,13,2,NA,14,NA,NA,8,6,10,11,NA,10,7,NA,10,NA,11,1,NA,9,NA,12,1,NA,9,NA,6,0,NA,8,NA,8,1,NA,7,NA,9,1,NA,7,NA,NA,9,0
"Happy Dad Tea","seltzer","Boening",NA,2,8,6,4,3,4,5,9,12,1,NA,12,0,NA,5,7,15,19,1,NA,13,6,9,18,4,NA,16,2,8,16,8,NA,13,3,11,16,8,NA,13,3,NA,13,0,NA,10,3,NA,9,1,NA,10,NA,NA,5,5,5,4,NA,5,6,4,8,NA,5,0,NA,4,NA,5,4,NA,7,NA,4,NA,NA,0,NA,3,7,NA,1,NA,3,NA,NA,2,NA,NA,3,NA
"Heinekein","beer","Clare Rose",NA,8,21,4,25,18,15,7,NA,8,7,14,13,9,17,1,29,48,25,24,49,52,22,NA,34,18,16,34,16,45,67,12,NA,52,15,NA,37,15,NA,20,17,14,16,18,17,22,11,NA,11,11,14,11,14,11,8,14,23,11,NA,13,20,NA,7,NA,5,4,8,4,NA,5,11,12,15,NA,13,1,NA,14,NA,11,1,NA,11,NA,14,3,NA,12,NA,NA,14,NA
"Heinekein Silver","beer","Clare Rose",NA,8,15,4,19,10,10,4,NA,11,NA,8,13,6,11,15,9,31,36,10,18,40,14,NA,22,18,17,36,3,NA,28,8,NA,28,0,NA,26,2,NA,14,12,7,22,NA,NA,18,4,NA,8,10,11,11,8,NA,7,4,17,10,NA,9,14,NA,6,NA,8,4,8,7,NA,7,7,4,7,NA,7,4,NA,6,NA,8,1,NA,7,NA,7,NA,NA,6,NA,NA,9,1
"Hennessey","whiskey","Empire",12,17,1,2,16,19,23,NA,NA,21,2,17,17,21,33,61,NA,NA,54,7,NA,50,4,NA,48,2,NA,39,9,20,31,28,NA,26,5,NA,8,18,18,19,7,NA,27,NA,NA,26,1,NA,25,1,NA,26,NA,NA,21,5,NA,23,NA,21,NA,NA,23,NA,19,0,NA,20,NA,21,3,NA,23,NA,20,NA,NA,23,NA,19,0,NA,21,NA,21,2,NA,20,NA,NA,21,1
"Highnoon Peach","seltzer","Empire",NA,4,72,30,46,3,17,16,35,60,NA,13,41,32,69,3,107,137,86,54,71,104,53,41,82,63,56,80,58,137,155,62,NA,102,53,73,123,52,NA,89,34,71,117,43,NA,99,18,NA,91,8,NA,58,33,NA,34,24,NA,26,NA,30,8,NA,23,NA,22,3,NA,20,NA,18,3,NA,15,NA,19,5,NA,15,NA,15,0,NA,15,NA,12,0,NA,12,NA,NA,12,3
"Highnoon Pineapple","seltzer","Empire",NA,1,72,37,36,1,23,15,34,42,15,29,43,28,63,17,89,137,88,66,72,107,53,45,93,59,58,90,61,127,151,66,NA,103,48,73,128,48,NA,88,40,71,117,42,NA,102,15,NA,93,9,NA,59,34,NA,34,25,NA,26,NA,28,8,NA,26,NA,24,0,NA,21,NA,23,5,NA,21,NA,21,0,NA,18,NA,19,3,NA,19,NA,16,NA,NA,15,NA,NA,17,4
"Island Time Marg","frozen mix","Island Time",6,0,42,37,5,NA,37,0,NA,36,1,NA,37,NA,NA,31,6,10,26,15,20,43,3,NA,40,3,NA,32,8,8,38,2,NA,34,4,NA,26,8,NA,23,3,NA,20,3,NA,19,1,NA,20,NA,NA,15,5,NA,16,NA,NA,11,NA,12,5,NA,12,NA,12,NA,NA,8,NA,11,4,NA,7,NA,9,1,NA,7,NA,8,0,NA,9,NA,11,NA,NA,10,NA,NA,7,NA
"Island Time Pina","frozen mix","Island Time",6,3,44,33,14,NA,22,11,28,21,29,18,17,22,34,20,31,35,28,27,34,40,22,25,31,34,34,26,39,90,94,22,NA,66,28,11,45,32,NA,19,26,29,29,19,19,31,17,34,42,23,34,42,34,11,41,12,10,28,NA,26,23,12,34,NA,30,6,NA,30,NA,28,4,NA,27,NA,23,3,NA,27,NA,26,0,NA,26,NA,27,1,NA,21,NA,NA,23,5
"Island Time Pink Lemonade","frozen mix","Island Time",6,4,45,1,48,NA,24,NA,17,25,16,16,23,18,28,35,16,10,35,10,NA,19,16,16,21,14,18,17,22,41,35,23,NA,20,15,19,30,9,NA,18,12,10,22,6,8,21,9,11,24,8,9,17,16,10,21,6,8,14,NA,15,15,11,22,NA,18,3,NA,16,NA,19,6,NA,14,NA,14,2,NA,14,NA,14,0,NA,16,NA,16,NA,NA,16,NA,NA,15,0
"Island Time Strawberry","frozen mix","Island Time",6,3,11,4,10,9,7,6,12,12,7,NA,10,2,NA,11,NA,10,15,6,NA,15,0,NA,13,2,NA,15,NA,NA,14,1,NA,9,5,NA,8,1,NA,8,0,NA,6,2,NA,6,0,NA,7,NA,NA,6,1,NA,5,1,NA,6,NA,6,NA,NA,5,NA,4,1,NA,4,NA,3,1,NA,6,NA,7,NA,NA,7,NA,4,NA,NA,7,NA,4,0,NA,4,NA,NA,7,3
"Jack Daniels","whiskey","Empire",12,15,51,13,53,51,70,NA,NA,73,NA,NA,72,1,20,61,31,20,61,20,NA,38,23,16,28,26,16,14,30,86,63,37,NA,46,17,34,62,18,NA,47,15,NA,24,23,16,23,17,NA,12,11,16,11,17,36,31,16,NA,7,17,20,7,NA,2,12,12,10,NA,3,5,5,6,NA,0,NA,1,8,NA,4,NA,1,NA,NA,3,NA,2,1,NA,3,NA,NA,2,0
"Jack Fire","whiskey","Empire",12,41,1,14,28,3,8,9,18,27,NA,NA,26,1,NA,25,1,NA,23,2,NA,23,0,NA,16,7,NA,16,0,NA,12,4,NA,7,5,10,14,3,NA,9,5,NA,10,NA,NA,7,3,NA,7,0,NA,5,2,9,10,4,NA,7,NA,7,3,NA,4,11,10,NA,NA,3,12,10,0,NA,0,11,12,4,NA,0,12,12,NA,NA,7,9,9,NA,NA,0,1,6,4,9
"Jack Honey","whiskey","Empire",12,98,2,67,33,2,68,1,NA,67,1,NA,66,1,NA,62,4,NA,64,NA,NA,59,5,NA,59,0,NA,60,NA,NA,54,6,NA,54,0,NA,52,2,NA,50,2,NA,46,4,NA,43,3,NA,41,2,NA,39,2,NA,38,1,NA,36,NA,36,2,NA,35,7,40,NA,NA,34,8,35,0,NA,30,8,39,4,NA,31,11,39,NA,NA,36,3,37,3,NA,32,5,NA,39,2
"Jager","liqueur","Southern",12,44,0,30,14,4,27,7,NA,35,NA,NA,30,5,NA,16,14,36,44,8,NA,41,3,NA,27,14,NA,24,3,NA,9,15,20,20,9,NA,4,16,NA,4,0,16,12,8,19,29,2,NA,25,4,NA,19,6,NA,15,4,NA,11,NA,14,4,NA,10,NA,14,1,NA,12,NA,12,NA,NA,12,NA,10,0,NA,14,NA,12,NA,NA,14,NA,14,0,NA,12,NA,NA,11,2
"Jameson","whiskey","Southern",12,11,36,1,46,50,51,0,NA,40,11,NA,36,4,82,61,57,49,77,33,18,52,43,53,86,19,18,62,42,119,90,91,35,101,24,33,66,68,51,87,30,17,78,26,NA,59,19,NA,62,NA,NA,40,22,NA,19,21,18,2,NA,5,35,36,4,12,12,22,NA,0,8,9,8,NA,4,NA,1,4,NA,2,NA,3,2,NA,3,NA,3,NA,NA,2,NA,NA,1,1
"Jameson Orange","whiskey","Southern",6,8,8,14,2,2,12,4,NA,10,2,NA,12,NA,NA,10,2,17,25,2,NA,22,3,NA,25,NA,NA,19,6,NA,14,5,NA,17,NA,NA,14,3,NA,14,0,NA,11,3,NA,13,NA,NA,14,NA,NA,14,0,NA,11,3,NA,9,NA,8,2,NA,4,1,9,4,NA,5,2,8,NA,NA,6,4,6,NA,NA,8,NA,4,2,NA,7,NA,5,1,NA,4,NA,NA,5,3
"Jeffersons","whiskey","Southern",6,15,1,9,7,4,12,1,NA,8,4,NA,10,NA,NA,12,NA,NA,9,3,NA,7,2,NA,9,NA,NA,11,NA,NA,10,1,NA,10,0,NA,10,0,NA,7,3,NA,8,NA,NA,8,0,NA,11,NA,NA,11,0,NA,10,1,NA,7,NA,11,3,NA,7,NA,10,0,NA,5,NA,5,2,NA,5,NA,4,0,NA,6,NA,8,NA,NA,7,NA,6,NA,NA,8,NA,NA,4,NA
"Jeffersons Ocean","whiskey","Southern",6,7,2,8,1,3,8,3,NA,10,NA,NA,8,2,NA,7,1,NA,9,NA,NA,11,NA,NA,8,3,NA,8,0,NA,12,NA,NA,10,2,NA,12,NA,NA,8,4,NA,11,NA,NA,8,3,NA,8,0,NA,10,NA,NA,7,3,NA,6,NA,5,1,NA,7,NA,7,NA,NA,5,NA,9,2,NA,5,NA,8,0,NA,8,NA,8,NA,NA,4,NA,4,4,NA,7,NA,NA,5,NA
"Jeffersons Reserve ","whiskey","Southern",6,7,4,11,0,0,10,1,NA,11,NA,NA,8,3,NA,9,NA,NA,9,0,NA,9,0,NA,9,0,NA,7,2,NA,8,NA,NA,6,2,NA,8,NA,NA,6,2,NA,8,NA,NA,9,NA,NA,6,3,NA,7,NA,NA,8,NA,NA,7,NA,8,1,NA,9,NA,8,NA,NA,3,NA,3,6,NA,3,NA,7,0,NA,4,NA,7,NA,NA,7,NA,5,NA,NA,5,NA,NA,5,2
"Jim Beam","whiskey","Southern",12,1,2,4,NA,2,1,5,5,4,2,NA,6,NA,8,9,5,17,26,0,NA,23,3,NA,26,NA,NA,24,2,NA,21,3,NA,20,1,NA,19,1,NA,22,NA,NA,22,0,NA,20,2,NA,20,0,NA,18,2,NA,22,NA,NA,16,NA,19,6,NA,16,NA,20,0,NA,18,NA,18,NA,NA,17,NA,17,1,NA,18,NA,15,NA,NA,18,NA,17,0,NA,19,NA,NA,16,NA
"Johnny Walker Black Label","whiskey","Southern",12,4,7,2,9,0,1,1,8,6,3,NA,7,NA,4,9,2,NA,9,0,NA,9,0,NA,7,2,NA,5,2,6,8,3,NA,8,0,NA,7,1,NA,7,0,NA,7,0,NA,1,6,NA,3,NA,NA,1,2,5,5,1,NA,1,NA,5,4,NA,1,NA,3,0,NA,1,NA,1,0,NA,5,NA,5,NA,NA,4,NA,1,1,NA,5,NA,2,NA,NA,3,NA,NA,4,2
"Johnny Walker Red Label","whiskey","Southern",12,3,7,3,7,4,3,4,5,6,2,NA,8,NA,5,10,3,NA,8,2,NA,9,NA,NA,11,NA,NA,10,1,NA,10,0,NA,8,2,NA,8,0,NA,12,NA,NA,9,3,NA,10,NA,NA,8,2,NA,8,0,NA,8,0,NA,12,NA,13,NA,NA,14,NA,14,NA,NA,14,NA,10,0,NA,12,NA,11,2,NA,13,NA,10,NA,NA,11,NA,14,2,NA,11,NA,NA,11,0
"Jose Cuervo Gold","tequila","Empire",12,16,35,46,5,1,48,NA,NA,44,4,NA,47,NA,NA,42,5,NA,38,4,NA,39,NA,NA,36,3,NA,39,NA,NA,38,1,NA,39,NA,NA,34,5,NA,31,3,NA,32,NA,NA,32,0,NA,31,1,NA,32,NA,NA,32,0,NA,31,NA,27,1,NA,31,NA,29,0,NA,31,NA,31,0,NA,30,NA,30,1,NA,29,NA,30,1,NA,29,NA,29,0,NA,29,NA,NA,27,0
"Kahlua","liqueur","Southern",12,11,2,6,7,4,3,7,NA,5,NA,12,11,6,NA,14,NA,NA,10,4,NA,10,0,NA,9,1,NA,8,1,NA,9,NA,NA,11,NA,NA,11,0,NA,9,2,NA,9,0,NA,9,0,NA,7,2,NA,7,0,NA,5,2,NA,1,NA,1,4,NA,1,NA,1,0,NA,3,NA,3,NA,NA,5,NA,2,NA,NA,5,NA,4,0,NA,2,NA,1,3,NA,4,NA,1,0,NA
"Ketel One","vodka","Southern",12,2,53,31,24,4,11,24,NA,11,0,10,10,11,67,62,15,NA,54,8,NA,40,14,NA,34,6,NA,25,9,NA,16,9,NA,1,15,NA,4,NA,36,28,12,NA,15,13,NA,1,14,NA,0,1,17,7,10,35,28,14,19,11,21,31,15,NA,14,18,25,0,NA,10,15,22,7,NA,9,11,18,5,NA,9,9,19,2,NA,7,9,18,2,NA,3,7,5,8,1
"Ketel One Cucumber & Mint","vodka","Southern",12,14,1,14,1,3,13,4,NA,6,7,9,20,NA,NA,8,12,18,23,3,NA,18,5,NA,13,5,NA,6,7,19,12,13,18,27,3,NA,20,7,NA,17,3,NA,12,5,NA,14,NA,NA,10,4,NA,4,6,NA,5,NA,6,4,NA,1,7,10,10,NA,11,4,NA,9,NA,7,1,NA,9,NA,7,0,NA,9,NA,6,0,NA,6,NA,9,3,NA,8,NA,NA,7,NA
"Kona Big Wave","keg","Clare Rose",NA,0,9,12,NA,2,8,6,4,6,6,NA,4,2,NA,0,4,8,3,5,4,5,2,7,0,12,5,5,0,4,8,1,3,6,5,7,7,6,NA,5,2,5,3,7,3,8,NA,NA,1,7,6,3,4,6,7,2,7,2,NA,5,12,4,5,NA,2,1,7,3,NA,5,9,NA,3,NA,4,0,NA,3,NA,2,0,NA,2,NA,2,1,NA,3,NA,NA,3,NA
"Makers Mark","whiskey","Southern",12,2,12,5,9,0,6,NA,NA,4,2,NA,6,NA,7,6,7,NA,3,3,9,8,4,NA,5,3,4,4,5,9,10,3,NA,11,NA,NA,8,3,NA,4,4,NA,4,0,3,6,1,NA,7,NA,NA,5,2,NA,0,5,NA,1,NA,4,NA,NA,1,NA,3,0,NA,4,NA,2,NA,NA,4,NA,1,0,NA,1,NA,2,3,NA,0,NA,3,1,NA,3,NA,NA,1,NA
"Malibu","rum","Southern",12,14,68,73,9,1,67,7,NA,55,12,17,68,4,16,78,6,18,77,19,NA,45,32,36,54,27,17,50,21,49,66,33,NA,41,25,20,26,35,36,42,20,18,42,18,17,27,32,NA,15,12,18,12,21,36,26,22,18,12,29,40,3,19,47,27,72,NA,NA,42,25,63,7,NA,40,24,58,3,NA,39,22,59,3,NA,43,15,56,3,NA,43,17,NA,55,NA
"Mango","frozen mix","Tropical Sensation",6,3,9,0,12,10,10,0,NA,9,1,NA,9,0,NA,9,0,9,16,2,NA,15,1,NA,16,NA,NA,15,1,NA,15,0,NA,15,0,NA,15,0,NA,15,0,NA,15,0,NA,11,4,NA,11,0,NA,13,NA,NA,8,5,NA,8,NA,11,0,NA,8,NA,12,0,NA,9,NA,10,NA,NA,10,NA,8,NA,NA,11,NA,9,NA,NA,11,NA,11,0,NA,9,NA,NA,8,2
"Merlot","red wine","Boening Brothers",6,16,11,22,5,NA,18,4,NA,18,0,NA,16,2,NA,18,NA,NA,16,2,NA,16,0,NA,16,0,12,20,8,12,21,11,NA,23,NA,NA,29,NA,NA,29,0,NA,26,3,NA,26,0,NA,25,1,NA,22,3,NA,25,NA,NA,25,NA,25,0,NA,21,NA,24,4,NA,25,NA,22,NA,NA,23,NA,20,2,NA,21,NA,20,2,NA,19,NA,18,2,NA,15,NA,NA,15,4
"Meyers","rum","Empire",12,18,4,19,3,3,16,6,NA,15,1,NA,16,NA,NA,14,2,NA,14,0,NA,11,3,NA,25,NA,NA,9,16,NA,7,2,NA,4,3,NA,6,NA,NA,7,NA,NA,1,6,NA,0,1,NA,4,NA,NA,2,2,NA,3,NA,NA,3,NA,3,0,NA,1,NA,0,2,NA,1,NA,4,0,NA,3,NA,3,NA,NA,2,NA,1,1,NA,2,NA,2,0,NA,2,NA,NA,2,0
"Michelob Ultra","beer","Clare Rose",NA,2,27,4,25,21,21,4,13,23,11,7,17,13,31,7,41,56,33,30,37,32,38,29,20,41,42,19,43,71,47,43,17,32,32,23,26,29,17,9,34,31,13,27,30,17,26,17,11,23,27,21,17,11,13,19,22,7,NA,5,28,23,20,NA,20,10,NA,11,NA,10,9,11,15,NA,11,7,NA,11,NA,10,4,NA,10,NA,10,1,NA,8,NA,NA,7,2
"Michelob Ultra Keg","keg","Clare Rose",NA,0,9,11,NA,1,6,6,NA,4,2,NA,4,0,5,5,4,NA,8,NA,NA,3,5,NA,4,NA,4,5,3,3,10,NA,NA,12,NA,NA,11,1,NA,6,5,NA,7,NA,NA,6,1,5,7,4,NA,4,3,1,6,NA,NA,2,NA,1,4,NA,0,NA,0,2,NA,5,NA,3,NA,NA,3,NA,5,2,NA,7,NA,5,NA,NA,6,NA,3,1,NA,6,NA,NA,6,0
"Milagro","tequila","Empire",6,23,2,22,3,1,19,4,8,29,NA,NA,26,3,NA,22,4,18,39,1,NA,35,4,NA,29,6,NA,29,0,NA,19,10,NA,17,2,8,22,3,NA,18,4,NA,18,0,NA,16,2,NA,16,0,NA,13,3,NA,9,4,NA,5,NA,5,4,NA,4,NA,5,1,NA,5,NA,3,NA,NA,1,NA,5,4,NA,0,NA,1,1,NA,1,NA,4,NA,NA,0,NA,NA,4,1
"Miller Lite","beer","Boening",NA,0,30,10,20,14,22,2,10,23,9,4,25,2,9,17,17,21,18,20,16,22,12,18,17,23,17,15,19,45,45,15,NA,28,17,18,25,21,11,20,16,11,21,10,15,25,11,7,17,15,16,18,15,8,16,10,10,8,NA,10,18,17,16,NA,15,9,NA,10,NA,11,6,8,14,NA,12,4,NA,12,NA,12,2,NA,13,NA,14,NA,NA,12,NA,NA,10,1
"Modelo","beer","Manhatten",NA,1,14,12,3,10,18,4,NA,17,1,NA,13,4,4,5,12,16,10,11,16,14,12,7,20,1,15,18,17,18,28,8,NA,18,10,11,18,11,NA,12,6,NA,7,5,11,12,6,NA,4,8,7,9,2,14,10,13,NA,6,NA,3,4,NA,1,NA,2,5,NA,4,NA,0,NA,5,3,NA,2,6,NA,4,NA,3,NA,NA,5,NA,6,NA,NA,6,NA,NA,3,NA
"Montauk Summer","beer","Boening",NA,5,18,16,7,2,15,3,NA,15,0,11,22,4,7,24,5,15,35,4,NA,34,1,NA,31,3,NA,24,7,10,27,7,NA,27,0,NA,27,0,NA,21,6,NA,20,1,NA,22,NA,NA,16,6,NA,12,4,NA,13,NA,6,11,NA,12,8,NA,13,NA,13,NA,NA,11,NA,10,2,NA,6,NA,8,5,NA,9,NA,9,NA,NA,8,NA,5,1,NA,5,NA,NA,8,3
"Montauk Wave Chaser IPA","beer","Boening",NA,1,15,11,5,11,14,8,NA,16,NA,7,13,10,14,17,10,22,30,9,7,19,18,17,21,15,18,33,6,29,46,16,NA,36,10,NA,29,7,NA,17,12,NA,12,5,12,9,15,17,20,6,NA,12,8,9,14,7,8,4,NA,4,18,16,11,NA,14,9,NA,4,NA,7,7,12,13,NA,11,3,NA,13,NA,12,0,NA,11,NA,8,2,NA,7,NA,NA,9,4
"Mt. Gay","rum","Southern",12,10,0,8,2,4,7,5,NA,11,NA,NA,9,2,NA,7,2,8,10,5,NA,8,2,NA,12,NA,NA,8,4,NA,10,NA,NA,12,NA,NA,9,3,NA,11,NA,NA,7,4,NA,9,NA,NA,11,NA,NA,10,1,NA,9,1,NA,9,NA,7,0,NA,10,NA,10,NA,NA,5,NA,6,5,NA,6,NA,6,NA,NA,6,NA,5,0,NA,9,NA,7,NA,NA,7,NA,NA,6,2
"New Amsterdam Passionfruit ","vodka","Empire",12,NA,NA,NA,NA,NA,NA,NA,NA,NA,NA,NA,NA,NA,NA,NA,NA,NA,NA,NA,NA,4,NA,19,18,5,NA,15,3,NA,15,0,NA,13,2,19,25,7,NA,27,NA,NA,22,5,NA,20,2,NA,19,1,NA,17,2,NA,18,NA,NA,9,NA,9,9,NA,8,NA,9,1,NA,8,NA,5,0,NA,4,NA,5,4,NA,5,NA,5,NA,NA,5,NA,8,0,NA,6,NA,NA,4,NA
"Nutrl Pineapple","seltzer","Clare Rose",NA,2,27,14,15,20,26,8,20,44,2,19,47,16,12,45,14,31,52,24,NA,38,14,25,38,25,21,35,24,67,81,21,NA,60,21,15,57,18,NA,42,15,NA,36,6,NA,25,11,12,28,9,NA,15,13,9,15,9,10,14,NA,15,11,NA,13,NA,12,1,NA,14,NA,14,NA,NA,10,NA,8,4,NA,10,NA,8,0,NA,10,NA,12,0,NA,8,NA,NA,9,2
"Nutrl Watermelon","seltzer","Clare Rose",NA,1,29,13,17,18,21,10,21,45,NA,18,47,16,10,24,33,52,56,20,NA,28,28,27,32,23,28,31,29,71,70,32,NA,56,14,18,57,17,NA,36,21,NA,22,14,16,20,18,8,23,5,NA,12,11,16,9,19,16,12,NA,11,13,NA,7,NA,10,5,NA,7,NA,6,0,NA,4,NA,7,3,NA,3,NA,2,1,NA,5,NA,4,NA,NA,5,NA,NA,1,0
"Patron","tequila","Southern",12,0,165,143,22,4,142,5,NA,136,6,NA,131,5,NA,110,21,NA,92,18,NA,65,27,NA,48,17,85,104,29,NA,85,19,NA,63,22,NA,45,18,NA,20,25,83,65,38,NA,45,20,NA,37,8,NA,10,27,52,39,23,17,5,4,4,47,34,36,NA,34,7,NA,22,4,24,10,NA,19,NA,17,7,NA,17,NA,18,2,NA,20,NA,21,NA,NA,12,NA,6,15,2
"Peach","frozen mix","Tropical Sensation",6,1,8,0,9,10,8,2,NA,7,1,NA,11,NA,NA,9,2,11,19,1,NA,18,1,NA,13,5,NA,15,NA,NA,16,NA,NA,12,4,NA,15,NA,NA,14,1,NA,14,0,NA,13,1,NA,12,1,NA,14,NA,NA,12,2,NA,11,NA,11,1,NA,13,NA,13,NA,NA,13,NA,10,0,NA,12,NA,10,1,NA,14,NA,14,NA,NA,12,NA,13,2,NA,13,NA,NA,14,NA
"Peach Schnapps","liqueur","Southern",12,39,1,4,36,51,48,7,NA,45,3,19,49,15,33,22,60,67,43,46,50,74,19,NA,67,7,NA,40,27,149,137,52,NA,106,31,17,82,41,NA,51,31,19,38,32,18,39,17,NA,37,2,19,36,20,NA,20,16,16,17,32,46,NA,NA,22,26,46,1,NA,22,21,38,5,NA,19,24,38,0,NA,20,23,41,0,NA,19,24,40,0,NA,20,21,NA,39,2
"Pinot Grigio","white wine","Manhatten",12,116,0,118,NA,NA,102,16,NA,96,6,NA,80,16,NA,58,22,37,59,36,34,65,28,37,67,35,33,43,57,70,88,25,37,107,18,NA,93,14,NA,54,39,NA,12,42,NA,2,10,18,1,19,35,2,34,52,54,0,NA,27,NA,28,27,NA,20,NA,19,7,NA,3,NA,0,17,37,19,NA,22,21,NA,11,NA,14,8,NA,13,NA,11,NA,NA,3,NA,NA,1,10
"Pinot Noir","red wine","Boening Brothers",6,0,19,27,NA,NA,24,3,NA,23,1,NA,25,NA,NA,25,0,NA,19,6,NA,19,0,NA,19,0,NA,10,9,16,28,NA,NA,26,2,NA,25,1,NA,26,NA,NA,28,NA,NA,23,5,NA,20,3,NA,17,3,NA,15,2,NA,11,NA,13,4,NA,11,NA,12,0,NA,11,NA,8,0,NA,8,NA,6,3,NA,9,NA,5,NA,NA,5,NA,7,4,NA,5,NA,NA,5,0
"Pumpkin Beer","keg","Clare Rose",NA,NA,NA,NA,0,NA,NA,0,NA,NA,0,NA,NA,0,NA,NA,0,NA,NA,0,NA,NA,0,NA,NA,0,NA,NA,0,NA,NA,0,NA,NA,0,NA,NA,0,NA,NA,0,NA,NA,0,NA,NA,0,NA,NA,0,NA,NA,0,NA,NA,0,8,6,3,4,NA,NA,3,3,7,3,4,3,6,8,1,3,3,4,5,5,NA,3,2,5,2,7,7,1,8,4,NA,3,4,NA,4,1
"Rack Gin","gin","Southern",12,39,17,8,48,35,34,9,20,49,5,NA,49,0,NA,38,11,18,56,0,NA,40,16,NA,44,NA,NA,22,22,50,72,0,NA,63,9,NA,48,15,NA,52,NA,NA,47,5,NA,45,2,NA,41,4,NA,34,7,NA,30,4,NA,26,23,49,NA,NA,37,15,51,NA,NA,36,12,49,4,NA,37,11,49,0,NA,37,14,45,NA,NA,36,14,45,1,NA,34,11,NA,46,5
"Rack Rum","rum","Southern",12,36,85,31,90,20,29,22,37,57,9,NA,41,16,68,36,73,49,29,56,67,44,52,52,35,61,67,24,78,199,148,75,NA,70,78,53,14,109,119,71,62,36,57,50,33,52,38,NA,19,33,36,11,44,53,30,34,36,20,52,72,NA,NA,21,42,61,9,NA,10,39,49,14,NA,4,33,37,12,NA,5,36,39,NA,NA,8,35,41,NA,NA,1,32,NA,33,10
"Rack Tequila","tequila","Southern",6,1,85,11,75,139,129,21,NA,116,13,26,128,14,20,12,136,125,56,81,123,82,97,82,53,111,123,62,114,330,232,160,NA,112,120,84,26,170,208,155,79,52,125,82,51,122,54,NA,77,45,50,44,83,45,50,39,86,74,26,97,36,NA,77,15,87,8,NA,64,9,73,19,NA,34,19,52,20,NA,27,24,50,2,NA,30,21,53,0,NA,27,15,NA,45,9
"Rack Vodka","vodka","Southern",6,54,84,59,79,34,88,5,26,110,4,37,131,16,35,63,103,102,48,117,123,92,79,53,26,119,136,4,158,452,314,142,NA,177,137,41,94,124,83,80,97,99,90,89,85,114,61,NA,90,24,NA,18,72,85,49,54,82,66,48,110,17,NA,75,27,99,12,NA,56,25,80,21,NA,52,23,73,6,NA,50,20,67,5,NA,49,19,67,2,NA,48,11,NA,58,9
"Red Bull","redbull","Clare Rose",24,3,17,11,9,8,14,5,84,102,NA,NA,97,5,83,145,35,NA,119,26,NA,98,21,NA,74,24,NA,44,30,43,53,34,NA,26,27,29,32,23,18,25,25,25,19,31,18,30,7,8,29,9,10,25,14,15,18,22,18,4,NA,8,32,15,20,NA,20,NA,NA,15,NA,17,5,NA,12,NA,14,3,NA,15,NA,15,NA,NA,16,NA,16,NA,NA,15,NA,NA,15,1
"Red Bull Coconut","redbull","Clare Rose",24,4,8,0,12,11,5,6,45,45,5,NA,44,1,41,79,6,NA,65,14,NA,51,14,NA,39,12,NA,29,10,NA,15,14,NA,7,8,25,16,16,14,24,6,NA,15,9,7,15,7,NA,19,NA,NA,11,8,10,11,10,8,10,NA,11,9,8,14,NA,14,4,NA,13,NA,10,1,NA,11,NA,13,2,NA,11,NA,13,0,NA,13,NA,13,NA,NA,8,NA,NA,9,5
"Red Bull Tropical","redbull","Clare Rose",24,1,4,4,1,2,6,0,41,48,NA,NA,46,2,42,86,2,NA,80,6,NA,82,NA,NA,73,9,NA,74,NA,NA,69,5,NA,63,6,NA,62,1,NA,54,8,NA,47,7,NA,48,NA,NA,45,3,NA,41,4,NA,36,5,NA,32,NA,32,4,NA,31,NA,30,1,NA,31,NA,31,0,NA,32,NA,31,NA,NA,28,NA,30,4,NA,29,NA,28,NA,NA,27,NA,NA,31,2
"Red Bull Watermelon","redbull","Clare Rose",24,2,4,3,3,3,6,0,43,48,1,NA,46,2,NA,43,3,NA,41,2,NA,37,4,NA,38,NA,NA,33,5,NA,30,3,NA,26,4,NA,26,0,NA,24,2,NA,21,3,NA,22,NA,NA,20,2,NA,19,1,NA,18,1,NA,14,NA,12,4,NA,14,NA,13,0,NA,12,NA,10,2,NA,12,NA,12,0,NA,13,NA,11,NA,NA,14,NA,10,NA,NA,14,NA,NA,12,0
"Rumchata","liqueur","Empire",6,19,4,17,6,2,15,4,NA,15,0,NA,16,NA,NA,16,0,NA,19,NA,NA,16,3,NA,17,NA,NA,15,2,NA,14,1,NA,12,2,NA,15,NA,NA,13,2,NA,11,2,NA,15,NA,NA,8,7,NA,10,NA,NA,10,0,NA,8,NA,11,2,NA,9,NA,12,NA,NA,9,NA,8,0,NA,9,NA,9,0,NA,5,NA,9,4,NA,8,NA,5,NA,NA,9,NA,NA,9,NA
"Sauvignon Blanc","white wine","Boening Brothers",12,0,34,46,NA,NA,42,4,NA,35,7,NA,36,NA,NA,22,14,35,45,12,NA,41,4,NA,29,12,NA,4,25,68,63,9,NA,54,9,NA,46,8,NA,33,13,NA,19,14,NA,6,13,20,13,13,17,25,5,NA,15,10,NA,4,NA,2,11,20,9,NA,11,15,NA,2,NA,4,7,19,1,NA,4,20,NA,0,NA,2,1,NA,2,NA,3,NA,NA,4,NA,NA,3,NA
"Screwball PB Whisky","whiskey","Southern",6,19,1,19,1,3,18,4,NA,17,1,NA,14,3,NA,14,0,19,24,9,NA,22,2,NA,20,2,NA,21,NA,NA,19,2,NA,20,NA,NA,18,2,NA,12,6,NA,7,5,9,12,4,NA,16,NA,NA,11,5,NA,11,0,NA,10,NA,9,1,NA,14,NA,14,NA,NA,13,NA,15,1,NA,13,NA,12,0,NA,13,NA,12,0,NA,11,NA,14,2,NA,13,NA,NA,11,NA
"Seagrams 7","whiskey","Southern",12,10,3,9,4,0,8,1,NA,6,2,NA,5,1,NA,7,NA,20,20,7,NA,21,NA,NA,19,2,NA,18,1,NA,20,NA,NA,20,0,NA,17,3,NA,19,NA,NA,15,4,NA,14,1,NA,14,0,NA,15,NA,NA,15,0,NA,15,NA,14,0,NA,15,NA,12,0,NA,15,NA,14,0,NA,14,NA,12,1,NA,12,NA,15,2,NA,14,NA,12,NA,NA,14,NA,NA,13,0
"SF Red Bull","redbull","Clare Rose",24,0,10,5,5,10,11,4,82,92,1,NA,92,0,NA,81,11,NA,76,5,NA,70,6,NA,64,6,NA,55,9,NA,41,14,NA,34,7,NA,30,4,NA,25,5,NA,18,7,NA,9,9,8,11,6,8,10,9,9,2,17,15,9,NA,6,8,NA,8,NA,9,1,NA,6,NA,7,2,5,6,NA,8,5,NA,4,NA,6,2,NA,6,NA,4,NA,NA,7,NA,NA,6,NA
"Silver Sambuca","liqueur","Empire",12,20,4,13,11,3,12,4,NA,13,NA,NA,16,NA,NA,11,5,NA,16,NA,NA,13,3,NA,16,NA,NA,14,2,NA,12,2,NA,16,NA,NA,13,3,NA,16,NA,NA,15,1,NA,12,3,NA,16,NA,NA,12,4,NA,15,NA,NA,15,NA,13,0,NA,15,NA,15,0,NA,13,NA,15,2,NA,13,NA,13,0,NA,11,NA,13,2,NA,12,NA,15,NA,NA,8,NA,7,9,NA
"Southern Comfort","whiskey","Empire",12,27,1,23,5,4,20,7,NA,19,1,NA,21,NA,NA,23,NA,NA,23,0,NA,21,2,NA,18,3,NA,19,NA,NA,20,NA,NA,19,1,NA,16,3,NA,18,NA,NA,17,1,NA,16,1,NA,14,2,NA,16,NA,NA,9,7,NA,9,NA,12,0,NA,9,NA,11,0,NA,11,NA,10,NA,NA,9,NA,8,2,NA,8,NA,11,1,NA,11,NA,11,NA,NA,11,NA,NA,8,0
"St. Germaine","liqueur","Southern",6,20,0,11,9,2,15,NA,NA,15,0,NA,16,NA,NA,12,4,NA,13,NA,NA,10,3,NA,11,NA,NA,13,NA,NA,14,NA,NA,12,2,NA,11,1,NA,12,NA,NA,14,NA,NA,10,4,NA,12,NA,NA,10,2,NA,10,0,NA,13,NA,13,NA,NA,10,NA,11,3,NA,11,NA,12,NA,NA,10,NA,14,1,NA,13,NA,10,NA,NA,13,NA,12,0,NA,7,NA,3,10,3
"Stoli Blueberry","vodka","Empire",12,26,16,24,18,0,18,6,20,17,21,17,34,0,NA,26,8,19,29,16,17,26,20,20,25,21,18,31,12,16,11,36,NA,3,8,53,48,8,20,33,35,NA,23,10,NA,10,13,NA,6,4,19,23,8,8,10,21,16,16,18,30,NA,NA,16,14,30,4,NA,10,15,26,5,NA,9,18,21,NA,NA,7,17,25,3,NA,15,12,24,NA,NA,16,10,NA,25,1
"Stoli Orange","vodka","Empire",12,26,20,19,27,4,19,4,19,3,35,37,34,6,NA,28,6,16,44,0,NA,36,8,NA,26,10,16,19,23,37,24,32,NA,15,9,51,61,5,NA,50,11,NA,46,4,NA,34,12,NA,35,NA,NA,33,2,NA,23,10,NA,16,15,31,NA,NA,18,15,28,NA,NA,13,14,23,6,NA,13,14,25,0,NA,14,11,26,2,NA,18,9,26,NA,NA,16,10,NA,23,1
"Stoli Raspberry","vodka","Empire",12,7,19,11,15,18,23,6,NA,14,9,20,27,7,NA,23,4,19,31,11,NA,19,12,20,25,14,18,39,4,19,8,50,18,18,8,37,32,23,36,22,46,NA,21,1,NA,17,4,NA,18,NA,NA,15,3,10,14,11,NA,6,16,22,NA,NA,6,12,20,4,NA,5,14,20,NA,NA,7,12,18,0,NA,9,14,15,NA,NA,13,5,16,5,NA,4,8,9,13,NA
"Surf Side","seltzer","Manhatten ",NA,3,15,1,17,14,11,4,NA,17,NA,15,20,12,74,57,37,NA,9,48,82,19,72,69,22,66,86,5,103,302,185,122,NA,90,95,59,52,97,86,52,86,73,23,102,89,44,68,73,71,46,35,18,88,85,26,77,125,53,NA,55,98,57,59,NA,62,51,NA,43,NA,43,16,NA,27,NA,26,16,NA,12,NA,12,15,NA,15,NA,13,NA,NA,10,NA,NA,8,5
"Sweet Vermouth","fortified wine","Empire",12,14,4,11,7,4,14,1,NA,12,2,NA,13,NA,NA,12,1,NA,13,NA,NA,18,NA,NA,16,2,NA,17,NA,NA,18,NA,NA,18,0,NA,15,3,NA,17,NA,NA,15,2,NA,14,1,NA,15,NA,NA,17,NA,NA,16,1,NA,14,NA,12,2,NA,16,NA,12,NA,NA,12,NA,15,4,NA,14,NA,16,NA,NA,13,NA,13,1,NA,12,NA,13,1,NA,14,NA,NA,16,NA
"Tanqueray","gin","Southern",12,2,36,37,1,1,12,26,NA,11,1,NA,12,NA,11,18,5,NA,23,NA,NA,15,8,NA,15,0,NA,10,5,NA,9,1,NA,10,NA,NA,8,2,NA,7,1,NA,8,NA,NA,6,2,NA,2,4,NA,1,1,NA,2,NA,12,11,NA,10,3,9,17,NA,18,3,NA,12,2,16,3,NA,14,NA,14,0,NA,12,NA,14,2,NA,12,NA,16,0,NA,10,NA,6,11,NA
"Titos","vodka","Southern",12,4,166,109,61,0,96,13,NA,56,40,83,119,20,37,20,136,165,97,88,82,80,99,84,45,119,132,81,96,330,262,149,NA,219,43,37,145,111,50,133,62,52,122,63,33,110,45,NA,50,60,52,20,82,99,45,74,67,22,22,43,68,NA,11,10,22,23,NA,0,2,3,19,33,19,10,28,6,NA,4,16,16,9,NA,3,11,16,6,NA,5,8,NA,15,1
"Triple Sec","liqueur","Southern",12,84,3,38,49,2,32,8,18,54,NA,20,67,7,NA,36,31,34,52,18,33,61,24,NA,34,27,37,35,36,85,88,32,NA,56,32,19,42,33,20,43,19,18,34,27,19,34,19,NA,24,10,18,24,18,17,24,17,18,16,18,36,8,19,31,17,45,5,NA,15,17,34,16,NA,18,13,27,1,NA,15,18,30,NA,NA,12,18,28,3,NA,10,14,7,23,NA
"Tulamore Dew_Bush Mils Irish Whiskey","whiskey","Empire",6,9,1,6,4,2,7,1,NA,7,0,NA,4,3,NA,7,NA,11,12,6,NA,12,0,NA,12,0,NA,9,3,9,15,3,NA,16,NA,NA,16,0,NA,17,NA,NA,19,NA,NA,16,3,NA,15,1,NA,18,NA,NA,18,0,NA,18,NA,16,0,NA,13,NA,13,5,NA,14,NA,15,NA,NA,13,NA,13,1,NA,16,NA,16,NA,NA,14,NA,14,2,NA,13,NA,NA,13,1
"White Claw","seltzer","Manhatten",NA,1,15,11,5,7,16,2,NA,12,4,7,18,1,23,25,16,NA,15,10,21,24,12,11,18,17,10,17,11,24,29,12,NA,15,14,16,25,6,NA,16,9,NA,8,8,17,17,8,NA,11,6,NA,6,5,21,13,14,NA,10,NA,12,3,7,14,NA,16,3,NA,11,NA,15,3,NA,10,NA,10,1,NA,9,NA,10,1,NA,10,NA,7,NA,NA,9,NA,NA,10,1
"White Zinfandel","white wine","Boening Brothers",12,68,0,64,4,NA,61,3,NA,63,NA,NA,59,4,NA,61,NA,NA,57,4,NA,50,7,NA,44,6,NA,46,NA,NA,41,5,NA,44,NA,NA,43,1,NA,33,10,NA,35,NA,NA,32,3,NA,33,NA,NA,27,6,NA,25,2,NA,24,NA,24,1,NA,22,NA,21,2,NA,18,NA,19,4,NA,17,NA,16,1,NA,18,NA,15,NA,NA,15,NA,17,3,NA,13,NA,NA,13,2
"Wild Turkey 81 ","whiskey","Southern",12,35,2,35,2,4,36,3,NA,32,4,NA,34,NA,NA,34,0,NA,29,5,NA,27,2,NA,28,NA,NA,31,NA,NA,31,0,NA,31,0,NA,27,4,NA,31,NA,NA,31,0,NA,27,4,NA,31,NA,NA,27,4,NA,21,6,NA,25,NA,27,NA,NA,26,NA,29,NA,NA,24,NA,25,2,NA,24,NA,25,0,NA,29,NA,29,NA,NA,28,NA,28,1,NA,22,NA,NA,23,6
