item,category,company,number_per_case,oh_leftover_2023,opening_order_2024,oh_4_29,thru_4_29,order_5_6,oh_5_6,thru_5_6,order_5_13,oh_5_13,thru_5_13,order_5_20,oh_5_20,thru_5_20,order_5_28,oh_5_28,thru_5_28,order_6_3,oh_6_3,thru_6_3,order_6_10,oh_6_10,thru_6_10,order_6_17,oh_6_17,thru_6_17,order_6_24,oh_6_24,thru_6_24,order_7_1,oh_7_1,thru_7_1,order_7_8,oh_7_8,thru_7_8,order_7_15,oh_7_15,thru_7_15,order_7_22,oh_7_22,thru_7_22,order_7_29,oh_7_29,thru_7_29,order_8_5,oh_8_5,thru_8_5,order_8_12,oh_8_12,thru_8_12,order_8_19,oh_8_19,thru_8_19,order_8_26,oh_8_26,thru_8_26,order_9_3,ohBNW_9_3,ohBARS_9_3,oh_9_3,thru_9_3,order_9_9,ohBNW_9_9,ohBARS_9_9,oh_9_9,thru_9_9,order_9_16,ohBNW_9_16,ohBARS_9_16,oh_9_16,thru_9_16,order_9_23,ohBNW_9_23,ohBARS_9_23,oh_9_23,thru_9_23,order_10_1,ohBNW_10_1,ohBARS_10_1,oh_10_1,thru_10_1,order_10_7,ohBNW_10_7,ohBARS_10_7,oh_10_7,thru_10_7,order_10_14,ohBNW_10_14,ohBARS_10_14,crab_took_10_14,oh_10_14,thru_10_14,INSERT STATEMENTS
Rack Vodka,vodka,Southern,6,55,85,59,81,33,91,1,26,109,8,35,128,16,35,59,104,102,51,110,127,90,88,51,28,113,132,5,155,456,315,146,,176,139,43,95,124,85,80,100,102,93,89,83,118,58,,91,27,,17,74,83,48,52,82,64,46,111,20,,77,28,101,5,,57,26,81,22,,55,26,74,2,,51,22,68,8,,49,20,67,4,,51,10,,58,8,"('Rack Vodka','vodka','Southern',6,55,85,59,81,33,91,1,26,109,8,35,128,16,35,59,104,102,51,110,127,90,88,51,28,113,132,5,155,456,315,146,NULL,176,139,43,95,124,85,80,100,102,93,89,83,118,58,NULL,91,27,NULL,17,74,83,48,52,82,64,46,111,20,NULL,77,28,101,5,NULL,57,26,81,22,NULL,55,26,74,2,NULL,51,22,68,8,NULL,49,20,67,4,NULL,51,10,NULL,58,8),"
Rack Gin,gin,Southern,12,38,17,7,48,37,35,9,16,52,-1,,49,3,,39,10,18,58,-1,,41,17,,42,-1,,20,22,51,71,0,,59,12,,50,9,,48,2,,45,3,,44,1,,43,1,,34,9,,31,3,,26,23,49,-18,,36,14,50,-1,,36,16,51,-2,,38,12,48,2,,35,15,48,0,,35,15,49,0,,36,15,,48,-1,"('Rack Gin','gin','Southern',12,38,17,7,48,37,35,9,16,52,-1,NULL,49,3,NULL,39,10,18,58,-1,NULL,41,17,NULL,42,-1,NULL,20,22,51,71,0,NULL,59,12,NULL,50,9,NULL,48,2,NULL,45,3,NULL,44,1,NULL,43,1,NULL,34,9,NULL,31,3,NULL,26,23,49,-18,NULL,36,14,50,-1,NULL,36,16,51,-2,NULL,38,12,48,2,NULL,35,15,48,0,NULL,35,15,49,0,NULL,36,15,NULL,48,-1),"
Rack Rum,rum,Southern,12,33,83,31,85,16,28,19,34,57,5,,44,13,66,37,73,50,29,58,69,46,52,53,37,62,70,25,82,199,147,77,,70,77,49,12,107,115,73,54,33,53,53,36,48,41,,18,30,34,12,40,53,27,38,35,16,54,72,-8,,19,45,59,6,,10,39,46,15,,6,36,37,7,,5,36,37,1,,5,36,41,0,,2,30,,32,9,"('Rack Rum','rum','Southern',12,33,83,31,85,16,28,19,34,57,5,NULL,44,13,66,37,73,50,29,58,69,46,52,53,37,62,70,25,82,199,147,77,NULL,70,77,49,12,107,115,73,54,33,53,53,36,48,41,NULL,18,30,34,12,40,53,27,38,35,16,54,72,-8,NULL,19,45,59,6,NULL,10,39,46,15,NULL,6,36,37,7,NULL,5,36,37,1,NULL,5,36,41,0,NULL,2,30,NULL,32,9),"
Rack Tequila,tequila,Southern,6,1,85,9,77,137,128,18,,116,12,26,129,13,19,9,139,125,56,78,125,83,98,82,56,109,123,63,116,333,231,165,,113,118,85,29,169,210,154,85,53,126,81,53,126,53,,76,50,53,45,84,41,47,39,86,71,27,99,35,,78,13,89,7,,64,9,71,18,,33,22,54,18,,27,25,50,3,,31,21,52,0,,30,18,,43,4,"('Rack Tequila','tequila','Southern',6,1,85,9,77,137,128,18,NULL,116,12,26,129,13,19,9,139,125,56,78,125,83,98,82,56,109,123,63,116,333,231,165,NULL,113,118,85,29,169,210,154,85,53,126,81,53,126,53,NULL,76,50,53,45,84,41,47,39,86,71,27,99,35,NULL,78,13,89,7,NULL,64,9,71,18,NULL,33,22,54,18,NULL,27,25,50,3,NULL,31,21,52,0,NULL,30,18,NULL,43,4),"
Triple Sec,liqueur,Southern,12,84,1,35,50,0,30,5,16,52,-6,17,67,2,,38,29,35,48,25,36,60,24,,34,26,35,33,36,82,86,29,,55,31,20,41,34,20,41,20,20,32,29,18,34,16,,26,8,16,26,16,20,25,21,19,18,22,34,4,20,30,16,41,14,,16,16,34,14,,15,12,31,5,,11,18,26,-2,,11,19,26,-1,,11,16,4,24,-1,"('Triple Sec','liqueur','Southern',12,84,1,35,50,0,30,5,16,52,-6,17,67,2,NULL,38,29,35,48,25,36,60,24,NULL,34,26,35,33,36,82,86,29,NULL,55,31,20,41,34,20,41,20,20,32,29,18,34,16,NULL,26,8,16,26,16,20,25,21,19,18,22,34,4,20,30,16,41,14,NULL,16,16,34,14,NULL,15,12,31,5,NULL,11,18,26,-2,NULL,11,19,26,-1,NULL,11,16,4,24,-1),"
Peach Schnapps,liqueur,Southern,12,42,0,3,39,51,47,7,,44,3,20,50,14,33,22,61,66,42,46,49,72,19,,69,3,,38,31,152,136,54,,107,29,16,85,38,,50,35,18,38,30,19,41,16,,38,3,20,37,21,,23,14,17,15,31,46,-6,,20,27,43,-1,,20,18,38,9,,20,24,40,-6,,20,25,39,-1,,18,25,41,2,,19,24,,37,0,"('Peach Schnapps','liqueur','Southern',12,42,0,3,39,51,47,7,NULL,44,3,20,50,14,33,22,61,66,42,46,49,72,19,NULL,69,3,NULL,38,31,152,136,54,NULL,107,29,16,85,38,NULL,50,35,18,38,30,19,41,16,NULL,38,3,20,37,21,NULL,23,14,17,15,31,46,-6,NULL,20,27,43,-1,NULL,20,18,38,9,NULL,20,24,40,-6,NULL,20,25,39,-1,NULL,18,25,41,2,NULL,19,24,NULL,37,0),"
Amaretto,liqueur,Southern,12,82,4,64,22,4,59,9,,63,-4,,59,4,,42,17,,46,-4,,40,6,,27,13,17,34,10,37,59,12,,49,10,,34,15,,35,-1,,30,5,,24,6,,20,4,,16,4,,14,2,19,19,5,20,9,20,35,5,39,4,,30,1,34,9,,29,1,32,1,,26,5,30,-1,,29,3,27,-1,,27,3,,27,2,"('Amaretto','liqueur','Southern',12,82,4,64,22,4,59,9,NULL,63,-4,NULL,59,4,NULL,42,17,NULL,46,-4,NULL,40,6,NULL,27,13,17,34,10,37,59,12,NULL,49,10,NULL,34,15,NULL,35,-1,NULL,30,5,NULL,24,6,NULL,20,4,NULL,16,4,NULL,14,2,19,19,5,20,9,20,35,5,39,4,NULL,30,1,34,9,NULL,29,1,32,1,NULL,26,5,30,-1,NULL,29,3,27,-1,NULL,27,3,NULL,27,2),"
Blue Curacao,liqueur,Southern,12,14,3,5,12,1,3,3,,6,-3,8,13,1,19,30,2,,29,1,,25,4,,25,0,,18,7,,17,1,,11,6,,5,6,20,23,2,,22,1,,22,0,,18,4,,18,0,,12,6,,12,,11,0,,9,,12,3,,9,,11,0,,9,,7,0,,11,,8,-2,,11,,7,0,,5,4,,7,2,"('Blue Curacao','liqueur','Southern',12,14,3,5,12,1,3,3,NULL,6,-3,8,13,1,19,30,2,NULL,29,1,NULL,25,4,NULL,25,0,NULL,18,7,NULL,17,1,NULL,11,6,NULL,5,6,20,23,2,NULL,22,1,NULL,22,0,NULL,18,4,NULL,18,0,NULL,12,6,NULL,12,NULL,11,0,NULL,9,NULL,12,3,NULL,9,NULL,11,0,NULL,9,NULL,7,0,NULL,11,NULL,8,-2,NULL,11,NULL,7,0,NULL,5,4,NULL,7,2),"
Coffee Liqueur,liqueur,Southern,12,30,3,30,3,4,33,1,,30,3,,32,-2,,34,-2,,37,-3,,38,-1,,39,-1,,38,1,,36,2,,40,-4,,40,0,,37,3,,38,-1,,38,0,,38,0,,40,-2,,35,5,,36,,37,-1,,34,,35,2,,36,,38,-2,,32,,33,4,,34,,34,-2,,36,,33,-2,,33,3,,36,0,"('Coffee Liqueur','liqueur','Southern',12,30,3,30,3,4,33,1,NULL,30,3,NULL,32,-2,NULL,34,-2,NULL,37,-3,NULL,38,-1,NULL,39,-1,NULL,38,1,NULL,36,2,NULL,40,-4,NULL,40,0,NULL,37,3,NULL,38,-1,NULL,38,0,NULL,38,0,NULL,40,-2,NULL,35,5,NULL,36,NULL,37,-1,NULL,34,NULL,35,2,NULL,36,NULL,38,-2,NULL,32,NULL,33,4,NULL,34,NULL,34,-2,NULL,36,NULL,33,-2,NULL,33,3,NULL,36,0),"
Blackberry Liqueur,liqueur,Southern,12,21,4,23,2,3,22,4,,19,3,,19,0,,21,-2,,20,1,,20,0,,21,-1,,23,-2,,19,4,,19,0,,22,-3,,20,2,,20,0,,19,1,,19,0,,19,0,,21,-2,,22,,21,-1,,15,,15,7,,16,,17,-1,,18,,18,-2,,18,,17,0,,16,,15,2,,19,0,,18,-3,"('Blackberry Liqueur','liqueur','Southern',12,21,4,23,2,3,22,4,NULL,19,3,NULL,19,0,NULL,21,-2,NULL,20,1,NULL,20,0,NULL,21,-1,NULL,23,-2,NULL,19,4,NULL,19,0,NULL,22,-3,NULL,20,2,NULL,20,0,NULL,19,1,NULL,19,0,NULL,19,0,NULL,21,-2,NULL,22,NULL,21,-1,NULL,15,NULL,15,7,NULL,16,NULL,17,-1,NULL,18,NULL,18,-2,NULL,18,NULL,17,0,NULL,16,NULL,15,2,NULL,19,0,NULL,18,-3),"
Grey Goose,vodka,Southern,6,1,35,0,36,10,4,6,,7,-3,10,8,9,34,36,6,,34,2,,24,10,,15,9,10,14,11,19,23,10,,18,5,12,11,19,12,15,8,11,16,10,,1,15,,4,-3,12,3,13,42,35,10,8,18,12,28,13,,14,12,21,4,,4,15,15,7,,4,12,14,3,,5,12,11,-1,,4,4,11,9,,6,3,,4,-1,"('Grey Goose','vodka','Southern',6,1,35,0,36,10,4,6,NULL,7,-3,10,8,9,34,36,6,NULL,34,2,NULL,24,10,NULL,15,9,10,14,11,19,23,10,NULL,18,5,12,11,19,12,15,8,11,16,10,NULL,1,15,NULL,4,-3,12,3,13,42,35,10,8,18,12,28,13,NULL,14,12,21,4,NULL,4,15,15,7,NULL,4,12,14,3,NULL,5,12,11,-1,NULL,4,4,11,9,NULL,6,3,NULL,4,-1),"
Ketel One,vodka,Southern,12,2,52,31,23,1,14,18,,10,4,12,7,15,66,62,11,,55,7,,38,17,,32,6,,23,9,,16,7,,4,12,,4,0,33,30,7,,16,14,,0,16,,0,0,19,8,11,35,26,17,16,12,21,33,9,,15,14,27,4,,10,13,23,6,,9,10,19,4,,8,10,17,1,,10,8,14,0,,3,9,7,5,-1,"('Ketel One','vodka','Southern',12,2,52,31,23,1,14,18,NULL,10,4,12,7,15,66,62,11,NULL,55,7,NULL,38,17,NULL,32,6,NULL,23,9,NULL,16,7,NULL,4,12,NULL,4,0,33,30,7,NULL,16,14,NULL,0,16,NULL,0,0,19,8,11,35,26,17,16,12,21,33,9,NULL,15,14,27,4,NULL,10,13,23,6,NULL,9,10,19,4,NULL,8,10,17,1,NULL,10,8,14,0,NULL,3,9,7,5,-1),"
Titos,vodka,Southern,12,3,168,110,61,0,99,11,,57,42,82,119,20,33,19,133,167,98,88,86,79,105,86,47,118,135,83,99,331,259,155,,220,39,36,143,113,50,136,57,50,119,67,36,110,45,,50,60,50,23,77,102,48,77,69,20,26,45,71,,11,9,21,26,,2,3,2,15,35,18,10,29,12,,2,14,12,12,,4,11,14,1,,6,11,,13,-2,"('Titos','vodka','Southern',12,3,168,110,61,0,99,11,NULL,57,42,82,119,20,33,19,133,167,98,88,86,79,105,86,47,118,135,83,99,331,259,155,NULL,220,39,36,143,113,50,136,57,50,119,67,36,110,45,NULL,50,60,50,23,77,102,48,77,69,20,26,45,71,NULL,11,9,21,26,NULL,2,3,2,15,35,18,10,29,12,NULL,2,14,12,12,NULL,4,11,14,1,NULL,6,11,NULL,13,-2),"
Stoli Blueberry,vodka,Empire,12,25,20,22,23,4,15,11,17,15,17,16,33,-2,,27,6,18,26,19,17,25,18,18,25,18,20,29,16,19,10,38,,4,6,52,47,9,17,34,30,,27,7,,11,16,,5,6,17,23,2,5,10,18,16,16,17,31,-7,,14,15,29,4,,11,15,23,3,,9,15,21,2,,7,15,24,2,,12,10,24,0,,14,8,,22,0,"('Stoli Blueberry','vodka','Empire',12,25,20,22,23,4,15,11,17,15,17,16,33,-2,NULL,27,6,18,26,19,17,25,18,18,25,18,20,29,16,19,10,38,NULL,4,6,52,47,9,17,34,30,NULL,27,7,NULL,11,16,NULL,5,6,17,23,2,5,10,18,16,16,17,31,-7,NULL,14,15,29,4,NULL,11,15,23,3,NULL,9,15,21,2,NULL,7,15,24,2,NULL,12,10,24,0,NULL,14,8,NULL,22,0),"
Stoli Raspberry,vodka,Empire,12,10,18,7,21,20,27,0,,15,12,17,27,5,,20,7,19,32,7,,17,15,19,26,10,18,39,5,20,7,52,16,22,1,36,33,25,33,25,41,,20,5,,15,5,,17,-2,,17,0,13,16,14,,8,14,19,-6,,7,14,18,1,,9,11,17,1,,8,14,18,-2,,9,14,18,-1,,13,9,17,1,,7,6,8,11,1,"('Stoli Raspberry','vodka','Empire',12,10,18,7,21,20,27,0,NULL,15,12,17,27,5,NULL,20,7,19,32,7,NULL,17,15,19,26,10,18,39,5,20,7,52,16,22,1,36,33,25,33,25,41,NULL,20,5,NULL,15,5,NULL,17,-2,NULL,17,0,13,16,14,NULL,8,14,19,-6,NULL,7,14,18,1,NULL,9,11,17,1,NULL,8,14,18,-2,NULL,9,14,18,-1,NULL,13,9,17,1,NULL,7,6,8,11,1),"
Stoli Orange,vodka,Empire,12,24,18,20,22,3,19,4,19,3,35,34,37,0,,30,7,17,41,6,,36,5,,27,9,18,20,25,36,26,30,,13,13,51,60,4,,49,11,,48,1,,36,12,,35,1,,33,2,,22,11,,17,18,30,-13,,19,13,31,3,,14,12,22,6,,14,14,26,-2,,12,14,23,2,,14,9,23,3,,16,7,,23,0,"('Stoli Orange','vodka','Empire',12,24,18,20,22,3,19,4,19,3,35,34,37,0,NULL,30,7,17,41,6,NULL,36,5,NULL,27,9,18,20,25,36,26,30,NULL,13,13,51,60,4,NULL,49,11,NULL,48,1,NULL,36,12,NULL,35,1,NULL,33,2,NULL,22,11,NULL,17,18,30,-13,NULL,19,13,31,3,NULL,14,12,22,6,NULL,14,14,26,-2,NULL,12,14,23,2,NULL,14,9,23,3,NULL,16,7,NULL,23,0),"
Absolute Citron,vodka,Southern,12,25,19,16,28,17,20,13,,20,0,16,27,9,,21,6,35,30,26,16,38,8,,34,4,,30,4,,22,8,,19,3,,12,7,,9,3,18,17,10,,17,0,,13,4,,7,6,,7,0,,2,16,17,-11,,5,16,21,-3,,6,14,15,1,,5,9,13,6,,9,7,12,-2,,9,8,13,-1,,6,4,,11,7,"('Absolute Citron','vodka','Southern',12,25,19,16,28,17,20,13,NULL,20,0,16,27,9,NULL,21,6,35,30,26,16,38,8,NULL,34,4,NULL,30,4,NULL,22,8,NULL,19,3,NULL,12,7,NULL,9,3,18,17,10,NULL,17,0,NULL,13,4,NULL,7,6,NULL,7,0,NULL,2,16,17,-11,NULL,5,16,21,-3,NULL,6,14,15,1,NULL,5,9,13,6,NULL,9,7,12,-2,NULL,9,8,13,-1,NULL,6,4,NULL,11,7),"
Absolute Vanilla,vodka,Southern,12,43,2,41,4,1,33,9,,34,-1,,37,-3,,34,3,,34,0,,31,3,,30,1,,32,-2,,29,3,,26,3,,28,-2,,23,5,,22,1,,25,-3,,26,-1,,23,3,,23,0,,21,,20,2,,21,,18,0,,18,,22,3,,20,,20,-2,,19,,20,1,,18,,19,1,,12,,7,12,-1,"('Absolute Vanilla','vodka','Southern',12,43,2,41,4,1,33,9,NULL,34,-1,NULL,37,-3,NULL,34,3,NULL,34,0,NULL,31,3,NULL,30,1,NULL,32,-2,NULL,29,3,NULL,26,3,NULL,28,-2,NULL,23,5,NULL,22,1,NULL,25,-3,NULL,26,-1,NULL,23,3,NULL,23,0,NULL,21,NULL,20,2,NULL,21,NULL,18,0,NULL,18,NULL,22,3,NULL,20,NULL,20,-2,NULL,19,NULL,20,1,NULL,18,NULL,19,1,NULL,12,NULL,7,12,-1),"
Absolut Mango,vodka,Southern,12,64,4,62,6,4,39,27,,19,20,20,37,2,,39,-2,16,49,6,,47,2,,44,3,,40,4,,29,11,,25,4,,25,0,18,33,10,,28,5,,27,1,,23,4,,20,3,,16,4,,8,,11,8,,17,15,31,-24,,17,16,29,-1,,16,11,24,6,,14,7,17,6,,23,7,23,-9,,21,7,,26,2,"('Absolut Mango','vodka','Southern',12,64,4,62,6,4,39,27,NULL,19,20,20,37,2,NULL,39,-2,16,49,6,NULL,47,2,NULL,44,3,NULL,40,4,NULL,29,11,NULL,25,4,NULL,25,0,18,33,10,NULL,28,5,NULL,27,1,NULL,23,4,NULL,20,3,NULL,16,4,NULL,8,NULL,11,8,NULL,17,15,31,-24,NULL,17,16,29,-1,NULL,16,11,24,6,NULL,14,7,17,6,NULL,23,7,23,-9,NULL,21,7,NULL,26,2),"
Ketel One Cucumber & Mint,vodka,Southern,12,12,0,16,-4,0,11,5,,8,3,10,20,-2,,8,12,20,25,3,,17,8,,15,2,,7,8,19,13,13,20,24,9,,19,5,,16,3,,15,1,,10,5,,10,0,,5,5,,2,3,3,0,,2,5,11,11,,11,0,,6,,8,5,,8,,6,-2,,8,,5,0,,7,,8,1,,8,,,6,-1,"('Ketel One Cucumber & Mint','vodka','Southern',12,12,0,16,-4,0,11,5,NULL,8,3,10,20,-2,NULL,8,12,20,25,3,NULL,17,8,NULL,15,2,NULL,7,8,19,13,13,20,24,9,NULL,19,5,NULL,16,3,NULL,15,1,NULL,10,5,NULL,10,0,NULL,5,5,NULL,2,3,3,0,NULL,2,5,11,11,NULL,11,0,NULL,6,NULL,8,5,NULL,8,NULL,6,-2,NULL,8,NULL,5,0,NULL,7,NULL,8,1,NULL,8,NULL,NULL,6,-1),"
Deep Eddy Sweet Tea,vodka,Empire,12,46,3,44,5,2,29,17,,25,4,,25,0,,25,0,18,38,5,,32,6,,26,6,,31,-5,,29,2,,30,-1,,26,4,,22,4,,23,-1,,22,1,,18,4,,16,2,,20,-4,,10,,13,10,,11,5,14,-6,,12,,9,4,,9,,11,3,,10,,8,-1,,10,,10,0,,11,,,9,-1,"('Deep Eddy Sweet Tea','vodka','Empire',12,46,3,44,5,2,29,17,NULL,25,4,NULL,25,0,NULL,25,0,18,38,5,NULL,32,6,NULL,26,6,NULL,31,-5,NULL,29,2,NULL,30,-1,NULL,26,4,NULL,22,4,NULL,23,-1,NULL,22,1,NULL,18,4,NULL,16,2,NULL,20,-4,NULL,10,NULL,13,10,NULL,11,5,14,-6,NULL,12,NULL,9,4,NULL,9,NULL,11,3,NULL,10,NULL,8,-1,NULL,10,NULL,10,0,NULL,11,NULL,NULL,9,-1),"
New Amsterdam Passionfruit ,vodka,Empire,12,,,,,,,,,,,,,,,,,,,,,4,,19,22,1,,16,6,,16,0,,12,4,19,29,2,,26,3,,22,4,,20,2,,16,4,,15,1,,17,-2,,11,,10,6,,10,,7,1,,8,,7,2,,6,,6,2,,8,,8,-2,,5,,6,3,,5,,,6,0,"('New Amsterdam Passionfruit ','vodka','Empire',12,NULL,NULL,NULL,NULL,NULL,NULL,NULL,NULL,NULL,NULL,NULL,NULL,NULL,NULL,NULL,NULL,NULL,NULL,NULL,NULL,4,NULL,19,22,1,NULL,16,6,NULL,16,0,NULL,12,4,19,29,2,NULL,26,3,NULL,22,4,NULL,20,2,NULL,16,4,NULL,15,1,NULL,17,-2,NULL,11,NULL,10,6,NULL,10,NULL,7,1,NULL,8,NULL,7,2,NULL,6,NULL,6,2,NULL,8,NULL,8,-2,NULL,5,NULL,6,3,NULL,5,NULL,NULL,6,0),"
Beefeater,gin,Southern,12,2,10,12,0,3,8,7,,11,-3,,8,3,1,11,-2,,12,-1,,8,4,,8,0,,12,-4,,12,0,,9,3,,10,-1,,9,1,,11,-2,,9,2,,11,-2,,11,0,,7,4,,11,,7,-4,,10,,9,1,,11,,12,-1,,9,,10,2,,12,,11,-3,,8,,10,4,,10,,,8,-2,"('Beefeater','gin','Southern',12,2,10,12,0,3,8,7,NULL,11,-3,NULL,8,3,1,11,-2,NULL,12,-1,NULL,8,4,NULL,8,0,NULL,12,-4,NULL,12,0,NULL,9,3,NULL,10,-1,NULL,9,1,NULL,11,-2,NULL,9,2,NULL,11,-2,NULL,11,0,NULL,7,4,NULL,11,NULL,7,-4,NULL,10,NULL,9,1,NULL,11,NULL,12,-1,NULL,9,NULL,10,2,NULL,12,NULL,11,-3,NULL,8,NULL,10,4,NULL,10,NULL,NULL,8,-2),"
Bombay Sapphire,gin,Southern,12,2,12,9,5,2,8,3,,8,0,,6,2,5,8,3,,11,-3,,9,2,,3,6,4,7,0,8,11,4,,8,3,,8,0,,1,7,12,8,5,,4,4,,7,-3,,2,5,5,4,3,,3,,5,1,5,11,,11,-3,,9,,9,2,,8,,6,1,,9,,7,-1,,5,,9,4,,6,,,7,-1,"('Bombay Sapphire','gin','Southern',12,2,12,9,5,2,8,3,NULL,8,0,NULL,6,2,5,8,3,NULL,11,-3,NULL,9,2,NULL,3,6,4,7,0,8,11,4,NULL,8,3,NULL,8,0,NULL,1,7,12,8,5,NULL,4,4,NULL,7,-3,NULL,2,5,5,4,3,NULL,3,NULL,5,1,5,11,NULL,11,-3,NULL,9,NULL,9,2,NULL,8,NULL,6,1,NULL,9,NULL,7,-1,NULL,5,NULL,9,4,NULL,6,NULL,NULL,7,-1),"
Tanqueray,gin,Southern,12,2,37,35,4,3,14,24,,12,2,,12,0,10,17,5,,21,-4,,17,4,,12,5,,12,0,,11,1,,13,-2,,8,5,,10,-2,,5,5,,6,-1,,2,4,,2,0,,0,2,9,12,,12,-3,12,14,,15,10,,12,4,18,-2,,16,,14,0,,14,,12,2,,14,,16,0,,14,,3,14,-3,"('Tanqueray','gin','Southern',12,2,37,35,4,3,14,24,NULL,12,2,NULL,12,0,10,17,5,NULL,21,-4,NULL,17,4,NULL,12,5,NULL,12,0,NULL,11,1,NULL,13,-2,NULL,8,5,NULL,10,-2,NULL,5,5,NULL,6,-1,NULL,2,4,NULL,2,0,NULL,0,2,9,12,NULL,12,-3,12,14,NULL,15,10,NULL,12,4,18,-2,NULL,16,NULL,14,0,NULL,14,NULL,12,2,NULL,14,NULL,16,0,NULL,14,NULL,3,14,-3),"
Malibu,rum,Southern,12,13,70,74,9,4,67,11,,53,14,20,67,6,20,79,8,18,74,23,,43,31,37,52,28,18,50,20,49,68,31,,43,25,17,23,37,34,41,16,18,41,18,18,27,32,,13,14,20,11,22,37,27,21,19,15,31,44,0,18,48,23,71,-7,,40,22,62,9,,40,25,56,-3,,37,25,60,3,,40,17,54,5,,42,17,,55,-2,"('Malibu','rum','Southern',12,13,70,74,9,4,67,11,NULL,53,14,20,67,6,20,79,8,18,74,23,NULL,43,31,37,52,28,18,50,20,49,68,31,NULL,43,25,17,23,37,34,41,16,18,41,18,18,27,32,NULL,13,14,20,11,22,37,27,21,19,15,31,44,0,18,48,23,71,-7,NULL,40,22,62,9,NULL,40,25,56,-3,NULL,37,25,60,3,NULL,40,17,54,5,NULL,42,17,NULL,55,-2),"
Captain Morgan,rum,Southern,12,25,37,13,49,53,18,48,50,66,2,,52,14,36,71,17,20,62,29,16,54,24,20,48,26,19,44,23,49,48,45,16,27,37,37,14,50,50,50,14,17,33,34,37,54,16,,45,9,,33,12,,10,23,34,18,27,41,-1,20,33,23,56,9,,28,22,48,6,,28,15,41,7,,26,13,38,4,,27,12,35,0,,19,8,8,29,4,"('Captain Morgan','rum','Southern',12,25,37,13,49,53,18,48,50,66,2,NULL,52,14,36,71,17,20,62,29,16,54,24,20,48,26,19,44,23,49,48,45,16,27,37,37,14,50,50,50,14,17,33,34,37,54,16,NULL,45,9,NULL,33,12,NULL,10,23,34,18,27,41,-1,20,33,23,56,9,NULL,28,22,48,6,NULL,28,15,41,7,NULL,26,13,38,4,NULL,27,12,35,0,NULL,19,8,8,29,4),"
Bacardi,rum,Southern,12,37,36,34,39,2,35,1,,20,15,19,39,0,20,47,12,,34,13,,25,9,17,38,4,,22,16,34,40,16,,33,7,,31,2,,17,14,20,33,4,,30,3,,26,4,,15,11,,11,4,,19,23,38,-31,,20,18,40,4,,17,14,34,7,,17,16,29,-2,,15,16,30,2,,15,15,27,1,,15,15,,27,0,"('Bacardi','rum','Southern',12,37,36,34,39,2,35,1,NULL,20,15,19,39,0,20,47,12,NULL,34,13,NULL,25,9,17,38,4,NULL,22,16,34,40,16,NULL,33,7,NULL,31,2,NULL,17,14,20,33,4,NULL,30,3,NULL,26,4,NULL,15,11,NULL,11,4,NULL,19,23,38,-31,NULL,20,18,40,4,NULL,17,14,34,7,NULL,17,16,29,-2,NULL,15,16,30,2,NULL,15,15,27,1,NULL,15,15,NULL,27,0),"
Bacardi Limon,rum,Southern,12,45,19,1,63,85,55,31,18,55,18,16,64,7,16,27,53,49,18,58,66,21,63,70,26,65,66,32,60,181,100,113,37,84,53,34,52,66,51,47,56,49,60,36,16,38,38,,21,17,33,18,36,35,26,27,20,16,30,43,0,,17,18,31,11,,13,17,28,5,,11,14,18,5,,8,15,18,2,,6,13,19,4,,8,14,,19,-3,"('Bacardi Limon','rum','Southern',12,45,19,1,63,85,55,31,18,55,18,16,64,7,16,27,53,49,18,58,66,21,63,70,26,65,66,32,60,181,100,113,37,84,53,34,52,66,51,47,56,49,60,36,16,38,38,NULL,21,17,33,18,36,35,26,27,20,16,30,43,0,NULL,17,18,31,11,NULL,13,17,28,5,NULL,11,14,18,5,NULL,8,15,18,2,NULL,6,13,19,4,NULL,8,14,NULL,19,-3),"
Mt. Gay,rum,Southern,12,8,3,7,4,1,7,1,,11,-4,,9,2,,7,2,5,11,1,,11,0,,9,2,,9,0,,8,1,,8,0,,11,-3,,7,4,,11,-4,,11,0,,11,0,,7,4,,10,-3,,8,,8,2,,11,,9,-3,,9,,6,2,,5,,7,4,,7,,9,-2,,9,,6,-2,,9,,,5,0,"('Mt. Gay','rum','Southern',12,8,3,7,4,1,7,1,NULL,11,-4,NULL,9,2,NULL,7,2,5,11,1,NULL,11,0,NULL,9,2,NULL,9,0,NULL,8,1,NULL,8,0,NULL,11,-3,NULL,7,4,NULL,11,-4,NULL,11,0,NULL,11,0,NULL,7,4,NULL,10,-3,NULL,8,NULL,8,2,NULL,11,NULL,9,-3,NULL,9,NULL,6,2,NULL,5,NULL,7,4,NULL,7,NULL,9,-2,NULL,9,NULL,6,-2,NULL,9,NULL,NULL,5,0),"
Meyers,rum,Empire,12,18,3,17,4,3,19,1,,15,4,,16,-1,,12,4,,11,1,,11,0,,25,-14,,8,17,,10,-2,,6,4,,7,-1,,5,2,,2,3,,3,-1,,2,1,,0,2,,0,0,,3,,2,-3,,1,,2,2,,1,,2,0,,3,,2,-2,,1,,1,2,,4,,3,-3,,4,,,3,0,"('Meyers','rum','Empire',12,18,3,17,4,3,19,1,NULL,15,4,NULL,16,-1,NULL,12,4,NULL,11,1,NULL,11,0,NULL,25,-14,NULL,8,17,NULL,10,-2,NULL,6,4,NULL,7,-1,NULL,5,2,NULL,2,3,NULL,3,-1,NULL,2,1,NULL,0,2,NULL,0,0,NULL,3,NULL,2,-3,NULL,1,NULL,2,2,NULL,1,NULL,2,0,NULL,3,NULL,2,-2,NULL,1,NULL,1,2,NULL,4,NULL,3,-3,NULL,4,NULL,NULL,3,0),"
Bumbu Rum,rum,Southern,6,7,11,17,1,1,1,17,11,10,2,,10,0,,11,-1,12,9,14,19,24,4,,17,7,,17,0,,19,-2,,15,4,,15,0,,14,1,,12,2,,14,-2,,16,-2,,13,3,,14,-1,,10,,9,4,,8,,11,2,,11,,9,-3,,8,,8,3,,7,,9,1,,7,,6,0,,8,,,6,-1,"('Bumbu Rum','rum','Southern',6,7,11,17,1,1,1,17,11,10,2,NULL,10,0,NULL,11,-1,12,9,14,19,24,4,NULL,17,7,NULL,17,0,NULL,19,-2,NULL,15,4,NULL,15,0,NULL,14,1,NULL,12,2,NULL,14,-2,NULL,16,-2,NULL,13,3,NULL,14,-1,NULL,10,NULL,9,4,NULL,8,NULL,11,2,NULL,11,NULL,9,-3,NULL,8,NULL,8,3,NULL,7,NULL,9,1,NULL,7,NULL,6,0,NULL,8,NULL,NULL,6,-1),"
151 Rum,rum,Empire,12,,,,,,,,,,,,,,,,,,3,-3,20,21,2,,18,3,,15,3,,12,3,,5,7,19,19,5,,20,-1,,15,5,,15,0,,12,3,,8,4,,7,1,8,14,11,22,-10,,14,14,22,-3,,12,12,21,4,,11,12,25,1,,14,13,23,-4,,15,7,21,5,,16,5,,20,1,"('151 Rum','rum','Empire',12,NULL,NULL,NULL,NULL,NULL,NULL,NULL,NULL,NULL,NULL,NULL,NULL,NULL,NULL,NULL,NULL,NULL,3,-3,20,21,2,NULL,18,3,NULL,15,3,NULL,12,3,NULL,5,7,19,19,5,NULL,20,-1,NULL,15,5,NULL,15,0,NULL,12,3,NULL,8,4,NULL,7,1,8,14,11,22,-10,NULL,14,14,22,-3,NULL,12,12,21,4,NULL,11,12,25,1,NULL,14,13,23,-4,NULL,15,7,21,5,NULL,16,5,NULL,20,1),"
Jose Cuervo Gold,tequila,Empire,12,16,34,49,1,0,46,3,,46,0,,44,2,,39,5,,38,1,,37,1,,36,1,,37,-1,,39,-2,,37,2,,34,3,,33,1,,30,3,,33,-3,,34,-1,,32,2,,32,0,,28,,29,4,,30,,31,-2,,30,,27,0,,27,,29,3,,30,,27,-3,,28,,27,2,,26,,,30,2,"('Jose Cuervo Gold','tequila','Empire',12,16,34,49,1,0,46,3,NULL,46,0,NULL,44,2,NULL,39,5,NULL,38,1,NULL,37,1,NULL,36,1,NULL,37,-1,NULL,39,-2,NULL,37,2,NULL,34,3,NULL,33,1,NULL,30,3,NULL,33,-3,NULL,34,-1,NULL,32,2,NULL,32,0,NULL,28,NULL,29,4,NULL,30,NULL,31,-2,NULL,30,NULL,27,0,NULL,27,NULL,29,3,NULL,30,NULL,27,-3,NULL,28,NULL,27,2,NULL,26,NULL,NULL,30,2),"
Patron,tequila,Southern,12,2,167,141,28,2,139,4,,135,4,,127,8,,112,15,,91,21,,66,25,,44,22,82,107,19,,85,22,,60,25,,42,18,,23,19,82,67,38,,47,20,,39,8,,8,31,50,40,18,19,2,4,5,53,33,34,,34,5,,21,5,23,8,,16,,18,10,,16,,16,0,,22,,19,-6,,13,,9,16,0,"('Patron','tequila','Southern',12,2,167,141,28,2,139,4,NULL,135,4,NULL,127,8,NULL,112,15,NULL,91,21,NULL,66,25,NULL,44,22,82,107,19,NULL,85,22,NULL,60,25,NULL,42,18,NULL,23,19,82,67,38,NULL,47,20,NULL,39,8,NULL,8,31,50,40,18,19,2,4,5,53,33,34,NULL,34,5,NULL,21,5,23,8,NULL,16,NULL,18,10,NULL,16,NULL,16,0,NULL,22,NULL,19,-6,NULL,13,NULL,9,16,0),"
Milagro,tequila,Empire,6,27,1,19,9,1,18,2,11,27,2,,30,-3,,21,9,16,41,-4,,32,9,,28,4,,27,1,,23,4,,17,6,8,21,4,,17,4,,19,-2,,17,2,,16,1,,13,3,,6,7,,8,,7,-2,,6,,6,2,,5,,1,1,,4,,5,1,,3,,2,1,,1,,0,2,,0,,,1,1,"('Milagro','tequila','Empire',6,27,1,19,9,1,18,2,11,27,2,NULL,30,-3,NULL,21,9,16,41,-4,NULL,32,9,NULL,28,4,NULL,27,1,NULL,23,4,NULL,17,6,8,21,4,NULL,17,4,NULL,19,-2,NULL,17,2,NULL,16,1,NULL,13,3,NULL,6,7,NULL,8,NULL,7,-2,NULL,6,NULL,6,2,NULL,5,NULL,1,1,NULL,4,NULL,5,1,NULL,3,NULL,2,1,NULL,1,NULL,0,2,NULL,0,NULL,NULL,1,1),"
1800 Tequila,tequila,Empire,6,67,3,45,25,4,42,7,,48,-6,,47,1,,45,2,,43,2,,42,1,,40,2,,40,0,,25,15,,23,2,8,30,1,,19,11,,19,0,,14,5,,12,2,,14,-2,,8,6,,1,,3,7,,4,,2,-3,,0,,0,4,,3,,3,-3,,2,,0,1,,0,,2,2,,0,,,2,0,"('1800 Tequila','tequila','Empire',6,67,3,45,25,4,42,7,NULL,48,-6,NULL,47,1,NULL,45,2,NULL,43,2,NULL,42,1,NULL,40,2,NULL,40,0,NULL,25,15,NULL,23,2,8,30,1,NULL,19,11,NULL,19,0,NULL,14,5,NULL,12,2,NULL,14,-2,NULL,8,6,NULL,1,NULL,3,7,NULL,4,NULL,2,-3,NULL,0,NULL,0,4,NULL,3,NULL,3,-3,NULL,2,NULL,0,1,NULL,0,NULL,2,2,NULL,0,NULL,NULL,2,0),"
1800 Coconut Tequila,tequila,Empire,6,43,0,25,18,1,28,-2,,28,0,,25,3,,20,5,17,23,14,19,17,25,37,39,15,,18,21,35,38,15,,26,12,19,28,17,,18,10,,9,9,18,17,10,,15,2,,1,14,10,4,7,9,4,,3,9,,2,,0,2,,2,,2,0,,3,,0,-1,,2,,1,1,,0,,1,2,,1,,,1,-1,"('1800 Coconut Tequila','tequila','Empire',6,43,0,25,18,1,28,-2,NULL,28,0,NULL,25,3,NULL,20,5,17,23,14,19,17,25,37,39,15,NULL,18,21,35,38,15,NULL,26,12,19,28,17,NULL,18,10,NULL,9,9,18,17,10,NULL,15,2,NULL,1,14,10,4,7,9,4,NULL,3,9,NULL,2,NULL,0,2,NULL,2,NULL,2,0,NULL,3,NULL,0,-1,NULL,2,NULL,1,1,NULL,0,NULL,1,2,NULL,1,NULL,NULL,1,-1),"
Casamigos Blanco,tequila,Southern,6,3,84,23,64,85,73,35,,100,-27,,83,17,84,43,124,102,90,55,53,82,61,84,22,144,123,58,87,289,230,117,,173,57,,102,71,100,142,60,,71,71,86,109,48,,84,25,,34,50,70,30,74,50,25,37,58,18,18,41,26,62,13,,38,18,53,11,,30,6,35,20,,23,5,27,8,,25,6,28,-3,,23,,,22,8,"('Casamigos Blanco','tequila','Southern',6,3,84,23,64,85,73,35,NULL,100,-27,NULL,83,17,84,43,124,102,90,55,53,82,61,84,22,144,123,58,87,289,230,117,NULL,173,57,NULL,102,71,100,142,60,NULL,71,71,86,109,48,NULL,84,25,NULL,34,50,70,30,74,50,25,37,58,18,18,41,26,62,13,NULL,38,18,53,11,NULL,30,6,35,20,NULL,23,5,27,8,NULL,25,6,28,-3,NULL,23,NULL,NULL,22,8),"
CasamigAs Jalapeño,tequila,Southern,6,3,10,5,8,8,10,3,,8,2,,10,-2,8,14,4,16,27,3,,17,10,,11,6,11,13,9,16,24,5,,17,7,10,14,13,11,15,10,,10,5,10,16,4,,14,2,,8,6,,6,2,10,7,,6,9,9,14,5,13,-3,,7,5,8,7,,6,3,7,3,,7,4,8,-2,,6,,8,5,,6,,,4,0,"('CasamigAs Jalapeño','tequila','Southern',6,3,10,5,8,8,10,3,NULL,8,2,NULL,10,-2,8,14,4,16,27,3,NULL,17,10,NULL,11,6,11,13,9,16,24,5,NULL,17,7,10,14,13,11,15,10,NULL,10,5,10,16,4,NULL,14,2,NULL,8,6,NULL,6,2,10,7,NULL,6,9,9,14,5,13,-3,NULL,7,5,8,7,NULL,6,3,7,3,NULL,7,4,8,-2,NULL,6,NULL,8,5,NULL,6,NULL,NULL,4,0),"
Jeffersons,whiskey,Southern,6,15,1,9,7,1,9,1,,8,1,,8,0,,11,-3,,8,3,,10,-2,,8,2,,11,-3,,9,2,,9,0,,7,2,,10,-3,,7,3,,11,-4,,8,3,,9,-1,,7,2,,10,,8,-3,,11,,7,-1,,5,,8,6,,5,,7,0,,5,,4,0,,4,,8,1,,6,,,6,-2,"('Jeffersons','whiskey','Southern',6,15,1,9,7,1,9,1,NULL,8,1,NULL,8,0,NULL,11,-3,NULL,8,3,NULL,10,-2,NULL,8,2,NULL,11,-3,NULL,9,2,NULL,9,0,NULL,7,2,NULL,10,-3,NULL,7,3,NULL,11,-4,NULL,8,3,NULL,9,-1,NULL,7,2,NULL,10,NULL,8,-3,NULL,11,NULL,7,-1,NULL,5,NULL,8,6,NULL,5,NULL,7,0,NULL,5,NULL,4,0,NULL,4,NULL,8,1,NULL,6,NULL,NULL,6,-2),"
Jeffersons Reserve ,whiskey,Southern,6,7,2,8,1,0,7,1,,9,-2,,9,0,,11,-2,,11,0,,5,6,,5,0,,7,-2,,7,0,,9,-2,,9,0,,9,0,,6,3,,8,-2,,5,3,,5,0,,7,-2,,9,,5,-2,,8,,8,1,,7,,6,1,,6,,5,1,,3,,6,3,,5,,5,-2,,6,,,7,-1,"('Jeffersons Reserve ','whiskey','Southern',6,7,2,8,1,0,7,1,NULL,9,-2,NULL,9,0,NULL,11,-2,NULL,11,0,NULL,5,6,NULL,5,0,NULL,7,-2,NULL,7,0,NULL,9,-2,NULL,9,0,NULL,9,0,NULL,6,3,NULL,8,-2,NULL,5,3,NULL,5,0,NULL,7,-2,NULL,9,NULL,5,-2,NULL,8,NULL,8,1,NULL,7,NULL,6,1,NULL,6,NULL,5,1,NULL,3,NULL,6,3,NULL,5,NULL,5,-2,NULL,6,NULL,NULL,7,-1),"
Jeffersons Ocean,whiskey,Southern,6,11,3,10,4,2,11,1,,7,4,,11,-4,,8,3,,10,-2,,11,-1,,8,3,,9,-1,,11,-2,,11,0,,9,2,,11,-2,,12,-1,,11,1,,12,-1,,7,5,,5,2,,7,,6,-2,,8,,6,-1,,9,,5,-1,,5,,6,4,,8,,4,-3,,7,,5,1,,5,,,7,2,"('Jeffersons Ocean','whiskey','Southern',6,11,3,10,4,2,11,1,NULL,7,4,NULL,11,-4,NULL,8,3,NULL,10,-2,NULL,11,-1,NULL,8,3,NULL,9,-1,NULL,11,-2,NULL,11,0,NULL,9,2,NULL,11,-2,NULL,12,-1,NULL,11,1,NULL,12,-1,NULL,7,5,NULL,5,2,NULL,7,NULL,6,-2,NULL,8,NULL,6,-1,NULL,9,NULL,5,-1,NULL,5,NULL,6,4,NULL,8,NULL,4,-3,NULL,7,NULL,5,1,NULL,5,NULL,NULL,7,2),"
Screwball PB Whisky,whiskey,Southern,6,19,1,15,5,2,19,-2,,17,2,,16,1,,12,4,17,21,8,,19,2,,21,-2,,19,2,,21,-2,,16,5,,18,-2,,15,3,,8,7,12,16,4,,16,0,,12,4,,14,-2,,9,,11,5,,13,,14,-4,,15,,11,-2,,13,,15,2,,15,,13,-2,,15,,15,0,,13,,,12,2,"('Screwball PB Whisky','whiskey','Southern',6,19,1,15,5,2,19,-2,NULL,17,2,NULL,16,1,NULL,12,4,17,21,8,NULL,19,2,NULL,21,-2,NULL,19,2,NULL,21,-2,NULL,16,5,NULL,18,-2,NULL,15,3,NULL,8,7,12,16,4,NULL,16,0,NULL,12,4,NULL,14,-2,NULL,9,NULL,11,5,NULL,13,NULL,14,-4,NULL,15,NULL,11,-2,NULL,13,NULL,15,2,NULL,15,NULL,13,-2,NULL,15,NULL,15,0,NULL,13,NULL,NULL,12,2),"
Fireball,whiskey,Southern,12,27,3,8,22,16,22,2,,34,-12,,33,1,,29,4,,24,5,,21,3,,17,4,,14,3,20,27,7,,18,9,,19,-1,,18,1,,18,0,,17,1,,15,2,,6,9,,4,2,,4,,0,0,10,11,,8,3,,11,,10,0,,9,,11,2,,10,,11,-1,,9,,8,1,,9,,,7,0,"('Fireball','whiskey','Southern',12,27,3,8,22,16,22,2,NULL,34,-12,NULL,33,1,NULL,29,4,NULL,24,5,NULL,21,3,NULL,17,4,NULL,14,3,20,27,7,NULL,18,9,NULL,19,-1,NULL,18,1,NULL,18,0,NULL,17,1,NULL,15,2,NULL,6,9,NULL,4,2,NULL,4,NULL,0,0,10,11,NULL,8,3,NULL,11,NULL,10,0,NULL,9,NULL,11,2,NULL,10,NULL,11,-1,NULL,9,NULL,8,1,NULL,9,NULL,NULL,7,0),"
Jameson,whiskey,Southern,12,10,35,3,42,51,54,0,,38,16,,37,1,85,60,62,52,73,39,18,52,39,49,84,17,17,60,41,116,93,83,36,103,26,33,64,72,51,88,27,18,78,28,,61,17,,58,3,,40,18,,16,24,18,2,,4,32,37,1,14,14,24,,2,6,7,7,,0,,1,8,,3,,4,-3,,4,,2,-1,,3,,,3,1,"('Jameson','whiskey','Southern',12,10,35,3,42,51,54,0,NULL,38,16,NULL,37,1,85,60,62,52,73,39,18,52,39,49,84,17,17,60,41,116,93,83,36,103,26,33,64,72,51,88,27,18,78,28,NULL,61,17,NULL,58,3,NULL,40,18,NULL,16,24,18,2,NULL,4,32,37,1,14,14,24,NULL,2,6,7,7,NULL,0,NULL,1,8,NULL,3,NULL,4,-3,NULL,4,NULL,2,-1,NULL,3,NULL,NULL,3,1),"
Jameson Orange,whiskey,Southern,6,9,11,12,8,4,14,2,,12,2,,13,-1,,8,5,16,29,-5,,21,8,,21,0,,18,3,,18,0,,17,1,,16,1,,16,0,,12,4,,10,2,,13,-3,,10,3,,11,-1,,8,,11,3,,5,2,8,1,,6,1,6,0,,5,2,5,0,,8,,6,-1,,7,,5,1,,6,,,6,1,"('Jameson Orange','whiskey','Southern',6,9,11,12,8,4,14,2,NULL,12,2,NULL,13,-1,NULL,8,5,16,29,-5,NULL,21,8,NULL,21,0,NULL,18,3,NULL,18,0,NULL,17,1,NULL,16,1,NULL,16,0,NULL,12,4,NULL,10,2,NULL,13,-3,NULL,10,3,NULL,11,-1,NULL,8,NULL,11,3,NULL,5,2,8,1,NULL,6,1,6,0,NULL,5,2,5,0,NULL,8,NULL,6,-1,NULL,7,NULL,5,1,NULL,6,NULL,NULL,6,1),"
Tulamore Dew_Bush Mils Irish Whiskey,whiskey,Empire,6,8,2,6,4,1,8,-1,,7,1,,4,3,,7,-3,11,16,2,,12,4,,10,2,,10,0,9,16,3,,15,1,,19,-4,,17,2,,15,2,,17,-2,,15,2,,16,-1,,16,0,,16,,14,0,,12,,12,4,,16,,12,-4,,14,,13,2,,15,,14,-1,,15,,16,0,,12,,,11,3,"('Tulamore Dew_Bush Mils Irish Whiskey','whiskey','Empire',6,8,2,6,4,1,8,-1,NULL,7,1,NULL,4,3,NULL,7,-3,11,16,2,NULL,12,4,NULL,10,2,NULL,10,0,9,16,3,NULL,15,1,NULL,19,-4,NULL,17,2,NULL,15,2,NULL,17,-2,NULL,15,2,NULL,16,-1,NULL,16,0,NULL,16,NULL,14,0,NULL,12,NULL,12,4,NULL,16,NULL,12,-4,NULL,14,NULL,13,2,NULL,15,NULL,14,-1,NULL,15,NULL,16,0,NULL,12,NULL,NULL,11,3),"
Southern Comfort,whiskey,Empire,12,23,0,23,0,4,22,5,,21,1,,19,2,,21,-2,,19,2,,20,-1,,22,-2,,18,4,,21,-3,,15,6,,18,-3,,16,2,,18,-2,,18,0,,16,2,,18,-2,,12,6,,12,,8,0,,12,,10,0,,9,,7,3,,10,,9,-1,,11,,8,-1,,8,,8,3,,9,,,11,-1,"('Southern Comfort','whiskey','Empire',12,23,0,23,0,4,22,5,NULL,21,1,NULL,19,2,NULL,21,-2,NULL,19,2,NULL,20,-1,NULL,22,-2,NULL,18,4,NULL,21,-3,NULL,15,6,NULL,18,-3,NULL,16,2,NULL,18,-2,NULL,18,0,NULL,16,2,NULL,18,-2,NULL,12,6,NULL,12,NULL,8,0,NULL,12,NULL,10,0,NULL,9,NULL,7,3,NULL,10,NULL,9,-1,NULL,11,NULL,8,-1,NULL,8,NULL,8,3,NULL,9,NULL,NULL,11,-1),"
Jack Daniels,whiskey,Empire,12,15,50,16,49,52,72,-4,,75,-3,,74,1,17,62,29,16,61,17,,36,25,19,28,27,16,11,33,86,60,37,,46,14,33,61,18,,51,10,,23,28,19,26,16,,8,18,20,14,14,34,31,17,,5,14,18,12,,3,14,15,2,,4,3,4,10,,4,,3,3,,3,,0,1,,3,,0,0,,2,,,4,1,"('Jack Daniels','whiskey','Empire',12,15,50,16,49,52,72,-4,NULL,75,-3,NULL,74,1,17,62,29,16,61,17,NULL,36,25,19,28,27,16,11,33,86,60,37,NULL,46,14,33,61,18,NULL,51,10,NULL,23,28,19,26,16,NULL,8,18,20,14,14,34,31,17,NULL,5,14,18,12,NULL,3,14,15,2,NULL,4,3,4,10,NULL,4,NULL,3,3,NULL,3,NULL,0,1,NULL,3,NULL,0,0,NULL,2,NULL,NULL,4,1),"
Jack Fire,whiskey,Empire,12,42,2,14,30,3,10,7,20,30,0,,26,4,,21,5,,24,-3,,22,2,,20,2,,15,5,,15,0,,7,8,12,14,5,,10,4,,10,0,,5,5,,4,1,,5,-1,12,8,9,,7,,3,1,,5,8,9,-6,,1,12,11,0,,0,9,8,4,,1,12,11,-4,,7,6,8,0,,2,4,6,1,1,"('Jack Fire','whiskey','Empire',12,42,2,14,30,3,10,7,20,30,0,NULL,26,4,NULL,21,5,NULL,24,-3,NULL,22,2,NULL,20,2,NULL,15,5,NULL,15,0,NULL,7,8,12,14,5,NULL,10,4,NULL,10,0,NULL,5,5,NULL,4,1,NULL,5,-1,12,8,9,NULL,7,NULL,3,1,NULL,5,8,9,-6,NULL,1,12,11,0,NULL,0,9,8,4,NULL,1,12,11,-4,NULL,7,6,8,0,NULL,2,4,6,1,1),"
Jack Honey,whiskey,Empire,12,97,1,67,31,2,66,3,,70,-4,,66,4,,60,6,,62,-2,,59,3,,60,-1,,60,0,,55,5,,53,2,,53,0,,49,4,,46,3,,45,1,,41,4,,42,-1,,37,5,,36,,34,1,,37,6,44,-7,,31,6,35,6,,31,7,41,-1,,32,7,39,-1,,36,4,37,-1,,34,7,,39,-1,"('Jack Honey','whiskey','Empire',12,97,1,67,31,2,66,3,NULL,70,-4,NULL,66,4,NULL,60,6,NULL,62,-2,NULL,59,3,NULL,60,-1,NULL,60,0,NULL,55,5,NULL,53,2,NULL,53,0,NULL,49,4,NULL,46,3,NULL,45,1,NULL,41,4,NULL,42,-1,NULL,37,5,NULL,36,NULL,34,1,NULL,37,6,44,-7,NULL,31,6,35,6,NULL,31,7,41,-1,NULL,32,7,39,-1,NULL,36,4,37,-1,NULL,34,7,NULL,39,-1),"
Makers Mark,whiskey,Southern,12,2,11,7,6,0,6,1,,6,0,,8,-2,4,7,5,,4,3,6,8,2,,1,7,3,4,0,5,7,2,,11,-4,,9,2,,6,3,,4,2,4,8,0,,6,2,,6,0,,4,2,,1,,2,3,,0,,0,1,,1,,1,-1,,2,,2,-1,,1,,2,1,,1,,1,0,,4,,,2,-3,"('Makers Mark','whiskey','Southern',12,2,11,7,6,0,6,1,NULL,6,0,NULL,8,-2,4,7,5,NULL,4,3,6,8,2,NULL,1,7,3,4,0,5,7,2,NULL,11,-4,NULL,9,2,NULL,6,3,NULL,4,2,4,8,0,NULL,6,2,NULL,6,0,NULL,4,2,NULL,1,NULL,2,3,NULL,0,NULL,0,1,NULL,1,NULL,1,-1,NULL,2,NULL,2,-1,NULL,1,NULL,2,1,NULL,1,NULL,1,0,NULL,4,NULL,NULL,2,-3),"
Jim Beam,whiskey,Southern,12,5,1,3,3,1,2,2,7,8,1,,5,3,6,9,2,16,26,-1,,26,0,,24,2,,24,0,,24,0,,21,3,,22,-1,,20,2,,20,0,,20,0,,16,4,,17,-1,,19,-2,,19,,17,0,,16,,17,3,,17,,20,-1,,16,,15,1,,17,,18,-1,,18,,16,-1,,16,,,15,2,"('Jim Beam','whiskey','Southern',12,5,1,3,3,1,2,2,7,8,1,NULL,5,3,6,9,2,16,26,-1,NULL,26,0,NULL,24,2,NULL,24,0,NULL,24,0,NULL,21,3,NULL,22,-1,NULL,20,2,NULL,20,0,NULL,20,0,NULL,16,4,NULL,17,-1,NULL,19,-2,NULL,19,NULL,17,0,NULL,16,NULL,17,3,NULL,17,NULL,20,-1,NULL,16,NULL,15,1,NULL,17,NULL,18,-1,NULL,18,NULL,16,-1,NULL,16,NULL,NULL,15,2),"
Wild Turkey 81 ,whiskey,Southern,12,34,2,33,3,3,34,2,,33,1,,32,1,,36,-4,,31,5,,29,2,,30,-1,,31,-1,,28,3,,27,1,,30,-3,,30,0,,28,2,,30,-2,,27,3,,27,0,,21,6,,29,,27,-8,,28,,29,1,,25,,26,3,,26,,25,-1,,27,,25,-1,,26,,25,1,,25,,,25,1,"('Wild Turkey 81 ','whiskey','Southern',12,34,2,33,3,3,34,2,NULL,33,1,NULL,32,1,NULL,36,-4,NULL,31,5,NULL,29,2,NULL,30,-1,NULL,31,-1,NULL,28,3,NULL,27,1,NULL,30,-3,NULL,30,0,NULL,28,2,NULL,30,-2,NULL,27,3,NULL,27,0,NULL,21,6,NULL,29,NULL,27,-8,NULL,28,NULL,29,1,NULL,25,NULL,26,3,NULL,26,NULL,25,-1,NULL,27,NULL,25,-1,NULL,26,NULL,25,1,NULL,25,NULL,NULL,25,1),"
Dewers,whiskey,Southern,12,5,19,17,7,1,19,-1,,22,-3,,22,0,,19,3,,24,-5,,24,0,,24,0,,19,5,,22,-3,,19,3,,22,-3,,20,2,,17,3,,16,1,,16,0,,19,-3,,18,1,,16,,19,2,,17,,19,-1,,17,,19,0,,18,,19,-1,,20,,20,-2,,17,,19,3,,18,,,17,-1,"('Dewers','whiskey','Southern',12,5,19,17,7,1,19,-1,NULL,22,-3,NULL,22,0,NULL,19,3,NULL,24,-5,NULL,24,0,NULL,24,0,NULL,19,5,NULL,22,-3,NULL,19,3,NULL,22,-3,NULL,20,2,NULL,17,3,NULL,16,1,NULL,16,0,NULL,19,-3,NULL,18,1,NULL,16,NULL,19,2,NULL,17,NULL,19,-1,NULL,17,NULL,19,0,NULL,18,NULL,19,-1,NULL,20,NULL,20,-2,NULL,17,NULL,19,3,NULL,18,NULL,NULL,17,-1),"
Crown Royal,whiskey,Southern,12,4,20,17,7,2,14,5,,15,-1,,15,0,,12,3,17,26,3,,24,2,,26,-2,,22,4,,22,0,,18,4,,17,1,,17,0,,15,2,,18,-3,,15,3,,12,3,,12,0,,8,,11,4,,10,,7,-2,,9,,5,1,,8,,5,1,,8,,7,0,,5,,6,3,,5,,,5,0,"('Crown Royal','whiskey','Southern',12,4,20,17,7,2,14,5,NULL,15,-1,NULL,15,0,NULL,12,3,17,26,3,NULL,24,2,NULL,26,-2,NULL,22,4,NULL,22,0,NULL,18,4,NULL,17,1,NULL,17,0,NULL,15,2,NULL,18,-3,NULL,15,3,NULL,12,3,NULL,12,0,NULL,8,NULL,11,4,NULL,10,NULL,7,-2,NULL,9,NULL,5,1,NULL,8,NULL,5,1,NULL,8,NULL,7,0,NULL,5,NULL,6,3,NULL,5,NULL,NULL,5,0),"
Seagrams 7,whiskey,Southern,12,8,0,5,3,3,9,-1,,7,2,,5,2,,7,-2,16,19,4,,19,0,,22,-3,,20,2,,20,0,,19,1,,17,2,,16,1,,15,1,,17,-2,,16,1,,16,0,,13,3,,16,,15,-3,,12,,15,4,,14,,15,-2,,12,,12,2,,15,,12,-3,,11,,13,4,,11,,,15,0,"('Seagrams 7','whiskey','Southern',12,8,0,5,3,3,9,-1,NULL,7,2,NULL,5,2,NULL,7,-2,16,19,4,NULL,19,0,NULL,22,-3,NULL,20,2,NULL,20,0,NULL,19,1,NULL,17,2,NULL,16,1,NULL,15,1,NULL,17,-2,NULL,16,1,NULL,16,0,NULL,13,3,NULL,16,NULL,15,-3,NULL,12,NULL,15,4,NULL,14,NULL,15,-2,NULL,12,NULL,12,2,NULL,15,NULL,12,-3,NULL,11,NULL,13,4,NULL,11,NULL,NULL,15,0),"
Hennessey,whiskey,Empire,12,16,3,3,16,16,20,-1,,22,-2,17,16,23,36,61,-9,,54,7,,53,1,,44,9,,39,5,16,27,28,,24,3,,6,18,19,18,7,,27,-9,,27,0,,27,0,,24,3,,22,2,,24,,23,-2,,19,,23,5,,19,,21,0,,19,,22,0,,19,,23,0,,19,,21,0,,20,,,20,-1,"('Hennessey','whiskey','Empire',12,16,3,3,16,16,20,-1,NULL,22,-2,17,16,23,36,61,-9,NULL,54,7,NULL,53,1,NULL,44,9,NULL,39,5,16,27,28,NULL,24,3,NULL,6,18,19,18,7,NULL,27,-9,NULL,27,0,NULL,27,0,NULL,24,3,NULL,22,2,NULL,24,NULL,23,-2,NULL,19,NULL,23,5,NULL,19,NULL,21,0,NULL,19,NULL,22,0,NULL,19,NULL,23,0,NULL,19,NULL,21,0,NULL,20,NULL,NULL,20,-1),"
Johnny Walker Red Label,whiskey,Southern,12,7,7,4,10,4,1,7,5,8,-2,,9,-1,5,10,4,,8,2,,10,-2,,11,-1,,8,3,,8,0,,12,-4,,8,4,,11,-3,,8,3,,12,-4,,11,1,,5,6,,7,-2,,14,,10,-7,,11,,11,3,,14,,11,-3,,14,,11,0,,14,,13,0,,13,,11,1,,13,,,13,0,"('Johnny Walker Red Label','whiskey','Southern',12,7,7,4,10,4,1,7,5,8,-2,NULL,9,-1,5,10,4,NULL,8,2,NULL,10,-2,NULL,11,-1,NULL,8,3,NULL,8,0,NULL,12,-4,NULL,8,4,NULL,11,-3,NULL,8,3,NULL,12,-4,NULL,11,1,NULL,5,6,NULL,7,-2,NULL,14,NULL,10,-7,NULL,11,NULL,11,3,NULL,14,NULL,11,-3,NULL,14,NULL,11,0,NULL,14,NULL,13,0,NULL,13,NULL,11,1,NULL,13,NULL,NULL,13,0),"
Johnny Walker Black Label,whiskey,Southern,12,2,4,2,4,1,1,2,8,7,2,,6,1,6,9,3,,8,1,,5,3,,6,-1,,5,1,6,7,4,,9,-2,,8,1,,6,2,,4,2,,5,-1,,0,5,,4,-4,3,3,4,,3,,2,0,,1,,5,2,,3,,4,-2,,2,,3,1,,1,,5,1,,2,,1,-1,,3,,,4,-1,"('Johnny Walker Black Label','whiskey','Southern',12,2,4,2,4,1,1,2,8,7,2,NULL,6,1,6,9,3,NULL,8,1,NULL,5,3,NULL,6,-1,NULL,5,1,6,7,4,NULL,9,-2,NULL,8,1,NULL,6,2,NULL,4,2,NULL,5,-1,NULL,0,5,NULL,4,-4,3,3,4,NULL,3,NULL,2,0,NULL,1,NULL,5,2,NULL,3,NULL,4,-2,NULL,2,NULL,3,1,NULL,1,NULL,5,1,NULL,2,NULL,1,-1,NULL,3,NULL,NULL,4,-1),"
Bullett Burbon,whiskey,Southern,12,2,6,2,6,4,1,5,8,8,1,,5,3,9,15,-1,,8,7,,8,0,,2,6,10,9,3,8,9,8,,8,1,,9,-1,,7,2,,4,3,6,6,4,,8,-2,,4,4,,2,2,,3,,2,-1,,4,,0,-1,,2,,0,2,,2,,1,0,,3,,3,-1,,3,,4,0,,4,,,0,-1,"('Bullett Burbon','whiskey','Southern',12,2,6,2,6,4,1,5,8,8,1,NULL,5,3,9,15,-1,NULL,8,7,NULL,8,0,NULL,2,6,10,9,3,8,9,8,NULL,8,1,NULL,9,-1,NULL,7,2,NULL,4,3,6,6,4,NULL,8,-2,NULL,4,4,NULL,2,2,NULL,3,NULL,2,-1,NULL,4,NULL,0,-1,NULL,2,NULL,0,2,NULL,2,NULL,1,0,NULL,3,NULL,3,-1,NULL,3,NULL,4,0,NULL,4,NULL,NULL,0,-1),"
B&B,whiskey,Southern,12,25,1,23,3,0,23,0,,24,-1,,26,-2,,26,0,,23,3,,25,-2,,21,4,,25,-4,,19,6,,21,-2,,23,-2,,21,2,,20,1,,20,0,,20,0,,18,2,,17,1,,17,,16,0,,16,,16,1,,15,,19,1,,19,,16,-4,,15,,19,4,,19,,16,-4,,16,,,17,3,"('B&B','whiskey','Southern',12,25,1,23,3,0,23,0,NULL,24,-1,NULL,26,-2,NULL,26,0,NULL,23,3,NULL,25,-2,NULL,21,4,NULL,25,-4,NULL,19,6,NULL,21,-2,NULL,23,-2,NULL,21,2,NULL,20,1,NULL,20,0,NULL,20,0,NULL,18,2,NULL,17,1,NULL,17,NULL,16,0,NULL,16,NULL,16,1,NULL,15,NULL,19,1,NULL,19,NULL,16,-4,NULL,15,NULL,19,4,NULL,19,NULL,16,-4,NULL,16,NULL,NULL,17,3),"
Carolinas Irish Cream,liqueur,Southern,12,5,5,7,3,2,6,3,,4,2,9,9,4,,10,-1,,5,5,6,7,4,,8,-1,,8,0,,7,1,,5,2,11,2,14,12,10,4,,9,1,,8,1,,11,-3,,9,2,,5,4,,5,,3,0,,7,,3,-2,,7,,7,0,,2,,2,5,,2,,3,0,,3,,3,-1,,2,,3,0,-2,"('Carolinas Irish Cream','liqueur','Southern',12,5,5,7,3,2,6,3,NULL,4,2,9,9,4,NULL,10,-1,NULL,5,5,6,7,4,NULL,8,-1,NULL,8,0,NULL,7,1,NULL,5,2,11,2,14,12,10,4,NULL,9,1,NULL,8,1,NULL,11,-3,NULL,9,2,NULL,5,4,NULL,5,NULL,3,0,NULL,7,NULL,3,-2,NULL,7,NULL,7,0,NULL,2,NULL,2,5,NULL,2,NULL,3,0,NULL,3,NULL,3,-1,NULL,2,NULL,3,0,-2),"
Kahlua,liqueur,Southern,12,7,4,4,7,0,6,-2,,3,3,8,15,-4,,14,1,,13,1,,10,3,,9,1,,9,0,,9,0,,11,-2,,7,4,,7,0,,9,-2,,9,0,,8,1,,9,-1,,5,4,,1,,2,4,,1,,4,0,,4,,4,-3,,5,,2,-1,,3,,5,2,,3,,3,0,,4,,5,1,-6,"('Kahlua','liqueur','Southern',12,7,4,4,7,0,6,-2,NULL,3,3,8,15,-4,NULL,14,1,NULL,13,1,NULL,10,3,NULL,9,1,NULL,9,0,NULL,9,0,NULL,11,-2,NULL,7,4,NULL,7,0,NULL,9,-2,NULL,9,0,NULL,8,1,NULL,9,-1,NULL,5,4,NULL,1,NULL,2,4,NULL,1,NULL,4,0,NULL,4,NULL,4,-3,NULL,5,NULL,2,-1,NULL,3,NULL,5,2,NULL,3,NULL,3,0,NULL,4,NULL,5,1,-6),"
Rumchata,liqueur,Empire,6,20,0,15,5,0,14,1,,16,-2,,16,0,,17,-1,,17,0,,17,0,,17,0,,16,1,,12,4,,13,-1,,12,1,,13,-1,,11,2,,11,0,,11,0,,9,2,,9,0,,11,,9,-2,,9,,8,2,,6,,9,3,,5,,6,1,,5,,9,0,,5,,8,0,,6,,,8,-1,"('Rumchata','liqueur','Empire',6,20,0,15,5,0,14,1,NULL,16,-2,NULL,16,0,NULL,17,-1,NULL,17,0,NULL,17,0,NULL,17,0,NULL,16,1,NULL,12,4,NULL,13,-1,NULL,12,1,NULL,13,-1,NULL,11,2,NULL,11,0,NULL,11,0,NULL,9,2,NULL,9,0,NULL,11,NULL,9,-2,NULL,9,NULL,8,2,NULL,6,NULL,9,3,NULL,5,NULL,6,1,NULL,5,NULL,9,0,NULL,5,NULL,8,0,NULL,6,NULL,NULL,8,-1),"
St. Germaine,liqueur,Southern,6,21,2,12,11,3,16,-1,,16,0,,14,2,,14,0,,14,0,,12,2,,10,2,,12,-2,,14,-2,,14,0,,11,3,,11,0,,10,1,,10,0,,10,0,,10,0,,10,0,,13,,10,-3,,10,,10,3,,13,,13,-3,,10,,14,3,,12,,13,-2,,14,,10,-2,,9,,4,10,1,"('St. Germaine','liqueur','Southern',6,21,2,12,11,3,16,-1,NULL,16,0,NULL,14,2,NULL,14,0,NULL,14,0,NULL,12,2,NULL,10,2,NULL,12,-2,NULL,14,-2,NULL,14,0,NULL,11,3,NULL,11,0,NULL,10,1,NULL,10,0,NULL,10,0,NULL,10,0,NULL,10,0,NULL,13,NULL,10,-3,NULL,10,NULL,10,3,NULL,13,NULL,13,-3,NULL,10,NULL,14,3,NULL,12,NULL,13,-2,NULL,14,NULL,10,-2,NULL,9,NULL,4,10,1),"
Silver Sambuca,liqueur,Empire,12,20,4,14,10,4,15,3,,13,2,,16,-3,,15,1,,16,-1,,12,4,,13,-1,,14,-1,,16,-2,,15,1,,14,1,,13,1,,15,-2,,13,2,,16,-3,,14,2,,13,1,,14,,11,-1,,12,,11,2,,15,,13,-3,,13,,15,2,,13,,11,0,,14,,11,-1,,11,,3,11,0,"('Silver Sambuca','liqueur','Empire',12,20,4,14,10,4,15,3,NULL,13,2,NULL,16,-3,NULL,15,1,NULL,16,-1,NULL,12,4,NULL,13,-1,NULL,14,-1,NULL,16,-2,NULL,15,1,NULL,14,1,NULL,13,1,NULL,15,-2,NULL,13,2,NULL,16,-3,NULL,14,2,NULL,13,1,NULL,14,NULL,11,-1,NULL,12,NULL,11,2,NULL,15,NULL,13,-3,NULL,13,NULL,15,2,NULL,13,NULL,11,0,NULL,14,NULL,11,-1,NULL,11,NULL,3,11,0),"
Dark Sambuca,liqueur,Empire,12,8,4,4,8,3,6,1,,5,1,,3,2,,3,0,5,7,1,,4,3,,8,-4,,6,2,,6,0,,6,0,,8,-2,,6,2,,5,1,,4,1,,7,-3,,5,2,,7,-2,,6,,8,1,,8,,4,-2,,6,,7,2,,4,,4,2,,5,,8,-1,,4,,4,1,,2,,3,5,-1,"('Dark Sambuca','liqueur','Empire',12,8,4,4,8,3,6,1,NULL,5,1,NULL,3,2,NULL,3,0,5,7,1,NULL,4,3,NULL,8,-4,NULL,6,2,NULL,6,0,NULL,6,0,NULL,8,-2,NULL,6,2,NULL,5,1,NULL,4,1,NULL,7,-3,NULL,5,2,NULL,7,-2,NULL,6,NULL,8,1,NULL,8,NULL,4,-2,NULL,6,NULL,7,2,NULL,4,NULL,4,2,NULL,5,NULL,8,-1,NULL,4,NULL,4,1,NULL,2,NULL,3,5,-1),"
Sweet Vermouth,fortified wine,Empire,12,18,2,11,9,0,14,-3,,15,-1,,12,3,,13,-1,,15,-2,,17,-2,,15,2,,14,1,,18,-4,,17,1,,18,-1,,16,2,,17,-1,,14,3,,15,-1,,14,1,,14,0,,12,,14,2,,15,,13,-3,,16,,15,-1,,13,,12,3,,15,,15,-2,,12,,14,3,,12,,,16,0,"('Sweet Vermouth','fortified wine','Empire',12,18,2,11,9,0,14,-3,NULL,15,-1,NULL,12,3,NULL,13,-1,NULL,15,-2,NULL,17,-2,NULL,15,2,NULL,14,1,NULL,18,-4,NULL,17,1,NULL,18,-1,NULL,16,2,NULL,17,-1,NULL,14,3,NULL,15,-1,NULL,14,1,NULL,14,0,NULL,12,NULL,14,2,NULL,15,NULL,13,-3,NULL,16,NULL,15,-1,NULL,13,NULL,12,3,NULL,15,NULL,15,-2,NULL,12,NULL,14,3,NULL,12,NULL,NULL,16,0),"
Dry Vermouth,fortified wine,Empire,12,7,6,7,6,3,5,5,,6,-1,,7,-1,,3,4,,9,-6,,18,-9,,15,3,,14,1,,16,-2,,15,1,,15,0,,16,-1,,13,3,,16,-3,,15,1,,16,-1,,13,3,,15,,16,-2,,16,,16,-1,,15,,15,1,,13,,14,2,,15,,16,-2,,16,,13,-1,,14,,,14,2,"('Dry Vermouth','fortified wine','Empire',12,7,6,7,6,3,5,5,NULL,6,-1,NULL,7,-1,NULL,3,4,NULL,9,-6,NULL,18,-9,NULL,15,3,NULL,14,1,NULL,16,-2,NULL,15,1,NULL,15,0,NULL,16,-1,NULL,13,3,NULL,16,-3,NULL,15,1,NULL,16,-1,NULL,13,3,NULL,15,NULL,16,-2,NULL,16,NULL,16,-1,NULL,15,NULL,15,1,NULL,13,NULL,14,2,NULL,15,NULL,16,-2,NULL,16,NULL,13,-1,NULL,14,NULL,NULL,14,2),"
Grand Marier,liqueur,Southern,6,5,5,5,5,0,2,3,8,5,5,,7,-2,,6,1,9,15,0,,14,1,,7,7,,9,-2,,7,2,,3,4,3,6,0,4,3,7,,4,-1,1,8,-3,,2,6,,2,0,,4,-2,3,1,,2,6,,4,,1,-3,,3,,3,1,,4,,1,-1,,0,,2,4,,1,,0,-1,,3,,,0,-2,"('Grand Marier','liqueur','Southern',6,5,5,5,5,0,2,3,8,5,5,NULL,7,-2,NULL,6,1,9,15,0,NULL,14,1,NULL,7,7,NULL,9,-2,NULL,7,2,NULL,3,4,3,6,0,4,3,7,NULL,4,-1,1,8,-3,NULL,2,6,NULL,2,0,NULL,4,-2,3,1,NULL,2,6,NULL,4,NULL,1,-3,NULL,3,NULL,3,1,NULL,4,NULL,1,-1,NULL,0,NULL,2,4,NULL,1,NULL,0,-1,NULL,3,NULL,NULL,0,-2),"
Jager,liqueur,Southern,12,42,0,30,12,0,31,-1,,37,-6,,27,10,,16,11,35,43,8,,40,3,,27,13,,23,4,,11,12,19,20,10,,7,13,,1,6,16,8,9,17,26,-1,,24,2,,18,6,,12,6,,10,,11,2,,11,,10,-1,,14,,11,-3,,10,,10,4,,14,,12,-4,,11,,14,3,,11,,,13,0,"('Jager','liqueur','Southern',12,42,0,30,12,0,31,-1,NULL,37,-6,NULL,27,10,NULL,16,11,35,43,8,NULL,40,3,NULL,27,13,NULL,23,4,NULL,11,12,19,20,10,NULL,7,13,NULL,1,6,16,8,9,17,26,-1,NULL,24,2,NULL,18,6,NULL,12,6,NULL,10,NULL,11,2,NULL,11,NULL,10,-1,NULL,14,NULL,11,-3,NULL,10,NULL,10,4,NULL,14,NULL,12,-4,NULL,11,NULL,14,3,NULL,11,NULL,NULL,13,0),"
Frangelico,liqueur,Southern,12,25,3,22,6,3,18,7,,21,-3,,18,3,,19,-1,,18,1,,17,1,,16,1,,17,-1,,19,-2,,17,2,,18,-1,,14,4,,14,0,,15,-1,,11,4,,15,-4,,15,0,,13,,12,2,,15,,13,-2,,10,,11,5,,14,,12,-4,,10,,13,4,,11,,11,-1,,12,,,11,-1,"('Frangelico','liqueur','Southern',12,25,3,22,6,3,18,7,NULL,21,-3,NULL,18,3,NULL,19,-1,NULL,18,1,NULL,17,1,NULL,16,1,NULL,17,-1,NULL,19,-2,NULL,17,2,NULL,18,-1,NULL,14,4,NULL,14,0,NULL,15,-1,NULL,11,4,NULL,15,-4,NULL,15,0,NULL,13,NULL,12,2,NULL,15,NULL,13,-2,NULL,10,NULL,11,5,NULL,14,NULL,12,-4,NULL,10,NULL,13,4,NULL,11,NULL,11,-1,NULL,12,NULL,NULL,11,-1),"
Pinot Grigio,white wine,Manhatten,12,116,2,117,1,,104,13,,95,9,,82,13,,59,23,36,62,33,36,66,32,33,69,30,36,45,60,68,90,23,35,106,19,,93,13,,52,41,,13,39,,2,11,16,3,15,35,2,36,50,54,-2,,26,,27,28,,19,,19,7,,4,,0,15,36,23,,19,17,,13,,15,10,,10,,12,3,,4,,,2,6,"('Pinot Grigio','white wine','Manhatten',12,116,2,117,1,NULL,104,13,NULL,95,9,NULL,82,13,NULL,59,23,36,62,33,36,66,32,33,69,30,36,45,60,68,90,23,35,106,19,NULL,93,13,NULL,52,41,NULL,13,39,NULL,2,11,16,3,15,35,2,36,50,54,-2,NULL,26,NULL,27,28,NULL,19,NULL,19,7,NULL,4,NULL,0,15,36,23,NULL,19,17,NULL,13,NULL,15,10,NULL,10,NULL,12,3,NULL,4,NULL,NULL,2,6),"
Chardonnay,white wine,Boening Brothers,6,1,45,43,3,,43,0,,42,1,,36,6,,29,7,36,58,7,,29,29,37,54,12,,48,6,20,62,6,,58,4,,48,10,,46,2,,43,3,,29,14,52,70,11,,53,17,,38,15,,30,,28,8,,23,,25,7,,14,,14,9,,8,,6,6,,4,,7,4,,8,,7,-4,,0,,,4,8,"('Chardonnay','white wine','Boening Brothers',6,1,45,43,3,NULL,43,0,NULL,42,1,NULL,36,6,NULL,29,7,36,58,7,NULL,29,29,37,54,12,NULL,48,6,20,62,6,NULL,58,4,NULL,48,10,NULL,46,2,NULL,43,3,NULL,29,14,52,70,11,NULL,53,17,NULL,38,15,NULL,30,NULL,28,8,NULL,23,NULL,25,7,NULL,14,NULL,14,9,NULL,8,NULL,6,6,NULL,4,NULL,7,4,NULL,8,NULL,7,-4,NULL,0,NULL,NULL,4,8),"
White Zinfandel,white wine,Boening Brothers,12,67,2,61,8,,60,1,,62,-2,,62,0,,61,1,,56,5,,51,5,,44,7,,46,-2,,41,5,,42,-1,,42,0,,37,5,,37,0,,32,5,,33,-1,,28,5,,25,3,,25,,26,0,,21,,22,4,,19,,18,2,,17,,15,2,,18,,14,-1,,17,,15,1,,11,,,14,6,"('White Zinfandel','white wine','Boening Brothers',12,67,2,61,8,NULL,60,1,NULL,62,-2,NULL,62,0,NULL,61,1,NULL,56,5,NULL,51,5,NULL,44,7,NULL,46,-2,NULL,41,5,NULL,42,-1,NULL,42,0,NULL,37,5,NULL,37,0,NULL,32,5,NULL,33,-1,NULL,28,5,NULL,25,3,NULL,25,NULL,26,0,NULL,21,NULL,22,4,NULL,19,NULL,18,2,NULL,17,NULL,15,2,NULL,18,NULL,14,-1,NULL,17,NULL,15,1,NULL,11,NULL,NULL,14,6),"
Sauvignon Blanc,white wine,Boening Brothers,12,4,36,45,-5,,40,5,,34,6,,37,-3,,20,17,33,47,6,,43,4,,26,17,,4,22,70,62,12,,57,5,,49,8,,31,18,,22,9,,8,14,20,14,14,17,23,8,,15,8,,2,,0,13,16,11,,10,7,,0,,2,11,19,2,,3,17,,1,,1,1,,3,,3,-2,,2,,,4,1,"('Sauvignon Blanc','white wine','Boening Brothers',12,4,36,45,-5,NULL,40,5,NULL,34,6,NULL,37,-3,NULL,20,17,33,47,6,NULL,43,4,NULL,26,17,NULL,4,22,70,62,12,NULL,57,5,NULL,49,8,NULL,31,18,NULL,22,9,NULL,8,14,20,14,14,17,23,8,NULL,15,8,NULL,2,NULL,0,13,16,11,NULL,10,7,NULL,0,NULL,2,11,19,2,NULL,3,17,NULL,1,NULL,1,1,NULL,3,NULL,3,-2,NULL,2,NULL,NULL,4,1),"
Champagne,white wine,Manhatten,12,4,17,12,9,,16,-4,,47,-31,,50,-3,,47,3,,22,25,33,55,0,,23,32,34,29,28,85,101,13,,102,-1,,94,8,,87,7,,82,5,,74,8,,1,73,70,51,20,,49,2,,39,,41,10,,20,,19,19,,16,,20,4,,16,,15,0,,15,,14,1,,14,,14,1,16,12,,,14,18,"('Champagne','white wine','Manhatten',12,4,17,12,9,NULL,16,-4,NULL,47,-31,NULL,50,-3,NULL,47,3,NULL,22,25,33,55,0,NULL,23,32,34,29,28,85,101,13,NULL,102,-1,NULL,94,8,NULL,87,7,NULL,82,5,NULL,74,8,NULL,1,73,70,51,20,NULL,49,2,NULL,39,NULL,41,10,NULL,20,NULL,19,19,NULL,16,NULL,20,4,NULL,16,NULL,15,0,NULL,15,NULL,14,1,NULL,14,NULL,14,1,16,12,NULL,NULL,14,18),"
Cabernet Sauvignon,red wine,Boening Brothers,6,0,17,21,-4,,15,6,,18,-3,,13,5,11,15,9,,16,-1,,7,9,,7,0,12,9,10,16,25,0,,21,4,,18,3,,14,4,,13,1,,7,6,12,9,10,,8,1,,5,3,,4,,5,1,9,9,,8,4,,7,,8,2,,1,,1,6,,1,,4,0,,5,,5,-4,,1,,,0,4,"('Cabernet Sauvignon','red wine','Boening Brothers',6,0,17,21,-4,NULL,15,6,NULL,18,-3,NULL,13,5,11,15,9,NULL,16,-1,NULL,7,9,NULL,7,0,12,9,10,16,25,0,NULL,21,4,NULL,18,3,NULL,14,4,NULL,13,1,NULL,7,6,12,9,10,NULL,8,1,NULL,5,3,NULL,4,NULL,5,1,9,9,NULL,8,4,NULL,7,NULL,8,2,NULL,1,NULL,1,6,NULL,1,NULL,4,0,NULL,5,NULL,5,-4,NULL,1,NULL,NULL,0,4),"
Merlot,red wine,Boening Brothers,6,16,9,22,3,,18,4,,17,1,,17,0,,16,1,,15,1,,14,1,,13,1,12,18,7,12,19,11,,23,-4,,29,-6,,27,2,,27,0,,27,0,,25,2,,22,3,,26,-4,,22,,22,4,,23,,22,-1,,23,,21,0,,22,,23,1,,21,,22,1,,21,,21,0,,19,,,18,2,"('Merlot','red wine','Boening Brothers',6,16,9,22,3,NULL,18,4,NULL,17,1,NULL,17,0,NULL,16,1,NULL,15,1,NULL,14,1,NULL,13,1,12,18,7,12,19,11,NULL,23,-4,NULL,29,-6,NULL,27,2,NULL,27,0,NULL,27,0,NULL,25,2,NULL,22,3,NULL,26,-4,NULL,22,NULL,22,4,NULL,23,NULL,22,-1,NULL,23,NULL,21,0,NULL,22,NULL,23,1,NULL,21,NULL,22,1,NULL,21,NULL,21,0,NULL,19,NULL,NULL,18,2),"
Pinot Noir,red wine,Boening Brothers,6,1,17,27,-9,,22,5,,24,-2,,22,2,,25,-3,,21,4,,17,4,,20,-3,,11,9,20,26,5,,29,-3,,25,4,,29,-4,,27,2,,20,7,,20,0,,16,4,,18,-2,,12,,11,6,,10,,11,2,,7,,10,3,,8,,6,-1,,6,,9,2,,8,,8,-2,,5,,,3,3,"('Pinot Noir','red wine','Boening Brothers',6,1,17,27,-9,NULL,22,5,NULL,24,-2,NULL,22,2,NULL,25,-3,NULL,21,4,NULL,17,4,NULL,20,-3,NULL,11,9,20,26,5,NULL,29,-3,NULL,25,4,NULL,29,-4,NULL,27,2,NULL,20,7,NULL,20,0,NULL,16,4,NULL,18,-2,NULL,12,NULL,11,6,NULL,10,NULL,11,2,NULL,7,NULL,10,3,NULL,8,NULL,6,-1,NULL,6,NULL,9,2,NULL,8,NULL,8,-2,NULL,5,NULL,NULL,3,3),"
Island Time Pink Lemonade,frozen mix,Island Time,6,3,43,0,46,,26,-26,20,24,22,18,22,20,28,36,14,10,35,11,,18,17,17,19,16,17,19,17,45,37,27,,23,14,17,31,9,,18,13,11,22,7,10,21,11,10,21,10,11,15,17,9,19,5,10,18,,14,11,10,18,,19,10,,15,,17,3,,15,,18,0,,16,,18,-1,,16,,16,0,,18,,,15,-2,"('Island Time Pink Lemonade','frozen mix','Island Time',6,3,43,0,46,NULL,26,-26,20,24,22,18,22,20,28,36,14,10,35,11,NULL,18,17,17,19,16,17,19,17,45,37,27,NULL,23,14,17,31,9,NULL,18,13,11,22,7,10,21,11,10,21,10,11,15,17,9,19,5,10,18,NULL,14,11,10,18,NULL,19,10,NULL,15,NULL,17,3,NULL,15,NULL,18,0,NULL,16,NULL,18,-1,NULL,16,NULL,16,0,NULL,18,NULL,NULL,15,-2),"
Island Time Strawberry,frozen mix,Island Time,6,7,9,3,13,12,6,9,12,10,8,,9,1,,8,1,8,19,-3,,15,4,,15,0,,13,2,,14,-1,,12,2,,12,0,,8,4,,9,-1,,9,0,,8,1,,8,0,,3,5,,5,,7,-2,,5,,6,0,,3,,4,2,,3,,4,0,,6,,4,-3,,7,,5,-1,,4,,,7,3,"('Island Time Strawberry','frozen mix','Island Time',6,7,9,3,13,12,6,9,12,10,8,NULL,9,1,NULL,8,1,8,19,-3,NULL,15,4,NULL,15,0,NULL,13,2,NULL,14,-1,NULL,12,2,NULL,12,0,NULL,8,4,NULL,9,-1,NULL,9,0,NULL,8,1,NULL,8,0,NULL,3,5,NULL,5,NULL,7,-2,NULL,5,NULL,6,0,NULL,3,NULL,4,2,NULL,3,NULL,4,0,NULL,6,NULL,4,-3,NULL,7,NULL,5,-1,NULL,4,NULL,NULL,7,3),"
Island Time Pina,frozen mix,Island Time,6,2,42,33,11,,23,10,26,20,29,16,16,20,37,20,33,33,30,23,36,44,22,28,34,38,37,23,48,91,95,19,,64,31,8,47,25,,19,28,27,33,13,20,33,20,33,42,24,37,43,36,9,39,13,10,27,,26,22,9,30,,32,6,,29,,31,1,,24,,25,5,,23,,24,1,,23,,24,0,,23,,,22,0,"('Island Time Pina','frozen mix','Island Time',6,2,42,33,11,NULL,23,10,26,20,29,16,16,20,37,20,33,33,30,23,36,44,22,28,34,38,37,23,48,91,95,19,NULL,64,31,8,47,25,NULL,19,28,27,33,13,20,33,20,33,42,24,37,43,36,9,39,13,10,27,NULL,26,22,9,30,NULL,32,6,NULL,29,NULL,31,1,NULL,24,NULL,25,5,NULL,23,NULL,24,1,NULL,23,NULL,24,0,NULL,23,NULL,NULL,22,0),"
Island Time Marg,frozen mix,Island Time,6,2,44,37,9,,39,-2,,37,2,,33,4,,32,1,12,26,18,17,44,-1,,37,7,,33,4,10,37,6,,31,6,,28,3,,26,2,,21,5,,18,3,,16,2,,13,3,,16,-3,,9,,8,7,,10,,9,-1,,9,,8,1,,8,,9,1,,8,,9,0,,9,,11,-1,,10,,,10,-1,"('Island Time Marg','frozen mix','Island Time',6,2,44,37,9,NULL,39,-2,NULL,37,2,NULL,33,4,NULL,32,1,12,26,18,17,44,-1,NULL,37,7,NULL,33,4,10,37,6,NULL,31,6,NULL,28,3,NULL,26,2,NULL,21,5,NULL,18,3,NULL,16,2,NULL,13,3,NULL,16,-3,NULL,9,NULL,8,7,NULL,10,NULL,9,-1,NULL,9,NULL,8,1,NULL,8,NULL,9,1,NULL,8,NULL,9,0,NULL,9,NULL,11,-1,NULL,10,NULL,NULL,10,-1),"
Peach,frozen mix,Tropical Sensation,6,1,11,3,9,9,9,3,,7,2,,11,-4,,9,2,12,18,3,,14,4,,13,1,,15,-2,,16,-1,,12,4,,16,-4,,13,3,,14,-1,,15,-1,,13,2,,14,-1,,11,3,,11,,12,0,,12,,12,-1,,10,,14,2,,10,,14,0,,13,,10,-3,,12,,11,1,,10,,,14,2,"('Peach','frozen mix','Tropical Sensation',6,1,11,3,9,9,9,3,NULL,7,2,NULL,11,-4,NULL,9,2,12,18,3,NULL,14,4,NULL,13,1,NULL,15,-2,NULL,16,-1,NULL,12,4,NULL,16,-4,NULL,13,3,NULL,14,-1,NULL,15,-1,NULL,13,2,NULL,14,-1,NULL,11,3,NULL,11,NULL,12,0,NULL,12,NULL,12,-1,NULL,10,NULL,14,2,NULL,10,NULL,14,0,NULL,13,NULL,10,-3,NULL,12,NULL,11,1,NULL,10,NULL,NULL,14,2),"
Mango,frozen mix,Tropical Sensation,6,1,8,0,9,8,12,-4,,10,2,,10,0,,9,1,11,17,3,,16,1,,17,-1,,16,1,,12,4,,15,-3,,15,0,,11,4,,15,-4,,11,4,,10,1,,13,-3,,9,4,,9,,8,0,,9,,10,0,,8,,10,1,,8,,11,0,,12,,9,-4,,9,,11,3,,9,,,8,0,"('Mango','frozen mix','Tropical Sensation',6,1,8,0,9,8,12,-4,NULL,10,2,NULL,10,0,NULL,9,1,11,17,3,NULL,16,1,NULL,17,-1,NULL,16,1,NULL,12,4,NULL,15,-3,NULL,15,0,NULL,11,4,NULL,15,-4,NULL,11,4,NULL,10,1,NULL,13,-3,NULL,9,4,NULL,9,NULL,8,0,NULL,9,NULL,10,0,NULL,8,NULL,10,1,NULL,8,NULL,11,0,NULL,12,NULL,9,-4,NULL,9,NULL,11,3,NULL,9,NULL,NULL,8,0),"
Red Bull,redbull,Clare Rose,24,2,20,14,8,7,10,11,85,99,-4,,96,3,86,142,40,,123,19,,97,26,,73,24,,42,31,44,56,30,,28,28,29,33,24,17,21,29,23,20,24,14,29,5,10,28,11,10,21,17,17,19,19,18,5,,6,32,18,19,,22,4,,18,,18,1,,15,,16,3,,12,,14,3,,13,,15,-1,,13,,,15,0,"('Red Bull','redbull','Clare Rose',24,2,20,14,8,7,10,11,85,99,-4,NULL,96,3,86,142,40,NULL,123,19,NULL,97,26,NULL,73,24,NULL,42,31,44,56,30,NULL,28,28,29,33,24,17,21,29,23,20,24,14,29,5,10,28,11,10,21,17,17,19,19,18,5,NULL,6,32,18,19,NULL,22,4,NULL,18,NULL,18,1,NULL,15,NULL,16,3,NULL,12,NULL,14,3,NULL,13,NULL,15,-1,NULL,13,NULL,NULL,15,0),"
SF Red Bull,redbull,Clare Rose,24,4,10,3,11,7,8,2,85,94,-1,,91,3,,85,6,,76,9,,71,5,,61,10,,56,5,,41,15,,36,5,,27,9,,21,6,,17,4,,11,6,7,8,10,9,11,6,9,5,15,17,8,,6,14,,5,,5,3,,4,,4,1,4,9,,8,-1,,5,,8,4,,4,,7,1,,7,,,5,-3,"('SF Red Bull','redbull','Clare Rose',24,4,10,3,11,7,8,2,85,94,-1,NULL,91,3,NULL,85,6,NULL,76,9,NULL,71,5,NULL,61,10,NULL,56,5,NULL,41,15,NULL,36,5,NULL,27,9,NULL,21,6,NULL,17,4,NULL,11,6,7,8,10,9,11,6,9,5,15,17,8,NULL,6,14,NULL,5,NULL,5,3,NULL,4,NULL,4,1,4,9,NULL,8,-1,NULL,5,NULL,8,4,NULL,4,NULL,7,1,NULL,7,NULL,NULL,5,-3),"
Red Bull Coconut,redbull,Clare Rose,24,3,8,1,10,11,4,8,41,45,0,,43,2,42,78,7,,65,13,,51,14,,40,11,,27,13,,14,13,,8,6,21,19,10,16,25,10,,16,9,7,16,7,,20,-4,,8,12,9,8,9,8,7,,11,9,11,14,,13,4,,10,,14,4,,14,,10,-4,,11,,13,3,,14,,11,-3,,12,,,9,2,"('Red Bull Coconut','redbull','Clare Rose',24,3,8,1,10,11,4,8,41,45,0,NULL,43,2,42,78,7,NULL,65,13,NULL,51,14,NULL,40,11,NULL,27,13,NULL,14,13,NULL,8,6,21,19,10,16,25,10,NULL,16,9,7,16,7,NULL,20,-4,NULL,8,12,9,8,9,8,7,NULL,11,9,11,14,NULL,13,4,NULL,10,NULL,14,4,NULL,14,NULL,10,-4,NULL,11,NULL,13,3,NULL,14,NULL,11,-3,NULL,12,NULL,NULL,9,2),"
Red Bull Tropical,redbull,Clare Rose,24,3,5,6,2,1,5,2,44,45,4,,45,0,42,85,2,,80,5,,78,2,,75,3,,74,1,,70,4,,63,7,,59,4,,51,8,,47,4,,44,3,,42,2,,40,2,,37,3,,33,,30,4,,33,,32,0,,29,,29,4,,30,,29,-1,,30,,28,0,,30,,27,0,,31,,,31,-1,"('Red Bull Tropical','redbull','Clare Rose',24,3,5,6,2,1,5,2,44,45,4,NULL,45,0,42,85,2,NULL,80,5,NULL,78,2,NULL,75,3,NULL,74,1,NULL,70,4,NULL,63,7,NULL,59,4,NULL,51,8,NULL,47,4,NULL,44,3,NULL,42,2,NULL,40,2,NULL,37,3,NULL,33,NULL,30,4,NULL,33,NULL,32,0,NULL,29,NULL,29,4,NULL,30,NULL,29,-1,NULL,30,NULL,28,0,NULL,30,NULL,27,0,NULL,31,NULL,NULL,31,-1),"
Red Bull Watermelon,redbull,Clare Rose,24,4,6,2,8,3,4,1,42,45,1,,45,0,,44,1,,39,5,,39,0,,37,2,,36,1,,27,9,,29,-2,,26,3,,22,4,,22,0,,19,3,,21,-2,,18,3,,18,0,,15,,16,3,,12,,13,3,,13,,12,-1,,10,,10,3,,12,,10,-2,,14,,13,-2,,10,,,10,4,"('Red Bull Watermelon','redbull','Clare Rose',24,4,6,2,8,3,4,1,42,45,1,NULL,45,0,NULL,44,1,NULL,39,5,NULL,39,0,NULL,37,2,NULL,36,1,NULL,27,9,NULL,29,-2,NULL,26,3,NULL,22,4,NULL,22,0,NULL,19,3,NULL,21,-2,NULL,18,3,NULL,18,0,NULL,15,NULL,16,3,NULL,12,NULL,13,3,NULL,13,NULL,12,-1,NULL,10,NULL,10,3,NULL,12,NULL,10,-2,NULL,14,NULL,13,-2,NULL,10,NULL,NULL,10,4),"
Kona Big Wave,keg,Clare Rose,,3,11,11,3,2,4,9,3,5,2,,8,-3,,4,4,7,0,11,8,2,6,3,1,4,5,5,1,5,6,4,5,4,7,5,6,3,,5,1,5,5,5,5,8,2,,3,5,4,2,5,8,3,7,4,5,,4,2,4,1,,2,8,3,5,,7,-1,,3,,4,2,,4,,2,-1,,4,,1,0,,5,,,2,-1,"('Kona Big Wave','keg','Clare Rose',NULL,3,11,11,3,2,4,9,3,5,2,NULL,8,-3,NULL,4,4,7,0,11,8,2,6,3,1,4,5,5,1,5,6,4,5,4,7,5,6,3,NULL,5,1,5,5,5,5,8,2,NULL,3,5,4,2,5,8,3,7,4,5,NULL,4,2,4,1,NULL,2,8,3,5,NULL,7,-1,NULL,3,NULL,4,2,NULL,4,NULL,2,-1,NULL,4,NULL,1,0,NULL,5,NULL,NULL,2,-1),"
Bud Light Keg,keg,Clare Rose,,2,4,0,6,0,0,0,7,6,1,,5,1,,3,2,4,6,1,,5,1,,5,0,,3,2,5,7,1,,2,5,,0,2,,3,-3,3,0,6,2,1,1,,4,-3,,0,4,2,1,1,,2,,2,-1,6,6,,7,2,,6,,6,0,,3,,6,3,,3,,3,0,,5,,4,-2,,7,,,6,-2,"('Bud Light Keg','keg','Clare Rose',NULL,2,4,0,6,0,0,0,7,6,1,NULL,5,1,NULL,3,2,4,6,1,NULL,5,1,NULL,5,0,NULL,3,2,5,7,1,NULL,2,5,NULL,0,2,NULL,3,-3,3,0,6,2,1,1,NULL,4,-3,NULL,0,4,2,1,1,NULL,2,NULL,2,-1,6,6,NULL,7,2,NULL,6,NULL,6,0,NULL,3,NULL,6,3,NULL,3,NULL,3,0,NULL,5,NULL,4,-2,NULL,7,NULL,NULL,6,-2),"
Michelob Ultra Keg,keg,Clare Rose,,4,10,8,6,4,6,6,,7,-1,,7,0,2,7,2,,9,-2,,6,3,,3,3,5,7,1,4,7,4,,10,-3,,11,-1,,7,4,,6,1,,4,2,1,5,0,,3,2,2,3,2,,0,,1,3,,1,,4,-1,,7,,7,-6,,6,,6,1,,3,,6,3,,3,,3,0,,7,,,5,-4,"('Michelob Ultra Keg','keg','Clare Rose',NULL,4,10,8,6,4,6,6,NULL,7,-1,NULL,7,0,2,7,2,NULL,9,-2,NULL,6,3,NULL,3,3,5,7,1,4,7,4,NULL,10,-3,NULL,11,-1,NULL,7,4,NULL,6,1,NULL,4,2,1,5,0,NULL,3,2,2,3,2,NULL,0,NULL,1,3,NULL,1,NULL,4,-1,NULL,7,NULL,7,-6,NULL,6,NULL,6,1,NULL,3,NULL,6,3,NULL,3,NULL,3,0,NULL,7,NULL,NULL,5,-4),"
Pumpkin Beer,keg,Clare Rose,,,,,0,,,0,,,0,,,0,,,0,,,0,,,0,,,0,,,0,,,0,,,0,,,0,,,0,,,0,,,0,,,0,,,0,,,0,6,4,2,5,0,,5,3,8,-2,0,0,4,4,4,6,3,7,5,0,,2,1,2,7,5,5,4,8,-1,,0,6,,7,3.00,"('Pumpkin Beer','keg','Clare Rose',NULL,NULL,NULL,NULL,0,NULL,NULL,0,NULL,NULL,0,NULL,NULL,0,NULL,NULL,0,NULL,NULL,0,NULL,NULL,0,NULL,NULL,0,NULL,NULL,0,NULL,NULL,0,NULL,NULL,0,NULL,NULL,0,NULL,NULL,0,NULL,NULL,0,NULL,NULL,0,NULL,NULL,0,NULL,NULL,0,NULL,NULL,0,6,4,2,5,0,NULL,5,3,8,-2,0,0,4,4,4,6,3,7,5,0,NULL,2,1,2,7,5,5,4,8,-1,NULL,0,6,NULL,7,3),"
Michelob Ultra,beer,Clare Rose,,0,31,1,30,21,18,4,10,25,3,5,17,13,27,11,33,58,33,36,37,29,41,31,16,44,41,23,34,72,49,46,18,34,33,25,22,37,16,8,30,31,11,28,31,16,26,18,9,25,28,20,17,10,14,16,21,5,,3,30,22,18,,20,9,,9,,7,9,14,11,,13,12,,9,,12,2,,11,,8,-2,,8,,,9,3,"('Michelob Ultra','beer','Clare Rose',NULL,0,31,1,30,21,18,4,10,25,3,5,17,13,27,11,33,58,33,36,37,29,41,31,16,44,41,23,34,72,49,46,18,34,33,25,22,37,16,8,30,31,11,28,31,16,26,18,9,25,28,20,17,10,14,16,21,5,NULL,3,30,22,18,NULL,20,9,NULL,9,NULL,7,9,14,11,NULL,13,12,NULL,9,NULL,12,2,NULL,11,NULL,8,-2,NULL,8,NULL,NULL,9,3),"
Budweiser,beer,Clare Rose,,5,31,23,13,0,24,-1,,21,3,,18,3,0,14,4,18,27,5,,26,1,,18,8,,11,7,21,32,0,,24,8,,24,0,,16,8,,11,5,14,20,5,,14,6,,15,-1,,8,7,3,6,,7,5,,6,,6,0,4,7,,6,3,4,5,,8,6,,6,,8,-1,,6,,5,0,,4,,,8,2,"('Budweiser','beer','Clare Rose',NULL,5,31,23,13,0,24,-1,NULL,21,3,NULL,18,3,0,14,4,18,27,5,NULL,26,1,NULL,18,8,NULL,11,7,21,32,0,NULL,24,8,NULL,24,0,NULL,16,8,NULL,11,5,14,20,5,NULL,14,6,NULL,15,-1,NULL,8,7,3,6,NULL,7,5,NULL,6,NULL,6,0,4,7,NULL,6,3,4,5,NULL,8,6,NULL,6,NULL,8,-1,NULL,6,NULL,5,0,NULL,4,NULL,NULL,8,2),"
Bud Light,beer,Clare Rose,,16,72,59,29,2,59,2,,53,6,,49,4,,33,16,16,36,13,18,33,21,,24,9,16,13,27,43,46,10,,30,16,17,29,18,,19,10,,8,11,18,17,9,,12,5,5,9,8,18,17,10,4,7,,9,14,,5,,4,2,6,7,,4,4,6,8,,11,5,,9,,8,-1,,10,,11,-1,,8,,,9,2,"('Bud Light','beer','Clare Rose',NULL,16,72,59,29,2,59,2,NULL,53,6,NULL,49,4,NULL,33,16,16,36,13,18,33,21,NULL,24,9,16,13,27,43,46,10,NULL,30,16,17,29,18,NULL,19,10,NULL,8,11,18,17,9,NULL,12,5,5,9,8,18,17,10,4,7,NULL,9,14,NULL,5,NULL,4,2,6,7,NULL,4,4,6,8,NULL,11,5,NULL,9,NULL,8,-1,NULL,10,NULL,11,-1,NULL,8,NULL,NULL,9,2),"
Blue Point Toasted ,beer,Clare Rose,,1,15,10,6,8,14,4,,14,0,9,20,3,8,22,6,17,31,8,17,41,7,4,34,11,,28,6,31,56,3,,48,8,,46,2,,40,6,,37,3,,32,5,,32,0,,26,6,,22,4,,12,,15,10,,14,,11,-2,,9,,9,5,,11,,9,-2,,8,,10,3,,8,,10,0,,8,,,7,0,"('Blue Point Toasted ','beer','Clare Rose',NULL,1,15,10,6,8,14,4,NULL,14,0,9,20,3,8,22,6,17,31,8,17,41,7,4,34,11,NULL,28,6,31,56,3,NULL,48,8,NULL,46,2,NULL,40,6,NULL,37,3,NULL,32,5,NULL,32,0,NULL,26,6,NULL,22,4,NULL,12,NULL,15,10,NULL,14,NULL,11,-2,NULL,9,NULL,9,5,NULL,11,NULL,9,-2,NULL,8,NULL,10,3,NULL,8,NULL,10,0,NULL,8,NULL,NULL,7,0),"
Blue Point Summer,beer,Clare Rose,,4,17,10,11,7,16,1,,14,2,11,22,3,11,21,12,14,31,4,16,40,7,,37,3,,24,13,41,57,8,,50,7,,48,2,,40,8,,36,4,,29,7,,23,6,,18,5,,18,0,,7,,7,11,,6,,3,1,,6,,5,0,,0,,1,6,,3,,3,-3,,3,,2,0,,4,,,1,-1,"('Blue Point Summer','beer','Clare Rose',NULL,4,17,10,11,7,16,1,NULL,14,2,11,22,3,11,21,12,14,31,4,16,40,7,NULL,37,3,NULL,24,13,41,57,8,NULL,50,7,NULL,48,2,NULL,40,8,NULL,36,4,NULL,29,7,NULL,23,6,NULL,18,5,NULL,18,0,NULL,7,NULL,7,11,NULL,6,NULL,3,1,NULL,6,NULL,5,0,NULL,0,NULL,1,6,NULL,3,NULL,3,-3,NULL,3,NULL,2,0,NULL,4,NULL,NULL,1,-1),"
Heinekein,beer,Clare Rose,,9,22,2,29,17,16,3,,12,4,15,11,16,19,1,29,49,28,22,49,50,27,,34,16,16,35,15,41,64,12,,53,11,,38,15,,20,18,15,16,19,19,26,9,,10,16,17,14,13,10,7,17,21,12,,14,16,,9,,5,3,7,4,,5,12,14,15,,13,3,,14,,13,1,,10,,12,4,,12,,,13,-2,"('Heinekein','beer','Clare Rose',NULL,9,22,2,29,17,16,3,NULL,12,4,15,11,16,19,1,29,49,28,22,49,50,27,NULL,34,16,16,35,15,41,64,12,NULL,53,11,NULL,38,15,NULL,20,18,15,16,19,19,26,9,NULL,10,16,17,14,13,10,7,17,21,12,NULL,14,16,NULL,9,NULL,5,3,7,4,NULL,5,12,14,15,NULL,13,3,NULL,14,NULL,13,1,NULL,10,NULL,12,4,NULL,12,NULL,NULL,13,-2),"
Heinekein Silver,beer,Clare Rose,,7,15,5,17,8,14,-1,,10,4,8,16,2,12,14,14,27,37,4,14,40,11,,25,15,16,35,6,,27,8,,27,0,,27,0,,17,10,11,23,5,,19,4,,5,14,10,10,5,,8,2,16,12,,9,12,,5,,4,7,4,8,,8,1,4,10,,9,2,,7,,9,3,,7,,7,0,,8,,,8,-1,"('Heinekein Silver','beer','Clare Rose',NULL,7,15,5,17,8,14,-1,NULL,10,4,8,16,2,12,14,14,27,37,4,14,40,11,NULL,25,15,16,35,6,NULL,27,8,NULL,27,0,NULL,27,0,NULL,17,10,11,23,5,NULL,19,4,NULL,5,14,10,10,5,NULL,8,2,16,12,NULL,9,12,NULL,5,NULL,4,7,4,8,NULL,8,1,4,10,NULL,9,2,NULL,7,NULL,9,3,NULL,7,NULL,7,0,NULL,8,NULL,NULL,8,-1),"
Corona,beer,Manhatten,,4,73,2,75,41,31,12,,89,-58,20,76,33,206,161,121,,87,74,70,70,87,73,58,85,240,204,94,107,214,97,,109,105,70,125,54,55,106,74,35,77,64,36,64,49,28,55,37,29,48,36,96,32,112,,33,,31,-1,,28,,28,5,,13,,16,15,25,24,,25,14,,24,,21,0,,20,,23,4,,17,,,19,3,"('Corona','beer','Manhatten',NULL,4,73,2,75,41,31,12,NULL,89,-58,20,76,33,206,161,121,NULL,87,74,70,70,87,73,58,85,240,204,94,107,214,97,NULL,109,105,70,125,54,55,106,74,35,77,64,36,64,49,28,55,37,29,48,36,96,32,112,NULL,33,NULL,31,-1,NULL,28,NULL,28,5,NULL,13,NULL,16,15,25,24,NULL,25,14,NULL,24,NULL,21,0,NULL,20,NULL,23,4,NULL,17,NULL,NULL,19,3),"
Corona Light,beer,Manhatten,,4,37,8,33,24,27,5,,61,-34,11,60,12,93,146,7,,80,66,71,136,15,,115,21,30,118,27,49,130,37,,110,20,,92,18,,79,13,,55,24,,47,8,,37,10,,24,13,25,27,22,,12,,14,15,9,13,,16,8,,4,,4,9,10,12,,8,2,,8,,8,4,,5,,8,3,,8,,,6,-3,"('Corona Light','beer','Manhatten',NULL,4,37,8,33,24,27,5,NULL,61,-34,11,60,12,93,146,7,NULL,80,66,71,136,15,NULL,115,21,30,118,27,49,130,37,NULL,110,20,NULL,92,18,NULL,79,13,NULL,55,24,NULL,47,8,NULL,37,10,NULL,24,13,25,27,22,NULL,12,NULL,14,15,9,13,NULL,16,8,NULL,4,NULL,4,9,10,12,NULL,8,2,NULL,8,NULL,8,4,NULL,5,NULL,8,3,NULL,8,NULL,NULL,6,-3),"
Modelo,beer,Manhatten,,5,17,9,13,9,15,3,,14,1,,13,1,4,8,9,16,9,15,15,13,11,7,18,2,12,21,9,15,27,9,,14,13,11,16,9,,14,2,,9,5,9,8,10,,5,3,9,7,7,11,12,6,,6,,5,6,,2,,2,4,,1,,4,1,7,3,,3,5,,4,,6,-1,,4,,6,0,,2,,,6,2,"('Modelo','beer','Manhatten',NULL,5,17,9,13,9,15,3,NULL,14,1,NULL,13,1,4,8,9,16,9,15,15,13,11,7,18,2,12,21,9,15,27,9,NULL,14,13,11,16,9,NULL,14,2,NULL,9,5,9,8,10,NULL,5,3,9,7,7,11,12,6,NULL,6,NULL,5,6,NULL,2,NULL,2,4,NULL,1,NULL,4,1,7,3,NULL,3,5,NULL,4,NULL,6,-1,NULL,4,NULL,6,0,NULL,2,NULL,NULL,6,2),"
Miller Lite,beer,Boening,,4,30,12,22,18,24,6,8,25,7,4,22,7,7,19,10,22,21,20,16,19,18,18,18,19,14,15,17,44,42,17,,28,14,18,23,23,15,23,15,11,18,16,14,25,7,9,17,17,16,15,18,10,14,11,11,10,,9,15,15,15,,18,10,,9,,7,6,9,11,,12,7,,12,,11,-1,,12,,11,0,,11,,,13,1,"('Miller Lite','beer','Boening',NULL,4,30,12,22,18,24,6,8,25,7,4,22,7,7,19,10,22,21,20,16,19,18,18,18,19,14,15,17,44,42,17,NULL,28,14,18,23,23,15,23,15,11,18,16,14,25,7,9,17,17,16,15,18,10,14,11,11,10,NULL,9,15,15,15,NULL,18,10,NULL,9,NULL,7,6,9,11,NULL,12,7,NULL,12,NULL,11,-1,NULL,12,NULL,11,0,NULL,11,NULL,NULL,13,1),"
Montauk Summer,beer,Boening,,5,14,18,1,3,19,2,,15,4,7,20,2,10,25,5,15,34,6,,32,2,,31,1,,27,4,8,26,9,,24,2,,24,0,,22,2,,22,0,,21,1,,17,4,,12,5,,12,0,6,10,,11,8,,9,,12,1,,11,,7,-2,,8,,6,3,,7,,9,1,,9,,6,-2,,8,,,8,1,"('Montauk Summer','beer','Boening',NULL,5,14,18,1,3,19,2,NULL,15,4,7,20,2,10,25,5,15,34,6,NULL,32,2,NULL,31,1,NULL,27,4,8,26,9,NULL,24,2,NULL,24,0,NULL,22,2,NULL,22,0,NULL,21,1,NULL,17,4,NULL,12,5,NULL,12,0,6,10,NULL,11,8,NULL,9,NULL,12,1,NULL,11,NULL,7,-2,NULL,8,NULL,6,3,NULL,7,NULL,9,1,NULL,9,NULL,6,-2,NULL,8,NULL,NULL,8,1),"
Montauk Wave Chaser IPA,beer,Boening,,1,15,11,5,11,16,6,,15,1,10,14,11,15,18,11,25,26,17,11,20,17,17,20,17,18,33,5,27,45,15,,37,8,,30,7,,19,11,,11,8,15,13,13,17,21,9,,13,8,11,11,13,10,3,,1,18,18,11,,11,10,,5,,4,6,11,10,,12,6,,11,,10,-1,,12,,12,-1,,10,,,8,2,"('Montauk Wave Chaser IPA','beer','Boening',NULL,1,15,11,5,11,16,6,NULL,15,1,10,14,11,15,18,11,25,26,17,11,20,17,17,20,17,18,33,5,27,45,15,NULL,37,8,NULL,30,7,NULL,19,11,NULL,11,8,15,13,13,17,21,9,NULL,13,8,11,11,13,10,3,NULL,1,18,18,11,NULL,11,10,NULL,5,NULL,4,6,11,10,NULL,12,6,NULL,11,NULL,10,-1,NULL,12,NULL,12,-1,NULL,10,NULL,NULL,8,2),"
Bud Zero,beer,Clare Rose,,3,7,0,10,8,8,0,,11,-3,,7,4,,4,3,14,8,10,9,12,5,,9,3,,9,0,9,14,4,,10,4,,11,-1,,4,7,8,5,7,9,6,8,4,11,-1,,6,5,,7,-1,3,5,,5,5,,7,,7,-2,3,4,,4,6,,3,,7,1,,6,,3,-3,,5,,4,1,,2,,,2,3,"('Bud Zero','beer','Clare Rose',NULL,3,7,0,10,8,8,0,NULL,11,-3,NULL,7,4,NULL,4,3,14,8,10,9,12,5,NULL,9,3,NULL,9,0,9,14,4,NULL,10,4,NULL,11,-1,NULL,4,7,8,5,7,9,6,8,4,11,-1,NULL,6,5,NULL,7,-1,3,5,NULL,5,5,NULL,7,NULL,7,-2,3,4,NULL,4,6,NULL,3,NULL,7,1,NULL,6,NULL,3,-3,NULL,5,NULL,4,1,NULL,2,NULL,NULL,2,3),"
Nutrl Pineapple,seltzer,Clare Rose,,2,30,14,18,19,25,8,16,40,1,17,48,9,13,43,18,27,53,17,,38,15,23,38,23,25,34,29,65,81,18,,57,24,16,57,16,,44,13,,37,7,,26,11,8,25,9,,17,8,9,14,12,11,18,,18,7,,15,,15,3,,12,,16,3,,10,,11,2,,9,,11,1,,11,,11,-2,,11,,,12,0,"('Nutrl Pineapple','seltzer','Clare Rose',NULL,2,30,14,18,19,25,8,16,40,1,17,48,9,13,43,18,27,53,17,NULL,38,15,23,38,23,25,34,29,65,81,18,NULL,57,24,16,57,16,NULL,44,13,NULL,37,7,NULL,26,11,8,25,9,NULL,17,8,9,14,12,11,18,NULL,18,7,NULL,15,NULL,15,3,NULL,12,NULL,16,3,NULL,10,NULL,11,2,NULL,9,NULL,11,1,NULL,11,NULL,11,-2,NULL,11,NULL,NULL,12,0),"
Nutrl Watermelon,seltzer,Clare Rose,,3,28,11,20,20,25,6,23,42,6,18,47,13,11,24,34,48,53,19,,28,25,28,31,25,29,30,30,71,70,31,,57,13,17,53,21,,40,13,,19,21,15,19,15,12,19,12,,9,10,12,9,12,19,14,,13,14,,9,,11,5,,9,,5,0,,3,,7,6,,4,,4,-1,,3,,1,1,,2,,,1,1,"('Nutrl Watermelon','seltzer','Clare Rose',NULL,3,28,11,20,20,25,6,23,42,6,18,47,13,11,24,34,48,53,19,NULL,28,25,28,31,25,29,30,30,71,70,31,NULL,57,13,17,53,21,NULL,40,13,NULL,19,21,15,19,15,12,19,12,NULL,9,10,12,9,12,19,14,NULL,13,14,NULL,9,NULL,11,5,NULL,9,NULL,5,0,NULL,3,NULL,7,6,NULL,4,NULL,4,-1,NULL,3,NULL,1,1,NULL,2,NULL,NULL,1,1),"
Highnoon Pineapple,seltzer,Empire,,0,69,34,35,3,24,13,38,44,18,30,43,31,66,16,93,137,89,64,71,105,55,45,96,54,59,89,66,124,150,63,,104,46,73,129,48,,87,42,69,119,37,,102,17,,90,12,,61,29,,36,25,,27,,28,9,,25,,23,2,,22,,22,3,,22,,19,0,,17,,16,5,,17,,18,0,,15,,,16,2,"('Highnoon Pineapple','seltzer','Empire',NULL,0,69,34,35,3,24,13,38,44,18,30,43,31,66,16,93,137,89,64,71,105,55,45,96,54,59,89,66,124,150,63,NULL,104,46,73,129,48,NULL,87,42,69,119,37,NULL,102,17,NULL,90,12,NULL,61,29,NULL,36,25,NULL,27,NULL,28,9,NULL,25,NULL,23,2,NULL,22,NULL,22,3,NULL,22,NULL,19,0,NULL,17,NULL,16,5,NULL,17,NULL,18,0,NULL,15,NULL,NULL,16,2),"
Highnoon Peach,seltzer,Empire,,4,72,29,47,4,19,14,37,60,-4,14,37,37,70,5,102,141,85,61,71,105,51,43,84,64,59,81,62,140,156,65,,103,53,69,125,47,,87,38,69,115,41,,97,18,,92,5,,58,34,,34,24,,29,,28,5,,20,,22,9,,18,,20,2,,18,,19,0,,13,,15,5,,16,,16,-3,,13,,,12,3,"('Highnoon Peach','seltzer','Empire',NULL,4,72,29,47,4,19,14,37,60,-4,14,37,37,70,5,102,141,85,61,71,105,51,43,84,64,59,81,62,140,156,65,NULL,103,53,69,125,47,NULL,87,38,69,115,41,NULL,97,18,NULL,92,5,NULL,58,34,NULL,34,24,NULL,29,NULL,28,5,NULL,20,NULL,22,9,NULL,18,NULL,20,2,NULL,18,NULL,19,0,NULL,13,NULL,15,5,NULL,16,NULL,16,-3,NULL,13,NULL,NULL,12,3),"
Surf Side,seltzer,Manhatten ,,0,14,2,12,18,11,9,,19,-8,15,22,12,73,57,38,,8,49,82,18,72,70,20,68,82,5,97,301,187,119,,90,97,58,53,95,84,52,85,72,23,101,91,45,69,73,70,48,34,19,85,83,29,73,124,54,,56,99,58,58,,58,54,,44,,45,14,,23,,23,21,,15,,12,8,,13,,15,2,,7,,,10,6,"('Surf Side','seltzer','Manhatten ',NULL,0,14,2,12,18,11,9,NULL,19,-8,15,22,12,73,57,38,NULL,8,49,82,18,72,70,20,68,82,5,97,301,187,119,NULL,90,97,58,53,95,84,52,85,72,23,101,91,45,69,73,70,48,34,19,85,83,29,73,124,54,NULL,56,99,58,58,NULL,58,54,NULL,44,NULL,45,14,NULL,23,NULL,23,21,NULL,15,NULL,12,8,NULL,13,NULL,15,2,NULL,7,NULL,NULL,10,6),"
Happy Dad,seltzer,Boening,,2,18,8,12,0,7,1,8,12,3,3,10,5,14,14,10,,13,1,,11,2,,5,6,,3,2,,4,-1,,2,2,7,3,6,,4,-1,,1,3,,3,-2,,0,3,,0,0,,0,0,,3,,4,-3,,3,,3,0,,4,,4,-1,,3,,2,1,,2,,4,1,,1,,3,1,,0,,,4,1,"('Happy Dad','seltzer','Boening',NULL,2,18,8,12,0,7,1,8,12,3,3,10,5,14,14,10,NULL,13,1,NULL,11,2,NULL,5,6,NULL,3,2,NULL,4,-1,NULL,2,2,7,3,6,NULL,4,-1,NULL,1,3,NULL,3,-2,NULL,0,3,NULL,0,0,NULL,0,0,NULL,3,NULL,4,-3,NULL,3,NULL,3,0,NULL,4,NULL,4,-1,NULL,3,NULL,2,1,NULL,2,NULL,4,1,NULL,1,NULL,3,1,NULL,0,NULL,NULL,4,1),"
Happy Dad Tea,seltzer,Boening,,4,9,3,10,0,6,-3,11,9,8,,9,0,,1,8,14,16,-1,,16,0,10,20,6,,18,2,5,15,8,,11,4,8,12,7,,12,0,,11,1,,10,1,,10,0,,9,1,,2,7,8,2,,3,8,3,4,,8,1,,5,,5,-1,,5,,3,0,,4,,2,1,,1,,4,3,,3,,,1,-2,"('Happy Dad Tea','seltzer','Boening',NULL,4,9,3,10,0,6,-3,11,9,8,NULL,9,0,NULL,1,8,14,16,-1,NULL,16,0,10,20,6,NULL,18,2,5,15,8,NULL,11,4,8,12,7,NULL,12,0,NULL,11,1,NULL,10,1,NULL,10,0,NULL,9,1,NULL,2,7,8,2,NULL,3,8,3,4,NULL,8,1,NULL,5,NULL,5,-1,NULL,5,NULL,3,0,NULL,4,NULL,2,1,NULL,1,NULL,4,3,NULL,3,NULL,NULL,1,-2),"
Happy Dad Grape ,seltzer,Boening,,,,,0,,,0,,,0,7,8,-1,9,1,16,27,25,3,,20,5,25,31,14,,26,5,17,33,10,,31,2,17,24,24,,22,2,,15,7,,14,1,,16,-2,,11,5,,6,5,9,14,,10,1,,10,,10,4,,8,,8,2,,9,,7,-1,,7,,6,2,,6,,5,1,,7,,,7,-1,"('Happy Dad Grape ','seltzer','Boening',NULL,NULL,NULL,NULL,0,NULL,NULL,0,NULL,NULL,0,7,8,-1,9,1,16,27,25,3,NULL,20,5,25,31,14,NULL,26,5,17,33,10,NULL,31,2,17,24,24,NULL,22,2,NULL,15,7,NULL,14,1,NULL,16,-2,NULL,11,5,NULL,6,5,9,14,NULL,10,1,NULL,10,NULL,10,4,NULL,8,NULL,8,2,NULL,9,NULL,7,-1,NULL,7,NULL,6,2,NULL,6,NULL,5,1,NULL,7,NULL,NULL,7,-1),"
White Claw,seltzer,Manhatten,,1,17,11,7,7,14,4,,12,2,9,18,3,24,23,19,,13,10,24,23,14,11,22,12,9,20,11,23,27,16,,12,15,14,21,5,,13,8,,7,6,17,16,8,,11,5,,7,4,23,12,18,,9,,11,3,11,14,,12,6,,13,,14,1,,9,,10,4,,11,,10,-2,,8,,11,3,,11,,,8,-3,"('White Claw','seltzer','Manhatten',NULL,1,17,11,7,7,14,4,NULL,12,2,9,18,3,24,23,19,NULL,13,10,24,23,14,11,22,12,9,20,11,23,27,16,NULL,12,15,14,21,5,NULL,13,8,NULL,7,6,17,16,8,NULL,11,5,NULL,7,4,23,12,18,NULL,9,NULL,11,3,11,14,NULL,12,6,NULL,13,NULL,14,1,NULL,9,NULL,10,4,NULL,11,NULL,10,-2,NULL,8,NULL,11,3,NULL,11,NULL,NULL,8,-3),"
Bud Light Seltzer,seltzer,Manhatten,,,,,,8,9,-1,,10,-1,,9,1,,2,7,24,21,5,,22,-1,,20,2,,17,3,10,23,4,,21,2,,18,3,,17,1,,13,4,,13,0,,11,2,,9,2,,11,-2,,12,,13,-1,,8,,12,4,,9,,7,-1,,9,,9,0,,8,,5,1,,5,,5,3,,9,,,6,-4,"('Bud Light Seltzer','seltzer','Manhatten',NULL,NULL,NULL,NULL,NULL,8,9,-1,NULL,10,-1,NULL,9,1,NULL,2,7,24,21,5,NULL,22,-1,NULL,20,2,NULL,17,3,10,23,4,NULL,21,2,NULL,18,3,NULL,17,1,NULL,13,4,NULL,13,0,NULL,11,2,NULL,9,2,NULL,11,-2,NULL,12,NULL,13,-1,NULL,8,NULL,12,4,NULL,9,NULL,7,-1,NULL,9,NULL,9,0,NULL,8,NULL,5,1,NULL,5,NULL,5,3,NULL,9,NULL,NULL,6,-4),"
Corona Premier,beer,Manhatten,,,,4,0,6,4,6,,7,-3,,5,2,,5,0,16,5,16,18,14,9,,13,1,,8,5,7,6,9,,0,6,9,7,2,,5,2,8,9,4,,5,4,,4,1,,3,1,16,8,11,,10,,11,-2,,9,,9,1,,7,,8,2,,6,,9,1,,7,,8,-1,,7,,9,0,,9,,,8,-2,"('Corona Premier','beer','Manhatten',NULL,NULL,NULL,4,0,6,4,6,NULL,7,-3,NULL,5,2,NULL,5,0,16,5,16,18,14,9,NULL,13,1,NULL,8,5,7,6,9,NULL,0,6,9,7,2,NULL,5,2,8,9,4,NULL,5,4,NULL,4,1,NULL,3,1,16,8,11,NULL,10,NULL,11,-2,NULL,9,NULL,9,1,NULL,7,NULL,8,2,NULL,6,NULL,9,1,NULL,7,NULL,8,-1,NULL,7,NULL,9,0,NULL,9,NULL,NULL,8,-2);"
,,,,,,,,,,,,,,,,,,,,,,,,,,,,,,,,,,,,,,,,,,,,,,,,,,,,,,,,,,,,,,,,,,,,,,,,,,,,,,,,,,,,,,,,,,,,,,,
,,,,,,,,,,,,,,,,,,,,,,,,,,,,,,,,,,,,,,,,,,,,,,,,,,,,,,,,,,,,,,,,,,,,,,,,,,,,,,,,,,,,,,,,,,,,,,,
,,,,,,,,,,,,,,,,,,,,,,,,,,,,,,,,,,,,,,,,,,,,,,,,,,,,,,,,,,,,,,,,,,,,,,,,,,,,,,,,,,,,,,,,,,,,,,,
SCALE FACTOR,1.37,,,,,,,,,,,,,,,,,,,,,,,,,,,,,,,,,,,,,,,,,,,,,,,,,,,,,,,,,,,,,,,,,,,,,,,,,,,,,,,,,,,,,,,,,,,,,,